/home/dongpeijie/miniconda3/envs/billm/lib/python3.9/site-packages/transformers/utils/generic.py:441: FutureWarning: `torch.utils._pytree._register_pytree_node` is deprecated. Please use `torch.utils._pytree.register_pytree_node` instead.
  _torch_pytree._register_pytree_node(
/home/dongpeijie/miniconda3/envs/billm/lib/python3.9/site-packages/torch/cuda/__init__.py:734: UserWarning: Can't initialize NVML
  warnings.warn("Can't initialize NVML")
/home/dongpeijie/miniconda3/envs/billm/lib/python3.9/site-packages/transformers/utils/generic.py:309: FutureWarning: `torch.utils._pytree._register_pytree_node` is deprecated. Please use `torch.utils._pytree.register_pytree_node` instead.
  _torch_pytree._register_pytree_node(
/home/dongpeijie/miniconda3/envs/billm/lib/python3.9/site-packages/transformers/utils/generic.py:309: FutureWarning: `torch.utils._pytree._register_pytree_node` is deprecated. Please use `torch.utils._pytree.register_pytree_node` instead.
  _torch_pytree._register_pytree_node(
/home/dongpeijie/miniconda3/envs/billm/lib/python3.9/site-packages/torch/cuda/__init__.py:734: UserWarning: Can't initialize NVML
  warnings.warn("Can't initialize NVML")
CUDA extension not installed.
torch 2.6.0
transformers 4.35.0
accelerate 0.29.2
# of gpus:  1
Loading checkpoint shards:   0%|          | 0/2 [00:00<?, ?it/s]Loading checkpoint shards:  50%|█████     | 1/2 [00:01<00:01,  1.78s/it]Loading checkpoint shards: 100%|██████████| 2/2 [00:02<00:00,  1.11s/it]Loading checkpoint shards: 100%|██████████| 2/2 [00:02<00:00,  1.21s/it]
Available CUDA devices: 1
pruning starts
loading calibdation data
dataset loading complete
pruning layer 0 name self_attn.q_proj
pruning layer 0 name self_attn.k_proj
pruning layer 0 name self_attn.v_proj
pruning layer 0 name self_attn.o_proj
pruning layer 0 name mlp.gate_proj
pruning layer 0 name mlp.up_proj
pruning layer 0 name mlp.down_proj
layer outlier ratio 6.0 0.4209790205090775
pruning layer 1 name self_attn.q_proj
pruning layer 1 name self_attn.k_proj
pruning layer 1 name self_attn.v_proj
pruning layer 1 name self_attn.o_proj
pruning layer 1 name mlp.gate_proj
pruning layer 1 name mlp.up_proj
pruning layer 1 name mlp.down_proj
layer outlier ratio 6.0 0.40479818156346137
pruning layer 2 name self_attn.q_proj
pruning layer 2 name self_attn.k_proj
pruning layer 2 name self_attn.v_proj
pruning layer 2 name self_attn.o_proj
pruning layer 2 name mlp.gate_proj
pruning layer 2 name mlp.up_proj
pruning layer 2 name mlp.down_proj
layer outlier ratio 6.0 0.30860456160313104
pruning layer 3 name self_attn.q_proj
pruning layer 3 name self_attn.k_proj
pruning layer 3 name self_attn.v_proj
pruning layer 3 name self_attn.o_proj
pruning layer 3 name mlp.gate_proj
pruning layer 3 name mlp.up_proj
pruning layer 3 name mlp.down_proj
layer outlier ratio 6.0 0.3875035696079076
pruning layer 4 name self_attn.q_proj
pruning layer 4 name self_attn.k_proj
pruning layer 4 name self_attn.v_proj
pruning layer 4 name self_attn.o_proj
pruning layer 4 name mlp.gate_proj
pruning layer 4 name mlp.up_proj
pruning layer 4 name mlp.down_proj
layer outlier ratio 6.0 0.2518391979790722
pruning layer 5 name self_attn.q_proj
pruning layer 5 name self_attn.k_proj
pruning layer 5 name self_attn.v_proj
pruning layer 5 name self_attn.o_proj
pruning layer 5 name mlp.gate_proj
pruning layer 5 name mlp.up_proj
pruning layer 5 name mlp.down_proj
layer outlier ratio 6.0 0.21269062022471058
pruning layer 6 name self_attn.q_proj
pruning layer 6 name self_attn.k_proj
pruning layer 6 name self_attn.v_proj
pruning layer 6 name self_attn.o_proj
pruning layer 6 name mlp.gate_proj
pruning layer 6 name mlp.up_proj
pruning layer 6 name mlp.down_proj
layer outlier ratio 6.0 0.2656249802347292
pruning layer 7 name self_attn.q_proj
pruning layer 7 name self_attn.k_proj
pruning layer 7 name self_attn.v_proj
pruning layer 7 name self_attn.o_proj
pruning layer 7 name mlp.gate_proj
pruning layer 7 name mlp.up_proj
pruning layer 7 name mlp.down_proj
layer outlier ratio 6.0 0.24487045762452436
pruning layer 8 name self_attn.q_proj
pruning layer 8 name self_attn.k_proj
pruning layer 8 name self_attn.v_proj
pruning layer 8 name self_attn.o_proj
pruning layer 8 name mlp.gate_proj
pruning layer 8 name mlp.up_proj
pruning layer 8 name mlp.down_proj
layer outlier ratio 6.0 0.2065233616013601
pruning layer 9 name self_attn.q_proj
pruning layer 9 name self_attn.k_proj
pruning layer 9 name self_attn.v_proj
pruning layer 9 name self_attn.o_proj
pruning layer 9 name mlp.gate_proj
pruning layer 9 name mlp.up_proj
pruning layer 9 name mlp.down_proj
layer outlier ratio 6.0 0.18616167374843143
pruning layer 10 name self_attn.q_proj
pruning layer 10 name self_attn.k_proj
pruning layer 10 name self_attn.v_proj
pruning layer 10 name self_attn.o_proj
pruning layer 10 name mlp.gate_proj
pruning layer 10 name mlp.up_proj
pruning layer 10 name mlp.down_proj
layer outlier ratio 6.0 0.17812165571617955
pruning layer 11 name self_attn.q_proj
pruning layer 11 name self_attn.k_proj
pruning layer 11 name self_attn.v_proj
pruning layer 11 name self_attn.o_proj
pruning layer 11 name mlp.gate_proj
pruning layer 11 name mlp.up_proj
pruning layer 11 name mlp.down_proj
layer outlier ratio 6.0 0.2158985236765807
pruning layer 12 name self_attn.q_proj
pruning layer 12 name self_attn.k_proj
pruning layer 12 name self_attn.v_proj
pruning layer 12 name self_attn.o_proj
pruning layer 12 name mlp.gate_proj
pruning layer 12 name mlp.up_proj
pruning layer 12 name mlp.down_proj
layer outlier ratio 6.0 0.18172140566178552
pruning layer 13 name self_attn.q_proj
pruning layer 13 name self_attn.k_proj
pruning layer 13 name self_attn.v_proj
pruning layer 13 name self_attn.o_proj
pruning layer 13 name mlp.gate_proj
pruning layer 13 name mlp.up_proj
pruning layer 13 name mlp.down_proj
layer outlier ratio 6.0 0.17278453846669567
pruning layer 14 name self_attn.q_proj
pruning layer 14 name self_attn.k_proj
pruning layer 14 name self_attn.v_proj
pruning layer 14 name self_attn.o_proj
pruning layer 14 name mlp.gate_proj
pruning layer 14 name mlp.up_proj
pruning layer 14 name mlp.down_proj
layer outlier ratio 6.0 0.16096737718335088
pruning layer 15 name self_attn.q_proj
pruning layer 15 name self_attn.k_proj
pruning layer 15 name self_attn.v_proj
pruning layer 15 name self_attn.o_proj
pruning layer 15 name mlp.gate_proj
pruning layer 15 name mlp.up_proj
pruning layer 15 name mlp.down_proj
layer outlier ratio 6.0 0.13882137950837922
pruning layer 16 name self_attn.q_proj
pruning layer 16 name self_attn.k_proj
pruning layer 16 name self_attn.v_proj
pruning layer 16 name self_attn.o_proj
pruning layer 16 name mlp.gate_proj
pruning layer 16 name mlp.up_proj
pruning layer 16 name mlp.down_proj
layer outlier ratio 6.0 0.12738272316097596
pruning layer 17 name self_attn.q_proj
pruning layer 17 name self_attn.k_proj
pruning layer 17 name self_attn.v_proj
pruning layer 17 name self_attn.o_proj
pruning layer 17 name mlp.gate_proj
pruning layer 17 name mlp.up_proj
pruning layer 17 name mlp.down_proj
layer outlier ratio 6.0 0.11663733368710533
pruning layer 18 name self_attn.q_proj
pruning layer 18 name self_attn.k_proj
pruning layer 18 name self_attn.v_proj
pruning layer 18 name self_attn.o_proj
pruning layer 18 name mlp.gate_proj
pruning layer 18 name mlp.up_proj
pruning layer 18 name mlp.down_proj
layer outlier ratio 6.0 0.11377779313319705
pruning layer 19 name self_attn.q_proj
pruning layer 19 name self_attn.k_proj
pruning layer 19 name self_attn.v_proj
pruning layer 19 name self_attn.o_proj
pruning layer 19 name mlp.gate_proj
pruning layer 19 name mlp.up_proj
pruning layer 19 name mlp.down_proj
layer outlier ratio 6.0 0.1085874330194503
pruning layer 20 name self_attn.q_proj
pruning layer 20 name self_attn.k_proj
pruning layer 20 name self_attn.v_proj
pruning layer 20 name self_attn.o_proj
pruning layer 20 name mlp.gate_proj
pruning layer 20 name mlp.up_proj
pruning layer 20 name mlp.down_proj
layer outlier ratio 6.0 0.09938126400962394
pruning layer 21 name self_attn.q_proj
pruning layer 21 name self_attn.k_proj
pruning layer 21 name self_attn.v_proj
pruning layer 21 name self_attn.o_proj
pruning layer 21 name mlp.gate_proj
pruning layer 21 name mlp.up_proj
pruning layer 21 name mlp.down_proj
layer outlier ratio 6.0 0.10590726229810962
pruning layer 22 name self_attn.q_proj
pruning layer 22 name self_attn.k_proj
pruning layer 22 name self_attn.v_proj
pruning layer 22 name self_attn.o_proj
pruning layer 22 name mlp.gate_proj
pruning layer 22 name mlp.up_proj
pruning layer 22 name mlp.down_proj
layer outlier ratio 6.0 0.09423685815050195
pruning layer 23 name self_attn.q_proj
pruning layer 23 name self_attn.k_proj
pruning layer 23 name self_attn.v_proj
pruning layer 23 name self_attn.o_proj
pruning layer 23 name mlp.gate_proj
pruning layer 23 name mlp.up_proj
pruning layer 23 name mlp.down_proj
layer outlier ratio 6.0 0.09529924145634311
pruning layer 24 name self_attn.q_proj
pruning layer 24 name self_attn.k_proj
pruning layer 24 name self_attn.v_proj
pruning layer 24 name self_attn.o_proj
pruning layer 24 name mlp.gate_proj
pruning layer 24 name mlp.up_proj
pruning layer 24 name mlp.down_proj
layer outlier ratio 6.0 0.09761968424900826
pruning layer 25 name self_attn.q_proj
pruning layer 25 name self_attn.k_proj
pruning layer 25 name self_attn.v_proj
pruning layer 25 name self_attn.o_proj
pruning layer 25 name mlp.gate_proj
pruning layer 25 name mlp.up_proj
pruning layer 25 name mlp.down_proj
layer outlier ratio 6.0 0.09774321719154794
pruning layer 26 name self_attn.q_proj
pruning layer 26 name self_attn.k_proj
pruning layer 26 name self_attn.v_proj
pruning layer 26 name self_attn.o_proj
pruning layer 26 name mlp.gate_proj
pruning layer 26 name mlp.up_proj
pruning layer 26 name mlp.down_proj
layer outlier ratio 6.0 0.09282364128784812
pruning layer 27 name self_attn.q_proj
pruning layer 27 name self_attn.k_proj
pruning layer 27 name self_attn.v_proj
pruning layer 27 name self_attn.o_proj
pruning layer 27 name mlp.gate_proj
pruning layer 27 name mlp.up_proj
pruning layer 27 name mlp.down_proj
layer outlier ratio 6.0 0.07508282834384108
pruning layer 28 name self_attn.q_proj
pruning layer 28 name self_attn.k_proj
pruning layer 28 name self_attn.v_proj
pruning layer 28 name self_attn.o_proj
pruning layer 28 name mlp.gate_proj
pruning layer 28 name mlp.up_proj
pruning layer 28 name mlp.down_proj
layer outlier ratio 6.0 0.07717942944462436
pruning layer 29 name self_attn.q_proj
pruning layer 29 name self_attn.k_proj
pruning layer 29 name self_attn.v_proj
pruning layer 29 name self_attn.o_proj
pruning layer 29 name mlp.gate_proj
pruning layer 29 name mlp.up_proj
pruning layer 29 name mlp.down_proj
layer outlier ratio 6.0 0.07305392329556955
pruning layer 30 name self_attn.q_proj
pruning layer 30 name self_attn.k_proj
pruning layer 30 name self_attn.v_proj
pruning layer 30 name self_attn.o_proj
pruning layer 30 name mlp.gate_proj
pruning layer 30 name mlp.up_proj
pruning layer 30 name mlp.down_proj
layer outlier ratio 6.0 0.07160562307723446
pruning layer 31 name self_attn.q_proj
pruning layer 31 name self_attn.k_proj
pruning layer 31 name self_attn.v_proj
pruning layer 31 name self_attn.o_proj
pruning layer 31 name mlp.gate_proj
pruning layer 31 name mlp.up_proj
pruning layer 31 name mlp.down_proj
layer outlier ratio 6.0 0.08433890466245345
before adjustment [0.4209790205090775, 0.40479818156346137, 0.30860456160313104, 0.3875035696079076, 0.2518391979790722, 0.21269062022471058, 0.2656249802347292, 0.24487045762452436, 0.2065233616013601, 0.18616167374843143, 0.17812165571617955, 0.2158985236765807, 0.18172140566178552, 0.17278453846669567, 0.16096737718335088, 0.13882137950837922, 0.12738272316097596, 0.11663733368710533, 0.11377779313319705, 0.1085874330194503, 0.09938126400962394, 0.10590726229810962, 0.09423685815050195, 0.09529924145634311, 0.09761968424900826, 0.09774321719154794, 0.09282364128784812, 0.07508282834384108, 0.07717942944462436, 0.07305392329556955, 0.07160562307723446, 0.08433890466245345]
after adjustment [2. 2. 2. 2. 4. 4. 2. 4. 4. 4. 4. 4. 4. 4. 4. 4. 4. 4. 4. 4. 4. 4. 4. 4.
 4. 4. 4. 5. 5. 5. 5. 4.]
loading calibdation data
dataset loading complete
Layer 0 prune_n 2 prune_m 8
No quantization method specified.
pruning layer 0 name self_attn.q_proj
No quantization method specified.
pruning layer 0 name self_attn.k_proj
No quantization method specified.
pruning layer 0 name self_attn.v_proj
No quantization method specified.
pruning layer 0 name self_attn.o_proj
No quantization method specified.
pruning layer 0 name mlp.gate_proj
No quantization method specified.
pruning layer 0 name mlp.up_proj
No quantization method specified.
pruning layer 0 name mlp.down_proj
Layer 1 prune_n 2 prune_m 8
No quantization method specified.
pruning layer 1 name self_attn.q_proj
No quantization method specified.
pruning layer 1 name self_attn.k_proj
No quantization method specified.
pruning layer 1 name self_attn.v_proj
No quantization method specified.
pruning layer 1 name self_attn.o_proj
No quantization method specified.
pruning layer 1 name mlp.gate_proj
No quantization method specified.
pruning layer 1 name mlp.up_proj
No quantization method specified.
pruning layer 1 name mlp.down_proj
Layer 2 prune_n 2 prune_m 8
No quantization method specified.
pruning layer 2 name self_attn.q_proj
No quantization method specified.
pruning layer 2 name self_attn.k_proj
No quantization method specified.
pruning layer 2 name self_attn.v_proj
No quantization method specified.
pruning layer 2 name self_attn.o_proj
No quantization method specified.
pruning layer 2 name mlp.gate_proj
No quantization method specified.
pruning layer 2 name mlp.up_proj
No quantization method specified.
pruning layer 2 name mlp.down_proj
Layer 3 prune_n 2 prune_m 8
No quantization method specified.
pruning layer 3 name self_attn.q_proj
No quantization method specified.
pruning layer 3 name self_attn.k_proj
No quantization method specified.
pruning layer 3 name self_attn.v_proj
No quantization method specified.
pruning layer 3 name self_attn.o_proj
No quantization method specified.
pruning layer 3 name mlp.gate_proj
No quantization method specified.
pruning layer 3 name mlp.up_proj
No quantization method specified.
pruning layer 3 name mlp.down_proj
Layer 4 prune_n 4 prune_m 8
No quantization method specified.
pruning layer 4 name self_attn.q_proj
No quantization method specified.
pruning layer 4 name self_attn.k_proj
No quantization method specified.
pruning layer 4 name self_attn.v_proj
No quantization method specified.
pruning layer 4 name self_attn.o_proj
No quantization method specified.
pruning layer 4 name mlp.gate_proj
No quantization method specified.
pruning layer 4 name mlp.up_proj
No quantization method specified.
pruning layer 4 name mlp.down_proj
Layer 5 prune_n 4 prune_m 8
No quantization method specified.
pruning layer 5 name self_attn.q_proj
No quantization method specified.
pruning layer 5 name self_attn.k_proj
No quantization method specified.
pruning layer 5 name self_attn.v_proj
No quantization method specified.
pruning layer 5 name self_attn.o_proj
No quantization method specified.
pruning layer 5 name mlp.gate_proj
No quantization method specified.
pruning layer 5 name mlp.up_proj
No quantization method specified.
pruning layer 5 name mlp.down_proj
Layer 6 prune_n 2 prune_m 8
No quantization method specified.
pruning layer 6 name self_attn.q_proj
No quantization method specified.
pruning layer 6 name self_attn.k_proj
No quantization method specified.
pruning layer 6 name self_attn.v_proj
No quantization method specified.
pruning layer 6 name self_attn.o_proj
No quantization method specified.
pruning layer 6 name mlp.gate_proj
No quantization method specified.
pruning layer 6 name mlp.up_proj
No quantization method specified.
pruning layer 6 name mlp.down_proj
Layer 7 prune_n 4 prune_m 8
No quantization method specified.
pruning layer 7 name self_attn.q_proj
No quantization method specified.
pruning layer 7 name self_attn.k_proj
No quantization method specified.
pruning layer 7 name self_attn.v_proj
No quantization method specified.
pruning layer 7 name self_attn.o_proj
No quantization method specified.
pruning layer 7 name mlp.gate_proj
No quantization method specified.
pruning layer 7 name mlp.up_proj
No quantization method specified.
pruning layer 7 name mlp.down_proj
Layer 8 prune_n 4 prune_m 8
No quantization method specified.
pruning layer 8 name self_attn.q_proj
No quantization method specified.
pruning layer 8 name self_attn.k_proj
No quantization method specified.
pruning layer 8 name self_attn.v_proj
No quantization method specified.
pruning layer 8 name self_attn.o_proj
No quantization method specified.
pruning layer 8 name mlp.gate_proj
No quantization method specified.
pruning layer 8 name mlp.up_proj
No quantization method specified.
pruning layer 8 name mlp.down_proj
Layer 9 prune_n 4 prune_m 8
No quantization method specified.
pruning layer 9 name self_attn.q_proj
No quantization method specified.
pruning layer 9 name self_attn.k_proj
No quantization method specified.
pruning layer 9 name self_attn.v_proj
No quantization method specified.
pruning layer 9 name self_attn.o_proj
No quantization method specified.
pruning layer 9 name mlp.gate_proj
No quantization method specified.
pruning layer 9 name mlp.up_proj
No quantization method specified.
pruning layer 9 name mlp.down_proj
Layer 10 prune_n 4 prune_m 8
No quantization method specified.
pruning layer 10 name self_attn.q_proj
No quantization method specified.
pruning layer 10 name self_attn.k_proj
No quantization method specified.
pruning layer 10 name self_attn.v_proj
No quantization method specified.
pruning layer 10 name self_attn.o_proj
No quantization method specified.
pruning layer 10 name mlp.gate_proj
No quantization method specified.
pruning layer 10 name mlp.up_proj
No quantization method specified.
pruning layer 10 name mlp.down_proj
Layer 11 prune_n 4 prune_m 8
No quantization method specified.
pruning layer 11 name self_attn.q_proj
No quantization method specified.
pruning layer 11 name self_attn.k_proj
No quantization method specified.
pruning layer 11 name self_attn.v_proj
No quantization method specified.
pruning layer 11 name self_attn.o_proj
No quantization method specified.
pruning layer 11 name mlp.gate_proj
No quantization method specified.
pruning layer 11 name mlp.up_proj
No quantization method specified.
pruning layer 11 name mlp.down_proj
Layer 12 prune_n 4 prune_m 8
No quantization method specified.
pruning layer 12 name self_attn.q_proj
No quantization method specified.
pruning layer 12 name self_attn.k_proj
No quantization method specified.
pruning layer 12 name self_attn.v_proj
No quantization method specified.
pruning layer 12 name self_attn.o_proj
No quantization method specified.
pruning layer 12 name mlp.gate_proj
No quantization method specified.
pruning layer 12 name mlp.up_proj
No quantization method specified.
pruning layer 12 name mlp.down_proj
Layer 13 prune_n 4 prune_m 8
No quantization method specified.
pruning layer 13 name self_attn.q_proj
No quantization method specified.
pruning layer 13 name self_attn.k_proj
No quantization method specified.
pruning layer 13 name self_attn.v_proj
No quantization method specified.
pruning layer 13 name self_attn.o_proj
No quantization method specified.
pruning layer 13 name mlp.gate_proj
No quantization method specified.
pruning layer 13 name mlp.up_proj
No quantization method specified.
pruning layer 13 name mlp.down_proj
Layer 14 prune_n 4 prune_m 8
No quantization method specified.
pruning layer 14 name self_attn.q_proj
No quantization method specified.
pruning layer 14 name self_attn.k_proj
No quantization method specified.
pruning layer 14 name self_attn.v_proj
No quantization method specified.
pruning layer 14 name self_attn.o_proj
No quantization method specified.
pruning layer 14 name mlp.gate_proj
No quantization method specified.
pruning layer 14 name mlp.up_proj
No quantization method specified.
pruning layer 14 name mlp.down_proj
Layer 15 prune_n 4 prune_m 8
No quantization method specified.
pruning layer 15 name self_attn.q_proj
No quantization method specified.
pruning layer 15 name self_attn.k_proj
No quantization method specified.
pruning layer 15 name self_attn.v_proj
No quantization method specified.
pruning layer 15 name self_attn.o_proj
No quantization method specified.
pruning layer 15 name mlp.gate_proj
No quantization method specified.
pruning layer 15 name mlp.up_proj
No quantization method specified.
pruning layer 15 name mlp.down_proj
Layer 16 prune_n 4 prune_m 8
No quantization method specified.
pruning layer 16 name self_attn.q_proj
No quantization method specified.
pruning layer 16 name self_attn.k_proj
No quantization method specified.
pruning layer 16 name self_attn.v_proj
No quantization method specified.
pruning layer 16 name self_attn.o_proj
No quantization method specified.
pruning layer 16 name mlp.gate_proj
No quantization method specified.
pruning layer 16 name mlp.up_proj
No quantization method specified.
pruning layer 16 name mlp.down_proj
Layer 17 prune_n 4 prune_m 8
No quantization method specified.
pruning layer 17 name self_attn.q_proj
No quantization method specified.
pruning layer 17 name self_attn.k_proj
No quantization method specified.
pruning layer 17 name self_attn.v_proj
No quantization method specified.
pruning layer 17 name self_attn.o_proj
No quantization method specified.
pruning layer 17 name mlp.gate_proj
No quantization method specified.
pruning layer 17 name mlp.up_proj
No quantization method specified.
pruning layer 17 name mlp.down_proj
Layer 18 prune_n 4 prune_m 8
No quantization method specified.
pruning layer 18 name self_attn.q_proj
No quantization method specified.
pruning layer 18 name self_attn.k_proj
No quantization method specified.
pruning layer 18 name self_attn.v_proj
No quantization method specified.
pruning layer 18 name self_attn.o_proj
No quantization method specified.
pruning layer 18 name mlp.gate_proj
No quantization method specified.
pruning layer 18 name mlp.up_proj
No quantization method specified.
pruning layer 18 name mlp.down_proj
Layer 19 prune_n 4 prune_m 8
No quantization method specified.
pruning layer 19 name self_attn.q_proj
No quantization method specified.
pruning layer 19 name self_attn.k_proj
No quantization method specified.
pruning layer 19 name self_attn.v_proj
No quantization method specified.
pruning layer 19 name self_attn.o_proj
No quantization method specified.
pruning layer 19 name mlp.gate_proj
No quantization method specified.
pruning layer 19 name mlp.up_proj
No quantization method specified.
pruning layer 19 name mlp.down_proj
Layer 20 prune_n 4 prune_m 8
No quantization method specified.
pruning layer 20 name self_attn.q_proj
No quantization method specified.
pruning layer 20 name self_attn.k_proj
No quantization method specified.
pruning layer 20 name self_attn.v_proj
No quantization method specified.
pruning layer 20 name self_attn.o_proj
No quantization method specified.
pruning layer 20 name mlp.gate_proj
No quantization method specified.
pruning layer 20 name mlp.up_proj
No quantization method specified.
pruning layer 20 name mlp.down_proj
Layer 21 prune_n 4 prune_m 8
No quantization method specified.
pruning layer 21 name self_attn.q_proj
No quantization method specified.
pruning layer 21 name self_attn.k_proj
No quantization method specified.
pruning layer 21 name self_attn.v_proj
No quantization method specified.
pruning layer 21 name self_attn.o_proj
No quantization method specified.
pruning layer 21 name mlp.gate_proj
No quantization method specified.
pruning layer 21 name mlp.up_proj
No quantization method specified.
pruning layer 21 name mlp.down_proj
Layer 22 prune_n 4 prune_m 8
No quantization method specified.
pruning layer 22 name self_attn.q_proj
No quantization method specified.
pruning layer 22 name self_attn.k_proj
No quantization method specified.
pruning layer 22 name self_attn.v_proj
No quantization method specified.
pruning layer 22 name self_attn.o_proj
No quantization method specified.
pruning layer 22 name mlp.gate_proj
No quantization method specified.
pruning layer 22 name mlp.up_proj
No quantization method specified.
pruning layer 22 name mlp.down_proj
Layer 23 prune_n 4 prune_m 8
No quantization method specified.
pruning layer 23 name self_attn.q_proj
No quantization method specified.
pruning layer 23 name self_attn.k_proj
No quantization method specified.
pruning layer 23 name self_attn.v_proj
No quantization method specified.
pruning layer 23 name self_attn.o_proj
No quantization method specified.
pruning layer 23 name mlp.gate_proj
No quantization method specified.
pruning layer 23 name mlp.up_proj
No quantization method specified.
pruning layer 23 name mlp.down_proj
Layer 24 prune_n 4 prune_m 8
No quantization method specified.
pruning layer 24 name self_attn.q_proj
No quantization method specified.
pruning layer 24 name self_attn.k_proj
No quantization method specified.
pruning layer 24 name self_attn.v_proj
No quantization method specified.
pruning layer 24 name self_attn.o_proj
No quantization method specified.
pruning layer 24 name mlp.gate_proj
No quantization method specified.
pruning layer 24 name mlp.up_proj
No quantization method specified.
pruning layer 24 name mlp.down_proj
Layer 25 prune_n 4 prune_m 8
No quantization method specified.
pruning layer 25 name self_attn.q_proj
No quantization method specified.
pruning layer 25 name self_attn.k_proj
No quantization method specified.
pruning layer 25 name self_attn.v_proj
No quantization method specified.
pruning layer 25 name self_attn.o_proj
No quantization method specified.
pruning layer 25 name mlp.gate_proj
No quantization method specified.
pruning layer 25 name mlp.up_proj
No quantization method specified.
pruning layer 25 name mlp.down_proj
Layer 26 prune_n 4 prune_m 8
No quantization method specified.
pruning layer 26 name self_attn.q_proj
No quantization method specified.
pruning layer 26 name self_attn.k_proj
No quantization method specified.
pruning layer 26 name self_attn.v_proj
No quantization method specified.
pruning layer 26 name self_attn.o_proj
No quantization method specified.
pruning layer 26 name mlp.gate_proj
No quantization method specified.
pruning layer 26 name mlp.up_proj
No quantization method specified.
pruning layer 26 name mlp.down_proj
Layer 27 prune_n 5 prune_m 8
No quantization method specified.
pruning layer 27 name self_attn.q_proj
No quantization method specified.
pruning layer 27 name self_attn.k_proj
No quantization method specified.
pruning layer 27 name self_attn.v_proj
No quantization method specified.
pruning layer 27 name self_attn.o_proj
No quantization method specified.
pruning layer 27 name mlp.gate_proj
No quantization method specified.
pruning layer 27 name mlp.up_proj
No quantization method specified.
pruning layer 27 name mlp.down_proj
Layer 28 prune_n 5 prune_m 8
No quantization method specified.
pruning layer 28 name self_attn.q_proj
No quantization method specified.
pruning layer 28 name self_attn.k_proj
No quantization method specified.
pruning layer 28 name self_attn.v_proj
No quantization method specified.
pruning layer 28 name self_attn.o_proj
No quantization method specified.
pruning layer 28 name mlp.gate_proj
No quantization method specified.
pruning layer 28 name mlp.up_proj
No quantization method specified.
pruning layer 28 name mlp.down_proj
Layer 29 prune_n 5 prune_m 8
No quantization method specified.
pruning layer 29 name self_attn.q_proj
No quantization method specified.
pruning layer 29 name self_attn.k_proj
No quantization method specified.
pruning layer 29 name self_attn.v_proj
No quantization method specified.
pruning layer 29 name self_attn.o_proj
No quantization method specified.
pruning layer 29 name mlp.gate_proj
No quantization method specified.
pruning layer 29 name mlp.up_proj
No quantization method specified.
pruning layer 29 name mlp.down_proj
Layer 30 prune_n 5 prune_m 8
No quantization method specified.
pruning layer 30 name self_attn.q_proj
No quantization method specified.
pruning layer 30 name self_attn.k_proj
No quantization method specified.
pruning layer 30 name self_attn.v_proj
No quantization method specified.
pruning layer 30 name self_attn.o_proj
No quantization method specified.
pruning layer 30 name mlp.gate_proj
No quantization method specified.
pruning layer 30 name mlp.up_proj
No quantization method specified.
pruning layer 30 name mlp.down_proj
Layer 31 prune_n 4 prune_m 8
No quantization method specified.
pruning layer 31 name self_attn.q_proj
No quantization method specified.
pruning layer 31 name self_attn.k_proj
No quantization method specified.
pruning layer 31 name self_attn.v_proj
No quantization method specified.
pruning layer 31 name self_attn.o_proj
No quantization method specified.
pruning layer 31 name mlp.gate_proj
No quantization method specified.
pruning layer 31 name mlp.up_proj
No quantization method specified.
pruning layer 31 name mlp.down_proj
pruning time:  500.4317328929901
Begin quantizing ...
Starting ...
Ready.
0 self_attn.q_proj
Quantizing the layer self_attn.q_proj ...
0.8061199188232422 0.06847572326660156 0.10196685791015625 0.0234375
0.8089027404785156 0.07415199279785156 0.10132026672363281 0.015625
0.8111534118652344 0.06233787536621094 0.10307121276855469 0.0234375
0.8010902404785156 0.07284164428710938 0.102630615234375 0.0234375
0.806121826171875 0.06718826293945312 0.10325241088867188 0.0234375
0.8010902404785156 0.07528877258300781 0.10018348693847656 0.0234375
0.7698402404785156 0.07478713989257812 0.10068511962890625 0.0546875
0.8038711547851562 0.07845878601074219 0.10204505920410156 0.015625
0.8038711547851562 0.0780181884765625 0.10248565673828125 0.015625
0.8010902404785156 0.07247543334960938 0.102996826171875 0.0234375
0.806121826171875 0.0701446533203125 0.1002960205078125 0.0234375
0.806121826171875 0.0690155029296875 0.1014251708984375 0.0234375
0.8010902404785156 0.07377052307128906 0.10170173645019531 0.0234375
0.806121826171875 0.07011985778808594 0.10032081604003906 0.0234375
0.8089027404785156 0.074432373046875 0.10103988647460938 0.015625
0.813934326171875 0.06926727294921875 0.10117340087890625 0.015625
0.8189659118652344 0.06269073486328125 0.10271835327148438 0.015625
0.8010902404785156 0.07279396057128906 0.10267829895019531 0.0234375
0.8111534118652344 0.06525611877441406 0.10015296936035156 0.0234375
0.813934326171875 0.06952667236328125 0.10091400146484375 0.015625
0.7932777404785156 0.0737762451171875 0.10169601440429688 0.03125
0.806121826171875 0.06942176818847656 0.10101890563964844 0.0234375
0.8010902404785156 0.07306289672851562 0.10240936279296875 0.0234375
0.813934326171875 0.06839370727539062 0.10204696655273438 0.015625
0.806121826171875 0.06733512878417969 0.10310554504394531 0.0234375
0.798309326171875 0.06962013244628906 0.10082054138183594 0.03125
0.8089027404785156 0.07485008239746094 0.10062217712402344 0.015625
0.8089027404785156 0.07336044311523438 0.10211181640625 0.015625
0.7960586547851562 0.07786178588867188 0.10264205932617188 0.0234375
0.8089027404785156 0.07361412048339844 0.10185813903808594 0.015625
0.8134040832519531 0.05246734619140625 0.10287857055664062 0.03125
0.806121826171875 0.0679168701171875 0.1025238037109375 0.0234375
time 11.77
error 2767.48046875
0 self_attn.k_proj
Quantizing the layer self_attn.k_proj ...
0.8010768890380859 0.07348823547363281 0.10199737548828125 0.0234375
0.7988395690917969 0.082855224609375 0.10268020629882812 0.015625
0.806121826171875 0.06921005249023438 0.10123062133789062 0.0234375
0.7960586547851562 0.0792083740234375 0.10129547119140625 0.0234375
0.806121826171875 0.06918525695800781 0.10125541687011719 0.0234375
0.7960586547851562 0.07927131652832031 0.10123252868652344 0.0234375
0.7804336547851562 0.08007240295410156 0.10043144226074219 0.0390625
0.7988395690917969 0.0840911865234375 0.10144424438476562 0.015625
0.7988395690917969 0.08204460144042969 0.10349082946777344 0.015625
0.7960586547851562 0.0774993896484375 0.10300445556640625 0.0234375
0.7932777404785156 0.07489776611328125 0.10057449340820312 0.03125
0.8010902404785156 0.07515907287597656 0.10031318664550781 0.0234375
0.7960586547851562 0.07956123352050781 0.10094261169433594 0.0234375
0.7960586547851562 0.0786285400390625 0.10187530517578125 0.0234375
0.8038711547851562 0.07900619506835938 0.10149765014648438 0.015625
0.8089027404785156 0.07507705688476562 0.10039520263671875 0.015625
0.806121826171875 0.07023239135742188 0.10020828247070312 0.0234375
0.7960586547851562 0.07851600646972656 0.10198783874511719 0.0234375
0.806121826171875 0.06991386413574219 0.10052680969238281 0.0234375
0.8089027404785156 0.07459640502929688 0.1008758544921875 0.015625
0.7882461547851562 0.08024787902832031 0.10025596618652344 0.03125
0.7832145690917969 0.08217239379882812 0.103363037109375 0.03125
0.7832145690917969 0.084228515625 0.10130691528320312 0.03125
0.8038711547851562 0.07830810546875 0.10219573974609375 0.015625
0.8010902404785156 0.07280731201171875 0.10266494750976562 0.0234375
0.8010902404785156 0.07438850402832031 0.10108375549316406 0.0234375
0.7988395690917969 0.08524131774902344 0.10029411315917969 0.015625
0.7988395690917969 0.0830230712890625 0.10251235961914062 0.015625
0.7859954833984375 0.08737945556640625 0.10318756103515625 0.0234375
0.7988395690917969 0.08361053466796875 0.10192489624023438 0.015625
0.7955284118652344 0.06370353698730469 0.10170555114746094 0.0390625
0.8010902404785156 0.07509040832519531 0.10038185119628906 0.0234375
time 11.54
error 2579.926025390625
0 self_attn.v_proj
Quantizing the layer self_attn.v_proj ...
0.7759304046630859 0.09953689575195312 0.10109519958496094 0.0234375
0.7709007263183594 0.10387420654296875 0.10178756713867188 0.0234375
0.7552757263183594 0.102325439453125 0.10333633422851562 0.0390625
0.7709007263183594 0.10383224487304688 0.10182952880859375 0.0234375
0.7681198120117188 0.10011482238769531 0.10051536560058594 0.03125
0.7630882263183594 0.10226058959960938 0.10340118408203125 0.03125
0.7552757263183594 0.10320472717285156 0.10245704650878906 0.0390625
0.7709007263183594 0.10482597351074219 0.10083580017089844 0.0234375
0.7709007263183594 0.10370826721191406 0.10195350646972656 0.0234375
0.7603073120117188 0.10053253173828125 0.10009765625 0.0390625
0.7290573120117188 0.09953498840332031 0.10109519958496094 0.0703125
0.7681198120117188 0.0998992919921875 0.10073089599609375 0.03125
0.7759323120117188 0.10036468505859375 0.1002655029296875 0.0234375
0.7759323120117188 0.09913825988769531 0.10149192810058594 0.0234375
0.7630882263183594 0.10341453552246094 0.10224723815917969 0.03125
0.7709007263183594 0.10268974304199219 0.10297203063964844 0.0234375
0.7681198120117188 0.09725379943847656 0.10337638854980469 0.03125
0.7681198120117188 0.09874343872070312 0.10188674926757812 0.03125
0.7603073120117188 0.0982818603515625 0.10234832763671875 0.0390625
0.7603073120117188 0.10010719299316406 0.10052299499511719 0.0390625
0.7681198120117188 0.09994888305664062 0.10068130493164062 0.03125
0.7681198120117188 0.09972953796386719 0.10090065002441406 0.03125
0.7630882263183594 0.10258102416992188 0.10308074951171875 0.03125
0.7709007263183594 0.10236358642578125 0.10329818725585938 0.0234375
0.7809638977050781 0.09462738037109375 0.10097122192382812 0.0234375
0.7731513977050781 0.09545707702636719 0.10014152526855469 0.03125
0.7837448120117188 0.09935760498046875 0.1012725830078125 0.015625
0.7837448120117188 0.10010719299316406 0.10052299499511719 0.015625
0.7630882263183594 0.10218238830566406 0.10347938537597656 0.03125
0.7759323120117188 0.09874534606933594 0.10188484191894531 0.0234375
0.7781829833984375 0.08826065063476562 0.10230636596679688 0.03125
0.7859954833984375 0.0891265869140625 0.1014404296875 0.0234375
time 11.33
error 246.83395385742188
0 self_attn.o_proj
Quantizing the layer self_attn.o_proj ...
0.7373752593994141 0.1149444580078125 0.10080528259277344 0.046875
0.7379322052001953 0.12876510620117188 0.10205268859863281 0.03125
0.7485256195068359 0.13257789611816406 0.103271484375 0.015625
0.7938079833984375 0.08829116821289062 0.10227584838867188 0.015625
0.7558078765869141 0.11958885192871094 0.101165771484375 0.0234375
0.7686519622802734 0.11467361450195312 0.10104942321777344 0.015625
0.7485256195068359 0.13326263427734375 0.10258674621582031 0.015625
0.7407131195068359 0.13269805908203125 0.10315132141113281 0.0234375
0.7731513977050781 0.09427833557128906 0.10132026672363281 0.03125
0.7457447052001953 0.1300029754638672 0.1008148193359375 0.0234375
0.7547454833984375 0.08889389038085938 0.10167312622070312 0.0546875
0.7329006195068359 0.13491058349609375 0.10093879699707031 0.03125
0.7429618835449219 0.12355613708496094 0.10223197937011719 0.03125
0.7585887908935547 0.12506484985351562 0.10072135925292969 0.015625
0.7250881195068359 0.13323974609375 0.10260963439941406 0.0390625
0.8089027404785156 0.07430267333984375 0.10116958618164062 0.015625
0.7396507263183594 0.10408210754394531 0.10157966613769531 0.0546875
0.765869140625 0.10953140258789062 0.10116195678710938 0.0234375
0.7061519622802734 0.11388778686523438 0.10183525085449219 0.078125
0.7630882263183594 0.10496711730957031 0.10069465637207031 0.03125
0.7636203765869141 0.11927223205566406 0.10148239135742188 0.015625
0.7988395690917969 0.08360099792480469 0.10193443298339844 0.015625
0.7703704833984375 0.08999061584472656 0.10057640075683594 0.0390625
0.7854652404785156 0.07352066040039062 0.10195159912109375 0.0390625
0.7407131195068359 0.13367271423339844 0.10217666625976562 0.0234375
0.703369140625 0.108001708984375 0.102691650390625 0.0859375
0.7887763977050781 0.09484672546386719 0.10075187683105469 0.015625
0.7356815338134766 0.13747215270996094 0.1034088134765625 0.0234375
0.7703704833984375 0.08744430541992188 0.10312271118164062 0.0390625
0.7575263977050781 0.09535026550292969 0.10024833679199219 0.046875
0.7379322052001953 0.12966537475585938 0.10115242004394531 0.03125
0.7585887908935547 0.12391853332519531 0.10186767578125 0.015625
time 11.22
error 2.9913628101348877
0 mlp.gate_proj
Quantizing the layer mlp.gate_proj ...
0.7250862717628479 0.13513751327991486 0.10071368515491486 0.0390625
0.7172759175300598 0.13509705662727356 0.10075201094150543 0.046875
0.4215897023677826 0.09422550350427628 0.10137229412794113 0.3828125
0.7250884175300598 0.1346939504146576 0.101155124604702 0.0390625
0.7172759175300598 0.13243919610977173 0.10340987890958786 0.046875
0.5917450785636902 0.12038403749465942 0.10037089139223099 0.1875
0.6832445859909058 0.13052013516426086 0.10029779374599457 0.0859375
0.6676195859909058 0.1303001195192337 0.10051780194044113 0.1015625
0.45058920979499817 0.10211323201656342 0.10354755818843842 0.34375
0.6492139101028442 0.12557344138622284 0.10021262615919113 0.125
0.6257756948471069 0.12491980195045471 0.10086698085069656 0.1484375
0.7434940934181213 0.13808564841747284 0.10279526561498642 0.015625
0.7016502022743225 0.13364924490451813 0.10220053046941757 0.0625
0.7329009175300598 0.13569535315036774 0.10015372186899185 0.03125
0.6598070859909058 0.12899425625801086 0.10182367265224457 0.109375
0.6938384175300598 0.13342426717281342 0.10242480039596558 0.0703125
0.6441820859909058 0.12758760154247284 0.103230319917202 0.125
0.7434940934181213 0.13783441483974457 0.10304650664329529 0.015625
0.7356815934181213 0.13828366994857788 0.10259725898504257 0.0234375
0.7278690934181213 0.13736814260482788 0.10351278632879257 0.03125
0.7356815934181213 0.1377144753932953 0.10316644608974457 0.0234375
0.7356815934181213 0.1381537914276123 0.10272713750600815 0.0234375
0.7356815934181213 0.13743627071380615 0.1034446507692337 0.0234375
0.7434940934181213 0.138214111328125 0.10266681015491486 0.015625
0.7356815934181213 0.137612983584404 0.10326793789863586 0.0234375
0.7016509175300598 0.13386429846286774 0.10198477655649185 0.0625
0.7434940934181213 0.13905085623264313 0.10183005779981613 0.015625
0.6257756948471069 0.12476437538862228 0.10102240741252899 0.1484375
0.7278690934181213 0.1376349925994873 0.10324593633413315 0.03125
0.7172759175300598 0.13488130271434784 0.10096776485443115 0.046875
0.7407134175300598 0.13491325080394745 0.10093582421541214 0.0234375
0.7407134175300598 0.13507576286792755 0.10077329725027084 0.0234375
time 12.57
error 2208.938720703125
0 mlp.up_proj
Quantizing the layer mlp.up_proj ...
0.7172432541847229 0.13533268868923187 0.10054903477430344 0.046875
0.6782134175300598 0.13285721838474274 0.10299185663461685 0.0859375
0.6598070859909058 0.12691834568977356 0.10389957576990128 0.109375
0.7016502022743225 0.13368898630142212 0.10216078907251358 0.0625
0.7016509175300598 0.1321297585964203 0.1037193089723587 0.0625
0.6519945859909058 0.12872456014156342 0.10209336131811142 0.1171875
0.6860259175300598 0.13344059884548187 0.10240847617387772 0.078125
0.6519945859909058 0.12941724061965942 0.10140068829059601 0.1171875
0.6938384175300598 0.13451935350894928 0.10132971405982971 0.0703125
0.7094634175300598 0.13403746485710144 0.10181161016225815 0.0546875
0.6938384175300598 0.13362085819244385 0.10222820937633514 0.0703125
0.7200565934181213 0.1374312937259674 0.10344962030649185 0.0390625
0.7094634175300598 0.13465207815170288 0.10119699686765671 0.0546875
0.7278690934181213 0.13762931525707245 0.103251613676548 0.03125
0.5995568633079529 0.12052740156650543 0.10022824257612228 0.1796875
0.6179631948471069 0.12506955862045288 0.10071723163127899 0.15625
0.7200565934181213 0.13742491602897644 0.10345600545406342 0.0390625
0.7356815934181213 0.1378060281276703 0.10307489335536957 0.0234375
0.6519945859909058 0.12907445430755615 0.10174347460269928 0.1171875
0.7356815934181213 0.13844405114650726 0.102436862885952 0.0234375
0.7172759175300598 0.13524113595485687 0.10060793906450272 0.046875
0.7278690934181213 0.13854412734508514 0.10233679413795471 0.03125
0.7250884175300598 0.13584154844284058 0.10000751912593842 0.0390625
0.7434940934181213 0.13900260627269745 0.101878322660923 0.015625
0.7278690934181213 0.13791176676750183 0.10296914726495743 0.03125
0.7278690934181213 0.13800475001335144 0.10287617146968842 0.03125
0.7356815934181213 0.13911189138889313 0.10176902264356613 0.0234375
0.6704009175300598 0.13211911916732788 0.10372995585203171 0.09375
0.7200565934181213 0.13792525231838226 0.102955661714077 0.0390625
0.6938384175300598 0.13376635313034058 0.10208271443843842 0.0703125
0.7407134175300598 0.13577696681022644 0.10007210820913315 0.0234375
0.7356815934181213 0.13747529685497284 0.10340561717748642 0.0234375
time 12.52
error 2089.15869140625
0 mlp.down_proj
Quantizing the layer mlp.down_proj ...
0.7479743957519531 0.11982345581054688 0.1009521484375 0.03125
0.7223072052001953 0.12829971313476562 0.10251808166503906 0.046875
0.7401828765869141 0.1187896728515625 0.10196495056152344 0.0390625
0.7195262908935547 0.12268257141113281 0.1031036376953125 0.0546875
0.7351512908935547 0.12466049194335938 0.10112571716308594 0.0390625
0.6804637908935547 0.12375831604003906 0.10202789306640625 0.09375
0.7301197052001953 0.12774085998535156 0.10307693481445312 0.0390625
0.7479953765869141 0.11760520935058594 0.1031494140625 0.03125
0.5995578765869141 0.118255615234375 0.10249900817871094 0.1796875
0.7479953765869141 0.12074851989746094 0.100006103515625 0.03125
0.7144947052001953 0.1282825469970703 0.10253524780273438 0.0546875
0.7167453765869141 0.11992645263671875 0.10082817077636719 0.0625
0.7323703765869141 0.1205596923828125 0.10019493103027344 0.046875
0.6726512908935547 0.1252899169921875 0.10049629211425781 0.1015625
0.7273387908935547 0.12458038330078125 0.10120582580566406 0.046875
0.7351512908935547 0.12263870239257812 0.10314750671386719 0.0390625
0.7273387908935547 0.12340927124023438 0.10237693786621094 0.046875
0.750244140625 0.10952949523925781 0.10116386413574219 0.0390625
0.7273387908935547 0.12385368347167969 0.10193252563476562 0.046875
0.7117137908935547 0.12330818176269531 0.10247802734375 0.0625
0.7429637908935547 0.12468338012695312 0.10110282897949219 0.03125
0.7223072052001953 0.1280651092529297 0.102752685546875 0.046875
0.7351512908935547 0.12284660339355469 0.10293960571289062 0.0390625
0.7117137908935547 0.12449836730957031 0.101287841796875 0.0625
0.7429637908935547 0.1257343292236328 0.1000518798828125 0.03125
0.7429637908935547 0.124481201171875 0.10130500793457031 0.03125
0.6960887908935547 0.12221908569335938 0.10356712341308594 0.078125
0.7457447052001953 0.12752723693847656 0.10329055786132812 0.0234375
0.6882762908935547 0.1248779296875 0.10090827941894531 0.0859375
0.7379322052001953 0.12839508056640625 0.10242271423339844 0.03125
0.6620559692382812 0.12014579772949219 0.10061073303222656 0.1171875
0.7117137908935547 0.1256866455078125 0.10009956359863281 0.0625
0.7089328765869141 0.12035179138183594 0.10040283203125 0.0703125
0.7323703765869141 0.11897087097167969 0.10178375244140625 0.046875
0.6960887908935547 0.12328338623046875 0.10250282287597656 0.078125
0.7429637908935547 0.12431526184082031 0.101470947265625 0.03125
0.6386203765869141 0.11950302124023438 0.10125160217285156 0.140625
0.7195262908935547 0.1224212646484375 0.10336494445800781 0.0546875
0.7351512908935547 0.12277793884277344 0.10300827026367188 0.0390625
0.6960868835449219 0.12372016906738281 0.10206794738769531 0.078125
0.7351512908935547 0.12462043762207031 0.101165771484375 0.0390625
0.7429637908935547 0.12373161315917969 0.10205459594726562 0.03125
0.7351512908935547 0.12317276000976562 0.10261344909667969 0.0390625
0.7401828765869141 0.11872100830078125 0.10203361511230469 0.0390625
0.7323703765869141 0.11879920959472656 0.10195541381835938 0.046875
0.7429637908935547 0.12376594543457031 0.102020263671875 0.03125
0.7507762908935547 0.1245574951171875 0.10122871398925781 0.0234375
0.7429637908935547 0.12370681762695312 0.10207939147949219 0.03125
0.7479953765869141 0.11847686767578125 0.10227775573730469 0.03125
0.7479934692382812 0.11909103393554688 0.10166549682617188 0.03125
0.7429637908935547 0.12507247924804688 0.10071372985839844 0.03125
0.7039012908935547 0.12367820739746094 0.10210800170898438 0.0703125
0.7117137908935547 0.12254524230957031 0.103240966796875 0.0625
0.7558078765869141 0.11860847473144531 0.10214614868164062 0.0234375
0.7608394622802734 0.11565399169921875 0.10006904602050781 0.0234375
0.7401828765869141 0.11772727966308594 0.10302734375 0.0390625
0.7585887908935547 0.12339019775390625 0.10239601135253906 0.015625
0.7558078765869141 0.11831855773925781 0.10243606567382812 0.0234375
0.6229953765869141 0.11946678161621094 0.101287841796875 0.15625
0.7636203765869141 0.11977577209472656 0.10097885131835938 0.015625
0.7273387908935547 0.12328529357910156 0.10250091552734375 0.046875
0.6492137908935547 0.12194633483886719 0.10383987426757812 0.125
0.7195262908935547 0.12232017517089844 0.10346603393554688 0.0546875
0.6698703765869141 0.1201019287109375 0.10065269470214844 0.109375
0.7558078765869141 0.12047195434570312 0.10028266906738281 0.0234375
0.7429637908935547 0.12346839904785156 0.10231781005859375 0.03125
0.7558078765869141 0.11885452270507812 0.10190010070800781 0.0234375
0.7479953765869141 0.119415283203125 0.10133934020996094 0.03125
0.7530269622802734 0.11412620544433594 0.10159683227539062 0.03125
0.7585887908935547 0.12548828125 0.10029792785644531 0.015625
0.7479953765869141 0.11757087707519531 0.10318374633789062 0.03125
0.6698703765869141 0.12067985534667969 0.10007476806640625 0.109375
0.7686519622802734 0.11559867858886719 0.10012435913085938 0.015625
0.7558078765869141 0.11738967895507812 0.10336494445800781 0.0234375
0.6386203765869141 0.11909866333007812 0.10165596008300781 0.140625
0.7558078765869141 0.12012100219726562 0.10063362121582031 0.0234375
0.7061519622802734 0.11537551879882812 0.10034751892089844 0.078125
0.6776828765869141 0.120147705078125 0.10060691833496094 0.1015625
0.7195262908935547 0.12384033203125 0.10194587707519531 0.0546875
0.7195262908935547 0.12252998352050781 0.1032562255859375 0.0546875
0.7558078765869141 0.11913299560546875 0.10162162780761719 0.0234375
0.7117137908935547 0.12381362915039062 0.10197257995605469 0.0625
0.7429637908935547 0.12572288513183594 0.10006332397460938 0.03125
0.7323703765869141 0.11912918090820312 0.10162544250488281 0.046875
0.7636203765869141 0.12063980102539062 0.10011482238769531 0.015625
0.7507762908935547 0.12297248840332031 0.102813720703125 0.0234375
time 29.79
error 26.271339416503906
1 self_attn.q_proj
Quantizing the layer self_attn.q_proj ...
0.7983016967773438 0.06920242309570312 0.10124588012695312 0.03125
0.782684326171875 0.06800460815429688 0.10243606567382812 0.046875
0.7877159118652344 0.06483078002929688 0.10057830810546875 0.046875
0.798309326171875 0.06997299194335938 0.10046768188476562 0.03125
0.727996826171875 0.0678863525390625 0.1025543212890625 0.1015625
0.7932777404785156 0.07158470153808594 0.10388755798339844 0.03125
0.7955284118652344 0.06454658508300781 0.10086250305175781 0.0390625
0.782684326171875 0.06798362731933594 0.10245704650878906 0.046875
0.798309326171875 0.06716346740722656 0.10327720642089844 0.03125
0.8033409118652344 0.06455421447753906 0.10085487365722656 0.03125
0.774871826171875 0.06862068176269531 0.10181999206542969 0.0546875
0.8111534118652344 0.06352043151855469 0.10188865661621094 0.0234375
0.782684326171875 0.0673370361328125 0.1031036376953125 0.046875
0.782684326171875 0.0674896240234375 0.1029510498046875 0.046875
0.782684326171875 0.06786918640136719 0.10257148742675781 0.046875
0.7877159118652344 0.06480216979980469 0.10060691833496094 0.046875
0.774871826171875 0.06679534912109375 0.10364532470703125 0.0546875
0.8033409118652344 0.06304168701171875 0.10236740112304688 0.03125
0.774871826171875 0.06847000122070312 0.10197067260742188 0.0546875
0.7955284118652344 0.0650634765625 0.10034561157226562 0.0390625
0.7955284118652344 0.06465530395507812 0.1007537841796875 0.0390625
0.8033409118652344 0.06431007385253906 0.10109901428222656 0.03125
0.7932777404785156 0.07205009460449219 0.10342216491699219 0.03125
0.813934326171875 0.06801986694335938 0.10242080688476562 0.015625
0.798309326171875 0.06726646423339844 0.10317420959472656 0.03125
0.7877159118652344 0.06397438049316406 0.10143470764160156 0.046875
0.806121826171875 0.06955528259277344 0.10088539123535156 0.0234375
0.798309326171875 0.070281982421875 0.10015869140625 0.03125
0.790496826171875 0.0693359375 0.101104736328125 0.0390625
0.8033409118652344 0.0642547607421875 0.10115432739257812 0.03125
0.8033409118652344 0.06450271606445312 0.1009063720703125 0.03125
0.7877159118652344 0.06474685668945312 0.1006622314453125 0.046875
time 11.85
error 14287.109375
1 self_attn.k_proj
Quantizing the layer self_attn.k_proj ...
0.79327392578125 0.07237052917480469 0.10310554504394531 0.03125
0.782684326171875 0.06917572021484375 0.10126495361328125 0.046875
0.7955284118652344 0.06410026550292969 0.10130882263183594 0.0390625
0.7854652404785156 0.07274436950683594 0.10272789001464844 0.0390625
0.767059326171875 0.06902885437011719 0.10141181945800781 0.0625
0.7932777404785156 0.07455062866210938 0.100921630859375 0.03125
0.782684326171875 0.06781768798828125 0.10262298583984375 0.046875
0.767059326171875 0.06977081298828125 0.10066986083984375 0.0625
0.798309326171875 0.06824302673339844 0.10219764709472656 0.03125
0.8033409118652344 0.06535530090332031 0.10005378723144531 0.03125
0.7698402404785156 0.07210350036621094 0.10336875915527344 0.0546875
0.8111534118652344 0.06403923034667969 0.10136985778808594 0.0234375
0.790496826171875 0.06810379028320312 0.10233688354492188 0.0390625
0.790496826171875 0.06918907165527344 0.10125160217285156 0.0390625
0.782684326171875 0.0686798095703125 0.1017608642578125 0.046875
0.7877159118652344 0.06476783752441406 0.10064125061035156 0.046875
0.7877159118652344 0.06540107727050781 0.10000801086425781 0.046875
0.7955284118652344 0.06488037109375 0.10052871704101562 0.0390625
0.774871826171875 0.07003211975097656 0.10040855407714844 0.0546875
0.782684326171875 0.06920433044433594 0.10123634338378906 0.046875
0.7955284118652344 0.0652923583984375 0.10011672973632812 0.0390625
0.8033409118652344 0.06518173217773438 0.10022735595703125 0.03125
0.7932777404785156 0.07398605346679688 0.1014862060546875 0.03125
0.813934326171875 0.06975364685058594 0.10068702697753906 0.015625
0.8111534118652344 0.06502532958984375 0.10038375854492188 0.0234375
0.759246826171875 0.06710624694824219 0.10333442687988281 0.0703125
0.8010902404785156 0.07266044616699219 0.10281181335449219 0.0234375
0.7932777404785156 0.07401084899902344 0.10146141052246094 0.03125
0.7854652404785156 0.07215690612792969 0.10331535339355469 0.0390625
0.8033409118652344 0.06459236145019531 0.10081672668457031 0.03125
0.8033409118652344 0.06532859802246094 0.10008049011230469 0.03125
0.782684326171875 0.06810951232910156 0.10233116149902344 0.046875
time 11.79
error 14945.48828125
1 self_attn.v_proj
Quantizing the layer self_attn.v_proj ...
0.7396469116210938 0.10266494750976562 0.10300064086914062 0.0546875
0.6012763977050781 0.09381294250488281 0.10178565979003906 0.203125
0.6899948120117188 0.09747886657714844 0.10315132141113281 0.109375
0.7134323120117188 0.1004180908203125 0.10021209716796875 0.0859375
0.6431198120117188 0.09721565246582031 0.10341453552246094 0.15625
0.7474632263183594 0.10450172424316406 0.10116004943847656 0.046875
0.7524948120117188 0.10058784484863281 0.10004234313964844 0.046875
0.7240257263183594 0.10252571105957031 0.10313606262207031 0.0703125
0.7134323120117188 0.09960746765136719 0.10102272033691406 0.0859375
0.7368698120117188 0.09952926635742188 0.10110092163085938 0.0625
0.7474632263183594 0.10282516479492188 0.10283660888671875 0.046875
0.7524948120117188 0.09992027282714844 0.10070991516113281 0.046875
0.7368698120117188 0.10024833679199219 0.10038185119628906 0.0625
0.6403388977050781 0.09441757202148438 0.1011810302734375 0.1640625
0.7446823120117188 0.10046577453613281 0.10016441345214844 0.0546875
0.6821823120117188 0.09738349914550781 0.10324668884277344 0.1171875
0.7446823120117188 0.09943771362304688 0.10119247436523438 0.0546875
0.7837448120117188 0.09891128540039062 0.10171890258789062 0.015625
0.7290573120117188 0.10002708435058594 0.10060310363769531 0.0703125
0.7524948120117188 0.10030555725097656 0.10032463073730469 0.046875
0.7603073120117188 0.09821891784667969 0.10241127014160156 0.0390625
0.7212448120117188 0.09821128845214844 0.10241889953613281 0.078125
0.7681198120117188 0.10039710998535156 0.10023307800292969 0.03125
0.7759323120117188 0.10003471374511719 0.10059547424316406 0.0234375
0.7603073120117188 0.09815025329589844 0.10247993469238281 0.0390625
0.7681198120117188 0.0971221923828125 0.10350799560546875 0.03125
0.6978073120117188 0.0987091064453125 0.10192108154296875 0.1015625
0.7056198120117188 0.09774208068847656 0.10288810729980469 0.09375
0.7603073120117188 0.09978294372558594 0.10084724426269531 0.0390625
0.7603073120117188 0.09801864624023438 0.10261154174804688 0.0390625
0.7653388977050781 0.09474372863769531 0.10085487365722656 0.0390625
0.7653388977050781 0.09375 0.10184860229492188 0.0390625
time 11.53
error 1359.8885498046875
1 self_attn.o_proj
Quantizing the layer self_attn.o_proj ...
0.7195148468017578 0.12464332580566406 0.10115432739257812 0.0546875
0.7323703765869141 0.12043952941894531 0.10031509399414062 0.046875
0.8257160186767578 0.03306770324707031 0.10215377807617188 0.0390625
0.7122440338134766 0.13818740844726562 0.10269355773925781 0.046875
0.7329006195068359 0.13234901428222656 0.1035003662109375 0.03125
0.7044315338134766 0.13858795166015625 0.10229301452636719 0.0546875
0.7681198120117188 0.09846115112304688 0.10216903686523438 0.03125
0.7731513977050781 0.09500312805175781 0.10059547424316406 0.03125
0.7217769622802734 0.11372566223144531 0.10199737548828125 0.0625
0.7407131195068359 0.1357440948486328 0.10010528564453125 0.0234375
0.7547454833984375 0.0900115966796875 0.100555419921875 0.0546875
0.7407131195068359 0.13366317749023438 0.10218620300292969 0.0234375
0.7172756195068359 0.13439369201660156 0.1014556884765625 0.046875
0.7407131195068359 0.1346607208251953 0.10118865966796875 0.0234375
0.7457447052001953 0.12866973876953125 0.10214805603027344 0.0234375
0.7356815338134766 0.1401386260986328 0.10074234008789062 0.0234375
0.7144947052001953 0.12836837768554688 0.10244941711425781 0.0546875
0.7731513977050781 0.09458541870117188 0.10101318359375 0.03125
0.8111534118652344 0.06363487243652344 0.10177421569824219 0.0234375
0.7479953765869141 0.12041664123535156 0.10033798217773438 0.03125
0.7407131195068359 0.13333892822265625 0.10251045227050781 0.0234375
0.7329006195068359 0.13502120971679688 0.10082817077636719 0.03125
0.7519645690917969 0.08379554748535156 0.10173988342285156 0.0625
0.7318382263183594 0.10512351989746094 0.10053825378417969 0.0625
0.7122440338134766 0.13981056213378906 0.10107040405273438 0.046875
0.7804336547851562 0.07982635498046875 0.100677490234375 0.0390625
0.7809638977050781 0.09353065490722656 0.10206794738769531 0.0234375
0.7379322052001953 0.13062667846679688 0.10019111633300781 0.03125
0.7356815338134766 0.1375274658203125 0.10335350036621094 0.0234375
0.7407112121582031 0.13239669799804688 0.10345458984375 0.0234375
0.7754020690917969 0.08433151245117188 0.10120391845703125 0.0390625
0.7172756195068359 0.13466262817382812 0.10118675231933594 0.046875
time 11.31
error 51.9843635559082
1 mlp.gate_proj
Quantizing the layer mlp.gate_proj ...
0.5761193633079529 0.11888442188501358 0.10187122225761414 0.203125
0.6441820859909058 0.129019096493721 0.10179883241653442 0.125
0.7407134175300598 0.13447606563568115 0.10137300938367844 0.0234375
0.45840170979499817 0.10199187695980072 0.10366892069578171 0.3359375
0.6179639101028442 0.12243226170539856 0.10335381329059601 0.15625
0.5002455711364746 0.10819119960069656 0.10250073671340942 0.2890625
0.41655856370925903 0.096343994140625 0.10428494960069656 0.3828125
0.6938384175300598 0.13451439142227173 0.10133468359708786 0.0703125
0.6519945859909058 0.12870469689369202 0.10211323201656342 0.1171875
0.5080580711364746 0.1074928492307663 0.10319909453392029 0.28125
0.6285570859909058 0.12706242501735687 0.10375550389289856 0.140625
0.7172759175300598 0.13534049689769745 0.10050857812166214 0.046875
0.6676195859909058 0.12953931093215942 0.10127861797809601 0.1015625
0.5158705711364746 0.11062054336071014 0.10007139295339584 0.2734375
0.42437106370925903 0.09646109491586685 0.10416784882545471 0.375
0.6704002022743225 0.13276636600494385 0.10308340936899185 0.09375
0.6832445859909058 0.13056696951389313 0.10025095194578171 0.0859375
0.7434940934181213 0.13982658088207245 0.101054348051548 0.015625
0.48965170979499817 0.10520828515291214 0.10045251250267029 0.3046875
0.5839325785636902 0.11863034218549728 0.10212459415197372 0.1953125
0.7434940934181213 0.13944901525974274 0.10143191367387772 0.015625
0.7016509175300598 0.13548384606838226 0.10036521404981613 0.0625
0.5264636874198914 0.11358004063367844 0.10214374959468842 0.2578125
0.7356815934181213 0.1401374340057373 0.10074349492788315 0.0234375
0.7356815934181213 0.13959947228431702 0.10128145664930344 0.0234375
0.7434940934181213 0.13942700624465942 0.10145391523838043 0.015625
0.7434940934181213 0.1404731273651123 0.10040780156850815 0.015625
0.41655784845352173 0.09664633125066757 0.1039833277463913 0.3828125
0.7122440934181213 0.13810481131076813 0.10277610272169113 0.046875
0.7434940934181213 0.13995574414730072 0.10092517733573914 0.015625
0.7356815934181213 0.1388741433620453 0.10200677812099457 0.0234375
0.7434940934181213 0.13891388475894928 0.10196703672409058 0.015625
time 12.62
error 8792.201171875
1 mlp.up_proj
Quantizing the layer mlp.up_proj ...
0.5264509320259094 0.1130882054567337 0.10264835506677628 0.2578125
0.6207438707351685 0.1274002492427826 0.10341839492321014 0.1484375
0.48965170979499817 0.10304153710603714 0.10261926054954529 0.3046875
0.6754320859909058 0.13045980036258698 0.10035812109708786 0.09375
0.46621420979499817 0.10185135155916214 0.10380944609642029 0.328125
0.46621420979499817 0.10372286289930344 0.10193793475627899 0.328125
0.6519945859909058 0.1289680004119873 0.10184993594884872 0.1171875
0.4846205711364746 0.10757091641426086 0.10312102735042572 0.3046875
0.6257756948471069 0.12533143162727356 0.10045535117387772 0.1484375
0.45840170979499817 0.10152559727430344 0.10413520038127899 0.3359375
0.5342761874198914 0.11384618282318115 0.1018776148557663 0.25
0.5604950785636902 0.11735711991786957 0.10339780896902084 0.21875
0.6676195859909058 0.13009430468082428 0.10072362422943115 0.1015625
0.5945264101028442 0.1229248046875 0.10286127030849457 0.1796875
0.43218356370925903 0.09792593866586685 0.10270300507545471 0.3671875
0.4846205711364746 0.1079307347536087 0.10276120156049728 0.3046875
0.6073700785636902 0.12060404568910599 0.10015088319778442 0.171875
0.6625884175300598 0.13191471993923187 0.10393435508012772 0.1015625
0.6335889101028442 0.1255606710910797 0.10022540390491486 0.140625
0.5420886874198914 0.11352042108774185 0.102203369140625 0.2421875
0.45058920979499817 0.10178322345018387 0.10387757420539856 0.34375
0.4768080711364746 0.10639563202857971 0.10429630428552628 0.3125
0.45058920979499817 0.10237441211938858 0.10328638553619385 0.34375
0.6938384175300598 0.13524609804153442 0.10060296952724457 0.0703125
0.7200565934181213 0.13838940858840942 0.10249151289463043 0.0390625
0.7278690934181213 0.13934822380542755 0.10153269022703171 0.03125
0.6860259175300598 0.13459883630275726 0.10125022381544113 0.078125
0.7200565934181213 0.13865555822849274 0.10222537070512772 0.0390625
0.7122440934181213 0.13862574100494385 0.10225518047809601 0.046875
0.6519945859909058 0.1291092336177826 0.10170870274305344 0.1171875
0.7356815934181213 0.13934680819511414 0.10153411328792572 0.0234375
0.7434940934181213 0.13919706642627716 0.10168386250734329 0.015625
time 12.61
error 7506.04150390625
1 mlp.down_proj
Quantizing the layer mlp.down_proj ...
0.6207370758056641 0.1286773681640625 0.10214805603027344 0.1484375
0.6023387908935547 0.12476539611816406 0.10102081298828125 0.171875
0.41655731201171875 0.09922981262207031 0.10140037536621094 0.3828125
0.6966190338134766 0.1385021209716797 0.10237884521484375 0.0625
0.41655731201171875 0.09832572937011719 0.10230445861816406 0.3828125
0.7200565338134766 0.14040565490722656 0.10047531127929688 0.0390625
0.41655731201171875 0.09872245788574219 0.10190773010253906 0.3828125
0.41655731201171875 0.09778404235839844 0.10284614562988281 0.3828125
0.7384624481201172 0.1439666748046875 0.10194587707519531 0.015625
0.7384624481201172 0.14336013793945312 0.10255241394042969 0.015625
0.6966190338134766 0.1380462646484375 0.10283470153808594 0.0625
0.41655731201171875 0.09845352172851562 0.10217666625976562 0.3828125
0.4271507263183594 0.10157966613769531 0.10408210754394531 0.3671875
0.6101512908935547 0.12528228759765625 0.10050392150878906 0.1640625
0.41655731201171875 0.09894943237304688 0.10168075561523438 0.3828125
0.7306499481201172 0.142242431640625 0.10367012023925781 0.0234375
0.7228374481201172 0.14227867126464844 0.10363388061523438 0.03125
0.41655731201171875 0.09791183471679688 0.10271835327148438 0.3828125
0.41655731201171875 0.09867095947265625 0.101959228515625 0.3828125
0.7356815338134766 0.1408538818359375 0.10002708435058594 0.0234375
0.7278690338134766 0.1408538818359375 0.10002708435058594 0.03125
0.7044315338134766 0.13826370239257812 0.10261726379394531 0.0546875
0.7228374481201172 0.14220237731933594 0.10371017456054688 0.03125
0.6469631195068359 0.1322193145751953 0.10363006591796875 0.1171875
0.6547756195068359 0.1330738067626953 0.10277557373046875 0.109375
0.6809940338134766 0.137420654296875 0.10346031188964844 0.078125
0.7044315338134766 0.13861656188964844 0.102264404296875 0.0546875
0.41655731201171875 0.0981903076171875 0.10243988037109375 0.3828125
0.7122440338134766 0.13933372497558594 0.1015472412109375 0.046875
0.6441822052001953 0.1308116912841797 0.100006103515625 0.125
0.7278690338134766 0.14067649841308594 0.1002044677734375 0.03125
0.7200565338134766 0.140106201171875 0.10077476501464844 0.0390625
0.7200565338134766 0.13921737670898438 0.10166358947753906 0.0390625
0.5370578765869141 0.11769294738769531 0.10306167602539062 0.2421875
0.7228374481201172 0.1423320770263672 0.10358047485351562 0.03125
0.7122440338134766 0.13904953002929688 0.10183143615722656 0.046875
0.7306499481201172 0.1427021026611328 0.10321044921875 0.0234375
0.7356815338134766 0.14064407348632812 0.10023689270019531 0.0234375
0.41655731201171875 0.098297119140625 0.10233306884765625 0.3828125
0.5632762908935547 0.12203598022460938 0.10375022888183594 0.2109375
0.7278690338134766 0.14087677001953125 0.10000419616699219 0.03125
0.7044315338134766 0.13873863220214844 0.102142333984375 0.0546875
0.7306499481201172 0.1432209014892578 0.102691650390625 0.0234375
0.4427757263183594 0.10332298278808594 0.10233879089355469 0.3515625
0.41655731201171875 0.09823989868164062 0.10239028930664062 0.3828125
0.7384624481201172 0.142822265625 0.10309028625488281 0.015625
0.7228374481201172 0.1424694061279297 0.10344314575195312 0.03125
0.41655731201171875 0.09892654418945312 0.10170364379882812 0.3828125
0.7122440338134766 0.13882827758789062 0.10205268859863281 0.046875
0.7044315338134766 0.13888931274414062 0.10199165344238281 0.0546875
0.7356815338134766 0.14084625244140625 0.10003471374511719 0.0234375
0.41655731201171875 0.09913444519042969 0.10149574279785156 0.3828125
0.6625881195068359 0.13420486450195312 0.10164451599121094 0.1015625
0.6469631195068359 0.13236618041992188 0.10348320007324219 0.1171875
0.7306499481201172 0.1423168182373047 0.10359573364257812 0.0234375
0.7200565338134766 0.1398944854736328 0.10098648071289062 0.0390625
0.41655731201171875 0.09799957275390625 0.102630615234375 0.3828125
0.4584007263183594 0.1048431396484375 0.10081863403320312 0.3359375
0.6129322052001953 0.1282939910888672 0.1025238037109375 0.15625
0.7306499481201172 0.14304733276367188 0.10286521911621094 0.0234375
0.6782131195068359 0.13550567626953125 0.10034370422363281 0.0859375
0.7384624481201172 0.14339256286621094 0.10251998901367188 0.015625
0.6809940338134766 0.13749313354492188 0.10338783264160156 0.078125
0.6625881195068359 0.1337738037109375 0.10207557678222656 0.1015625
0.7278690338134766 0.14031600952148438 0.10056495666503906 0.03125
0.7306499481201172 0.14341163635253906 0.10250091552734375 0.0234375
0.6888065338134766 0.1383495330810547 0.10253143310546875 0.0703125
0.7306499481201172 0.14307785034179688 0.10283470153808594 0.0234375
0.7384624481201172 0.14307785034179688 0.10283470153808594 0.015625
0.7200565338134766 0.13968467712402344 0.1011962890625 0.0390625
0.6860256195068359 0.13571548461914062 0.10013389587402344 0.078125
0.7356815338134766 0.1406707763671875 0.10021018981933594 0.0234375
0.5108394622802734 0.11299896240234375 0.10272407531738281 0.2734375
0.7384624481201172 0.14328765869140625 0.10262489318847656 0.015625
0.7306499481201172 0.1429920196533203 0.1029205322265625 0.0234375
0.41655731201171875 0.09801483154296875 0.1026153564453125 0.3828125
0.7228374481201172 0.14271163940429688 0.10320091247558594 0.03125
0.7122440338134766 0.13882064819335938 0.10206031799316406 0.046875
0.6888065338134766 0.13763809204101562 0.10324287414550781 0.0703125
0.7306499481201172 0.14282798767089844 0.10308456420898438 0.0234375
0.7200565338134766 0.14000892639160156 0.10087203979492188 0.0390625
0.7384624481201172 0.1432056427001953 0.1027069091796875 0.015625
0.41655731201171875 0.098388671875 0.10224151611328125 0.3828125
0.7122440338134766 0.13867950439453125 0.10220146179199219 0.046875
0.7200565338134766 0.14072418212890625 0.10015678405761719 0.0390625
0.7306480407714844 0.14284706115722656 0.10306739807128906 0.0234375
time 30.33
error 4222.71435546875
2 self_attn.q_proj
Quantizing the layer self_attn.q_proj ...
0.7212352752685547 0.09832954406738281 0.1023101806640625 0.078125
0.7290573120117188 0.09823799133300781 0.10239219665527344 0.0703125
0.7603073120117188 0.09997749328613281 0.10065269470214844 0.0390625
0.7630882263183594 0.10252571105957031 0.10313606262207031 0.03125
0.7787132263183594 0.10291671752929688 0.10274505615234375 0.015625
0.5984954833984375 0.0882110595703125 0.10235595703125 0.2109375
0.7290573120117188 0.09864425659179688 0.10198593139648438 0.0703125
0.7446823120117188 0.09849739074707031 0.10213279724121094 0.0546875
0.7709007263183594 0.10205078125 0.10361099243164062 0.0234375
0.7709007263183594 0.10202407836914062 0.1036376953125 0.0234375
0.7759323120117188 0.10014724731445312 0.10048294067382812 0.0234375
0.7681198120117188 0.09972381591796875 0.1009063720703125 0.03125
0.7681198120117188 0.10035133361816406 0.10027885437011719 0.03125
0.7134323120117188 0.09745025634765625 0.103179931640625 0.0859375
0.7290573120117188 0.09816360473632812 0.10246658325195312 0.0703125
0.6481513977050781 0.09279441833496094 0.10280418395996094 0.15625
0.7681198120117188 0.09961700439453125 0.10101318359375 0.03125
0.7709007263183594 0.10202407836914062 0.1036376953125 0.0234375
0.7787132263183594 0.1019744873046875 0.10368728637695312 0.015625
0.7630882263183594 0.10187149047851562 0.103790283203125 0.03125
0.7787132263183594 0.10335731506347656 0.10230445861816406 0.015625
0.7709007263183594 0.10308074951171875 0.10258102416992188 0.0234375
0.7709007263183594 0.10260963439941406 0.10305213928222656 0.0234375
0.7787132263183594 0.10298347473144531 0.10267829895019531 0.015625
0.7787132263183594 0.10289764404296875 0.10276412963867188 0.015625
0.7787132263183594 0.10326766967773438 0.10239410400390625 0.015625
0.7787132263183594 0.1026611328125 0.10300064086914062 0.015625
0.7290573120117188 0.09864044189453125 0.10198974609375 0.0703125
0.7709007263183594 0.103057861328125 0.10260391235351562 0.0234375
0.7709007263183594 0.10356903076171875 0.10209274291992188 0.0234375
0.7709007263183594 0.10290718078613281 0.10275459289550781 0.0234375
0.7787132263183594 0.10302543640136719 0.10263633728027344 0.015625
time 11.46
error 26659.392578125
2 self_attn.k_proj
Quantizing the layer self_attn.k_proj ...
0.7418975830078125 0.09283447265625 0.1027679443359375 0.0625
0.5800895690917969 0.08148574829101562 0.1040496826171875 0.234375
0.7731513977050781 0.09339332580566406 0.10220527648925781 0.03125
0.7809638977050781 0.09503364562988281 0.10056495666503906 0.0234375
0.7887763977050781 0.09485054016113281 0.10074806213378906 0.015625
0.7653388977050781 0.09456062316894531 0.10103797912597656 0.0390625
0.7731513977050781 0.09418487548828125 0.10141372680664062 0.03125
0.7653388977050781 0.09447669982910156 0.10112190246582031 0.0390625
0.7731513977050781 0.09501266479492188 0.1005859375 0.03125
0.7809638977050781 0.09529685974121094 0.10030174255371094 0.0234375
0.7809638977050781 0.09529685974121094 0.10030174255371094 0.0234375
0.7809638977050781 0.09544944763183594 0.10014915466308594 0.0234375
0.7809638977050781 0.09504127502441406 0.10055732727050781 0.0234375
0.5304336547851562 0.07703971862792969 0.10346412658691406 0.2890625
0.7262763977050781 0.09191131591796875 0.10368728637695312 0.078125
0.6191520690917969 0.08355331420898438 0.10198211669921875 0.1953125
0.7731513977050781 0.09429168701171875 0.10130691528320312 0.03125
0.7809638977050781 0.09509086608886719 0.10050773620605469 0.0234375
0.7809638977050781 0.094390869140625 0.10120773315429688 0.0234375
0.7731513977050781 0.09462356567382812 0.10097503662109375 0.03125
0.7887763977050781 0.09502410888671875 0.10057449340820312 0.015625
0.7887763977050781 0.09541893005371094 0.10017967224121094 0.015625
0.7809638977050781 0.0951690673828125 0.10042953491210938 0.0234375
0.7887763977050781 0.09538841247558594 0.10021018981933594 0.015625
0.7837448120117188 0.09706687927246094 0.10356330871582031 0.015625
0.7837448120117188 0.09668350219726562 0.10394668579101562 0.015625
0.7887763977050781 0.09547805786132812 0.10012054443359375 0.015625
0.7419013977050781 0.09344100952148438 0.1021575927734375 0.0625
0.7809638977050781 0.09534072875976562 0.10025787353515625 0.0234375
0.7759323120117188 0.09758186340332031 0.10304832458496094 0.0234375
0.7759323120117188 0.0972747802734375 0.10335540771484375 0.0234375
0.7887763977050781 0.09527397155761719 0.10032463073730469 0.015625
time 11.29
error 29458.12890625
2 self_attn.v_proj
Quantizing the layer self_attn.v_proj ...
0.5604763031005859 0.11758804321289062 0.10318565368652344 0.21875
0.484619140625 0.10741806030273438 0.10327529907226562 0.3046875
0.6179637908935547 0.12232017517089844 0.10346603393554688 0.15625
0.6414012908935547 0.1252460479736328 0.1005401611328125 0.1328125
0.508056640625 0.10844993591308594 0.10224342346191406 0.28125
0.7200565338134766 0.1373767852783203 0.10350418090820312 0.0390625
0.6676197052001953 0.1298236846923828 0.10099411010742188 0.1015625
0.5186519622802734 0.11199760437011719 0.10372543334960938 0.265625
0.5839328765869141 0.119384765625 0.10136985778808594 0.1953125
0.6938381195068359 0.13309478759765625 0.10275459289550781 0.0703125
0.7094631195068359 0.1347503662109375 0.10109901428222656 0.0546875
0.5917453765869141 0.11941909790039062 0.10133552551269531 0.1875
0.7356815338134766 0.137939453125 0.10294151306152344 0.0234375
0.6598052978515625 0.1296100616455078 0.10120964050292969 0.109375
0.6754322052001953 0.1306171417236328 0.10020065307617188 0.09375
0.5761203765869141 0.11856460571289062 0.10219001770019531 0.203125
0.7329006195068359 0.135162353515625 0.10068702697753906 0.03125
0.7356815338134766 0.13824844360351562 0.10263252258300781 0.0234375
0.7329006195068359 0.13515853881835938 0.10069084167480469 0.03125
0.7356815338134766 0.1379413604736328 0.10293960571289062 0.0234375
0.7278690338134766 0.13770484924316406 0.10317611694335938 0.03125
0.7172756195068359 0.13502883911132812 0.10082054138183594 0.046875
0.7278690338134766 0.1385974884033203 0.10228347778320312 0.03125
0.7278690338134766 0.13734054565429688 0.10354042053222656 0.03125
0.7172756195068359 0.13527297973632812 0.10057640075683594 0.046875
0.7356815338134766 0.1376323699951172 0.10324859619140625 0.0234375
0.7356815338134766 0.1384906768798828 0.10239028930664062 0.0234375
0.6832447052001953 0.13014793395996094 0.10066986083984375 0.0859375
0.7356815338134766 0.1376361846923828 0.10324478149414062 0.0234375
0.7356815338134766 0.1380634307861328 0.10281753540039062 0.0234375
0.7356796264648438 0.13721466064453125 0.103668212890625 0.0234375
0.7407131195068359 0.1352081298828125 0.10064125061035156 0.0234375
time 10.98
error 7580.7490234375
2 self_attn.o_proj
Quantizing the layer self_attn.o_proj ...
0.6860256195068359 0.13556861877441406 0.10028076171875 0.078125
0.6363697052001953 0.12853622436523438 0.10228157043457031 0.1328125
0.7301197052001953 0.12744712829589844 0.10337066650390625 0.0390625
0.6363697052001953 0.1288013458251953 0.10201644897460938 0.1328125
0.7066822052001953 0.1291351318359375 0.10168266296386719 0.0625
0.7250881195068359 0.13472557067871094 0.10112380981445312 0.0390625
0.7122440338134766 0.13794708251953125 0.10293388366699219 0.046875
0.7356815338134766 0.13754844665527344 0.10333251953125 0.0234375
0.7200565338134766 0.13950157165527344 0.10137939453125 0.0390625
0.7278690338134766 0.14081764221191406 0.10006332397460938 0.03125
0.7306499481201172 0.14259719848632812 0.10331535339355469 0.0234375
0.7379322052001953 0.12950706481933594 0.10131072998046875 0.03125
0.7384624481201172 0.14382362365722656 0.10208892822265625 0.015625
0.4427757263183594 0.10294914245605469 0.10271263122558594 0.3515625
0.7200565338134766 0.13866615295410156 0.10221481323242188 0.0390625
0.7379322052001953 0.13023757934570312 0.10058021545410156 0.03125
0.7434940338134766 0.1402149200439453 0.10066604614257812 0.015625
0.5342769622802734 0.11173820495605469 0.10398483276367188 0.25
0.7044315338134766 0.1382160186767578 0.10266494750976562 0.0546875
0.7200565338134766 0.13918113708496094 0.1016998291015625 0.0390625
0.7122440338134766 0.13851547241210938 0.10236549377441406 0.046875
0.6910572052001953 0.12973785400390625 0.10107994079589844 0.078125
0.7245578765869141 0.12007904052734375 0.10067558288574219 0.0546875
0.7245578765869141 0.12041282653808594 0.100341796875 0.0546875
0.6101512908935547 0.12469291687011719 0.10109329223632812 0.1640625
0.7457447052001953 0.1290283203125 0.10178947448730469 0.0234375
0.7016506195068359 0.13224029541015625 0.10360908508300781 0.0625
0.6988697052001953 0.1285533905029297 0.102264404296875 0.0703125
0.7200565338134766 0.13802146911621094 0.1028594970703125 0.0390625
0.6794013977050781 0.09445762634277344 0.10114097595214844 0.125
0.7401828765869141 0.12006759643554688 0.10068702697753906 0.0390625
0.7407131195068359 0.13481903076171875 0.10103034973144531 0.0234375
time 10.99
error 45.86920928955078
2 mlp.gate_proj
Quantizing the layer mlp.gate_proj ...
0.42435047030448914 0.09863778203725815 0.10201174765825272 0.375
0.6363695859909058 0.1294151097536087 0.10140281170606613 0.1328125
0.42437106370925903 0.09619282186031342 0.10443612188100815 0.375
0.44277670979499817 0.10183999687433243 0.10382080078125 0.3515625
0.6023381948471069 0.12358980625867844 0.10219698399305344 0.171875
0.6207445859909058 0.1281425952911377 0.10267532616853714 0.1484375
0.6023389101028442 0.12511852383613586 0.1006675511598587 0.171875
0.6285570859909058 0.12842293083667755 0.10239499062299728 0.140625
0.5604950785636902 0.11913210898637772 0.10162282735109329 0.21875
0.6023381948471069 0.12401208281517029 0.10177469998598099 0.171875
0.5867131948471069 0.12259052693843842 0.10319625586271286 0.1875
0.5002455711364746 0.10964895039796829 0.10104299336671829 0.2890625
0.6129320859909058 0.1272689402103424 0.10354898124933243 0.15625
0.6469634175300598 0.13229015469551086 0.10355892032384872 0.1171875
0.6519945859909058 0.13055135309696198 0.10026656836271286 0.1171875
0.6101514101028442 0.1256600320339203 0.10012604296207428 0.1640625
0.7278690934181213 0.13929642736911774 0.10158450156450272 0.03125
0.6625884175300598 0.13267765939235687 0.10317141562700272 0.1015625
0.5526825785636902 0.1173911839723587 0.10336374491453171 0.2265625
0.7356815934181213 0.13988831639289856 0.1009926050901413 0.0234375
0.42437034845352173 0.09843338280916214 0.10219626873731613 0.375
0.41655856370925903 0.09787909686565399 0.10274984687566757 0.3828125
0.5683075785636902 0.11978220194578171 0.1009727269411087 0.2109375
0.6441820859909058 0.12891405820846558 0.10190387070178986 0.125
0.5945264101028442 0.12327753007411957 0.102508544921875 0.1796875
0.7356815934181213 0.1406753957271576 0.10020553320646286 0.0234375
0.7306504249572754 0.14224101603031158 0.10367105156183243 0.0234375
0.6782134175300598 0.13464000821113586 0.10120906680822372 0.0859375
0.7356815934181213 0.14070235192775726 0.100178562104702 0.0234375
0.7278690934181213 0.13992877304553986 0.1009521484375 0.03125
0.7356815934181213 0.1403084695339203 0.10057245194911957 0.0234375
0.7356815934181213 0.13985709846019745 0.101023830473423 0.0234375
time 12.69
error 20069.56640625
2 mlp.up_proj
Quantizing the layer mlp.up_proj ...
0.6363489627838135 0.12963157892227173 0.101206935942173 0.1328125
0.5945256948471069 0.12457062304019928 0.101216159760952 0.1796875
0.6519945859909058 0.12802265584468842 0.10279526561498642 0.1171875
0.6207445859909058 0.12753011286258698 0.10328780859708786 0.1484375
0.5945256948471069 0.12243368476629257 0.1033530980348587 0.1796875
0.5683075785636902 0.120320163667202 0.10043476521968842 0.2109375
0.6547759175300598 0.13311128318309784 0.10273778438568115 0.109375
0.6207445859909058 0.12856487929821014 0.10225304961204529 0.1484375
0.6129313707351685 0.12701770663261414 0.103800930082798 0.15625
0.6207445859909058 0.12760889530181885 0.10320902615785599 0.1484375
0.5867139101028442 0.12278995662927628 0.10299611836671829 0.1875
0.46621420979499817 0.10442334413528442 0.101237453520298 0.328125
0.5448700785636902 0.11740253865718842 0.103352390229702 0.234375
0.5710889101028442 0.12231870740652084 0.10346736758947372 0.203125
0.41655856370925903 0.0974830836057663 0.10314586758613586 0.3828125
0.5526825785636902 0.1189064234495163 0.10184851288795471 0.2265625
0.4215897023677826 0.09500619024038315 0.10059161484241486 0.3828125
0.42437106370925903 0.09766902774572372 0.10295992344617844 0.375
0.6704009175300598 0.13302895426750183 0.10282010585069656 0.09375
0.7356815934181213 0.13961933553218842 0.10126157850027084 0.0234375
0.4768080711364746 0.10727212578058243 0.10341981053352356 0.3125
0.5945264101028442 0.12387155741453171 0.10191451758146286 0.1796875
0.6519945859909058 0.13074156641960144 0.10007636249065399 0.1171875
0.6101514101028442 0.12450461834669113 0.10128145664930344 0.1640625
0.6363695859909058 0.12876786291599274 0.10205007344484329 0.1328125
0.4924330711364746 0.10870148241519928 0.10199045389890671 0.296875
0.6285570859909058 0.12841583788394928 0.10240209102630615 0.140625
0.42437106370925903 0.09843764454126358 0.10219130665063858 0.375
0.7278690934181213 0.14030562341213226 0.100575290620327 0.03125
0.6179639101028442 0.12562738358974457 0.10015869140625 0.15625
0.7356815934181213 0.14083649218082428 0.10004442930221558 0.0234375
0.7356815934181213 0.13969740271568298 0.10118351131677628 0.0234375
time 12.69
error 17198.341796875
2 mlp.down_proj
Quantizing the layer mlp.down_proj ...
0.6966037750244141 0.1373615264892578 0.10353469848632812 0.0625
0.7016506195068359 0.13544845581054688 0.10040092468261719 0.0625
0.7200565338134766 0.1377716064453125 0.10310935974121094 0.0390625
0.7172756195068359 0.135498046875 0.10035133361816406 0.046875
0.6938381195068359 0.135284423828125 0.10056495666503906 0.0703125
0.7200565338134766 0.1389007568359375 0.10198020935058594 0.0390625
0.7122440338134766 0.1380615234375 0.10281944274902344 0.046875
0.7200565338134766 0.13847732543945312 0.10240364074707031 0.0390625
0.6860256195068359 0.13458251953125 0.10126686096191406 0.078125
0.7278690338134766 0.13908767700195312 0.10179328918457031 0.03125
0.7016506195068359 0.13486099243164062 0.10098838806152344 0.0625
0.7044315338134766 0.1381855010986328 0.10269546508789062 0.0546875
0.7434940338134766 0.13814353942871094 0.1027374267578125 0.015625
0.6966190338134766 0.13715553283691406 0.10372543334960938 0.0625
0.7434940338134766 0.14007568359375 0.10080528259277344 0.015625
0.7122440338134766 0.13766860961914062 0.10321235656738281 0.046875
0.6966190338134766 0.13704681396484375 0.10383415222167969 0.0625
0.7122440338134766 0.1380748748779297 0.10280609130859375 0.046875
0.7122440338134766 0.13854217529296875 0.10233879089355469 0.046875
0.7122440338134766 0.13856887817382812 0.10231208801269531 0.046875
0.7200565338134766 0.1392345428466797 0.10164642333984375 0.0390625
0.7122440338134766 0.1378803253173828 0.10300064086914062 0.046875
0.6966190338134766 0.13713455200195312 0.10374641418457031 0.0625
0.7200565338134766 0.13878250122070312 0.10209846496582031 0.0390625
0.7044315338134766 0.13714027404785156 0.10374069213867188 0.0546875
0.7356815338134766 0.13885498046875 0.10202598571777344 0.0234375
0.6625881195068359 0.13344955444335938 0.10239982604980469 0.1015625
0.7200565338134766 0.1381855010986328 0.10269546508789062 0.0390625
0.7044315338134766 0.13764572143554688 0.10323524475097656 0.0546875
0.7094631195068359 0.13573265075683594 0.10011672973632812 0.0546875
0.7200565338134766 0.139495849609375 0.10138511657714844 0.0390625
0.7200565338134766 0.1386241912841797 0.10225677490234375 0.0390625
0.7122440338134766 0.13848114013671875 0.10239982604980469 0.046875
0.7356815338134766 0.138885498046875 0.10199546813964844 0.0234375
0.7122440338134766 0.13849258422851562 0.10238838195800781 0.046875
0.6938362121582031 0.1343212127685547 0.10153007507324219 0.0703125
0.7200565338134766 0.13815689086914062 0.10272407531738281 0.0390625
0.6704006195068359 0.13291168212890625 0.10293769836425781 0.09375
0.7278690338134766 0.13800811767578125 0.10287284851074219 0.03125
0.7094631195068359 0.13563156127929688 0.10021781921386719 0.0546875
0.6860256195068359 0.13471031188964844 0.10113906860351562 0.078125
0.7200565338134766 0.13846969604492188 0.10241127014160156 0.0390625
0.7044315338134766 0.13704299926757812 0.10383796691894531 0.0546875
0.7122440338134766 0.13800048828125 0.10288047790527344 0.046875
0.6625881195068359 0.1324005126953125 0.10344886779785156 0.1015625
0.5945262908935547 0.12418746948242188 0.10159873962402344 0.1796875
0.7200565338134766 0.13988685607910156 0.10099411010742188 0.0390625
0.7278690338134766 0.1398181915283203 0.10106277465820312 0.03125
0.7122440338134766 0.13808631896972656 0.10279464721679688 0.046875
0.6938381195068359 0.13498306274414062 0.10086631774902344 0.0703125
0.7278690338134766 0.1389617919921875 0.10191917419433594 0.03125
0.7016506195068359 0.13557052612304688 0.10027885437011719 0.0625
0.7278690338134766 0.13810348510742188 0.10277748107910156 0.03125
0.7044315338134766 0.13752174377441406 0.10335922241210938 0.0546875
0.6547756195068359 0.13209152221679688 0.10375785827636719 0.109375
0.6782131195068359 0.1335468292236328 0.10230255126953125 0.0859375
0.7016506195068359 0.13552474975585938 0.10032463073730469 0.0625
0.7094631195068359 0.13574790954589844 0.10010147094726562 0.0546875
0.7278690338134766 0.1393585205078125 0.10152244567871094 0.03125
0.6441822052001953 0.1289348602294922 0.1018829345703125 0.125
0.7016506195068359 0.13578033447265625 0.10006904602050781 0.0625
0.6938381195068359 0.13434791564941406 0.10150146484375 0.0703125
0.6519947052001953 0.129730224609375 0.10108757019042969 0.1171875
0.7278690338134766 0.13875770568847656 0.10212326049804688 0.03125
0.7200565338134766 0.1390228271484375 0.10185813903808594 0.0390625
0.7200565338134766 0.13841629028320312 0.10246467590332031 0.0390625
0.6860256195068359 0.13358497619628906 0.102264404296875 0.078125
0.7278690338134766 0.1387786865234375 0.10210227966308594 0.03125
0.7200565338134766 0.1374378204345703 0.10344314575195312 0.0390625
0.7122440338134766 0.13721275329589844 0.103668212890625 0.046875
0.7122421264648438 0.13784027099609375 0.1030426025390625 0.046875
0.7356815338134766 0.1380481719970703 0.10283279418945312 0.0234375
0.7278690338134766 0.13739776611328125 0.10348320007324219 0.03125
0.7200565338134766 0.13897132873535156 0.10190963745117188 0.0390625
0.7172756195068359 0.13536453247070312 0.10048484802246094 0.046875
0.7094631195068359 0.13510513305664062 0.10074424743652344 0.0546875
0.7356815338134766 0.13841819763183594 0.1024627685546875 0.0234375
0.7356815338134766 0.13770484924316406 0.10317611694335938 0.0234375
0.7278690338134766 0.13698768615722656 0.10389328002929688 0.03125
0.7356815338134766 0.13762664794921875 0.10325431823730469 0.0234375
0.7200565338134766 0.13790321350097656 0.10297775268554688 0.0390625
0.7356815338134766 0.13761329650878906 0.10326766967773438 0.0234375
0.7407131195068359 0.13581275939941406 0.10003662109375 0.0234375
0.6676197052001953 0.13042068481445312 0.10039710998535156 0.1015625
0.7407131195068359 0.13422775268554688 0.10162162780761719 0.0234375
0.7250881195068359 0.13277435302734375 0.10307502746582031 0.0390625
time 30.27
error 269.9783630371094
3 self_attn.q_proj
Quantizing the layer self_attn.q_proj ...
0.7424278259277344 0.1100006103515625 0.10069656372070312 0.046875
0.695556640625 0.10748481750488281 0.10320854187011719 0.09375
0.758056640625 0.10969924926757812 0.10099411010742188 0.03125
0.758056640625 0.11027145385742188 0.10042190551757812 0.03125
0.7686519622802734 0.11284255981445312 0.10288047790527344 0.015625
0.734619140625 0.10969924926757812 0.10099411010742188 0.0546875
0.5622138977050781 0.09398460388183594 0.10161399841308594 0.2421875
0.742431640625 0.10939407348632812 0.10129928588867188 0.046875
0.758056640625 0.11028099060058594 0.10041236877441406 0.03125
0.7608394622802734 0.11231803894042969 0.10340499877929688 0.0234375
0.7608394622802734 0.11243820190429688 0.10328483581542969 0.0234375
0.6693382263183594 0.10338973999023438 0.10227203369140625 0.125
0.7608394622802734 0.11207199096679688 0.10365104675292969 0.0234375
0.703369140625 0.107177734375 0.103515625 0.0859375
0.726806640625 0.10905838012695312 0.10163497924804688 0.0625
0.711181640625 0.10817146301269531 0.10252189636230469 0.078125
0.758056640625 0.10975265502929688 0.10094070434570312 0.03125
0.7608394622802734 0.11255073547363281 0.10317230224609375 0.0234375
0.7608394622802734 0.1125640869140625 0.10315895080566406 0.0234375
0.758056640625 0.11047172546386719 0.10022163391113281 0.03125
0.765869140625 0.11051368713378906 0.10017967224121094 0.0234375
0.7608375549316406 0.11344146728515625 0.10228347778320312 0.0234375
0.7608394622802734 0.11262893676757812 0.10309410095214844 0.0234375
0.7686519622802734 0.11267662048339844 0.10304641723632812 0.015625
0.765869140625 0.11065864562988281 0.10003471374511719 0.0234375
0.7686519622802734 0.11278724670410156 0.102935791015625 0.015625
0.7686500549316406 0.11302566528320312 0.10269927978515625 0.015625
0.6693382263183594 0.10372734069824219 0.10193443298339844 0.125
0.7608394622802734 0.11277389526367188 0.10294914245605469 0.0234375
0.7608394622802734 0.11211395263671875 0.10360908508300781 0.0234375
0.7608394622802734 0.11288833618164062 0.10283470153808594 0.0234375
0.773681640625 0.11025047302246094 0.10044288635253906 0.015625
time 11.33
error 77752.75
3 self_attn.k_proj
Quantizing the layer self_attn.k_proj ...
0.7502384185791016 0.1075286865234375 0.10317039489746094 0.0390625
0.7162132263183594 0.10320281982421875 0.10245895385742188 0.078125
0.7630882263183594 0.10528373718261719 0.10037803649902344 0.03125
0.765869140625 0.10722923278808594 0.10346412658691406 0.0234375
0.773681640625 0.10785675048828125 0.10283660888671875 0.015625
0.7396507263183594 0.10490798950195312 0.1007537841796875 0.0546875
0.6012763977050781 0.09346961975097656 0.10212898254394531 0.203125
0.7240257263183594 0.10370445251464844 0.10195732116699219 0.0703125
0.765869140625 0.1074676513671875 0.1032257080078125 0.0234375
0.758056640625 0.10732841491699219 0.10336494445800781 0.03125
0.765869140625 0.10784912109375 0.10284423828125 0.0234375
0.7396507263183594 0.10405540466308594 0.10160636901855469 0.0546875
0.765869140625 0.10792160034179688 0.10277175903320312 0.0234375
0.6431198120117188 0.09752845764160156 0.10310173034667969 0.15625
0.7396507263183594 0.10482978820800781 0.10083198547363281 0.0546875
0.6509323120117188 0.09813690185546875 0.1024932861328125 0.1484375
0.758056640625 0.10712051391601562 0.10357284545898438 0.03125
0.7658672332763672 0.107879638671875 0.10281562805175781 0.0234375
0.765869140625 0.10763931274414062 0.10305404663085938 0.0234375
0.7709007263183594 0.10536384582519531 0.10029792785644531 0.0234375
0.7709007263183594 0.10562515258789062 0.10003662109375 0.0234375
0.765869140625 0.10769462585449219 0.10299873352050781 0.0234375
0.765869140625 0.107635498046875 0.103057861328125 0.0234375
0.773681640625 0.10796165466308594 0.10273170471191406 0.015625
0.765869140625 0.10820579528808594 0.10248756408691406 0.0234375
0.773681640625 0.10801506042480469 0.10267829895019531 0.015625
0.773681640625 0.10785675048828125 0.10283660888671875 0.015625
0.6927757263183594 0.10233879089355469 0.10332298278808594 0.1015625
0.765869140625 0.10826301574707031 0.10243034362792969 0.0234375
0.765869140625 0.10840988159179688 0.10228347778320312 0.0234375
0.765869140625 0.10811805725097656 0.10257530212402344 0.0234375
0.773681640625 0.1074066162109375 0.1032867431640625 0.015625
time 11.21
error 83786.140625
3 self_attn.v_proj
Quantizing the layer self_attn.v_proj ...
0.5498924255371094 0.11312675476074219 0.10260581970214844 0.234375
0.6676197052001953 0.12865447998046875 0.10216331481933594 0.1015625
0.4215888977050781 0.09247589111328125 0.10312271118164062 0.3828125
0.6910572052001953 0.1303539276123047 0.1004638671875 0.078125
0.6676197052001953 0.1280536651611328 0.10276412963867188 0.1015625
0.6938381195068359 0.13243484497070312 0.10341453552246094 0.0703125
0.6257762908935547 0.122955322265625 0.10283088684082031 0.1484375
0.6414012908935547 0.12509727478027344 0.10068893432617188 0.1328125
0.523681640625 0.10860633850097656 0.10208702087402344 0.265625
0.7172756195068359 0.133697509765625 0.10215187072753906 0.046875
0.7250881195068359 0.13388442993164062 0.10196495056152344 0.0390625
0.6648387908935547 0.1255664825439453 0.1002197265625 0.109375
0.7356815338134766 0.13770484924316406 0.10317611694335938 0.0234375
0.6519947052001953 0.12741470336914062 0.10340309143066406 0.1171875
0.7250881195068359 0.1347808837890625 0.10106849670410156 0.0390625
0.5420894622802734 0.11239814758300781 0.10332489013671875 0.2421875
0.7250881195068359 0.13332176208496094 0.10252761840820312 0.0390625
0.7329006195068359 0.1353759765625 0.10047340393066406 0.03125
0.7250881195068359 0.13360214233398438 0.10224723815917969 0.0390625
0.7407131195068359 0.13525009155273438 0.10059928894042969 0.0234375
0.7407131195068359 0.1351776123046875 0.10067176818847656 0.0234375
0.7094631195068359 0.13376617431640625 0.10208320617675781 0.0546875
0.7329006195068359 0.1349658966064453 0.10088348388671875 0.03125
0.7328987121582031 0.13546180725097656 0.10038948059082031 0.03125
0.7016506195068359 0.1330127716064453 0.10283660888671875 0.0625
0.7407131195068359 0.13571739196777344 0.10013198852539062 0.0234375
0.7356815338134766 0.13785743713378906 0.10302352905273438 0.0234375
0.6832447052001953 0.12972450256347656 0.10109329223632812 0.0859375
0.7407131195068359 0.13519859313964844 0.10065078735351562 0.0234375
0.7329006195068359 0.134185791015625 0.10166358947753906 0.03125
0.7407131195068359 0.13476181030273438 0.10108757019042969 0.0234375
0.7407131195068359 0.13410568237304688 0.10174369812011719 0.0234375
time 10.97
error 22508.67578125
3 self_attn.o_proj
Quantizing the layer self_attn.o_proj ...
0.7250804901123047 0.1345806121826172 0.10127639770507812 0.0390625
0.7407131195068359 0.13304710388183594 0.10280227661132812 0.0234375
0.492431640625 0.10941505432128906 0.10127830505371094 0.296875
0.7094631195068359 0.1351032257080078 0.10074615478515625 0.0546875
0.7356815338134766 0.1401214599609375 0.10075950622558594 0.0234375
0.7278690338134766 0.13883590698242188 0.10204505920410156 0.03125
0.7016506195068359 0.13542938232421875 0.10041999816894531 0.0625
0.7172756195068359 0.13443374633789062 0.10141563415527344 0.046875
0.7278690338134766 0.13755416870117188 0.10332679748535156 0.03125
0.7172756195068359 0.1341838836669922 0.10166549682617188 0.046875
0.7278690338134766 0.1406383514404297 0.10024261474609375 0.03125
0.7172756195068359 0.1339702606201172 0.10187911987304688 0.046875
0.4349632263183594 0.10264205932617188 0.10301971435546875 0.359375
0.7356815338134766 0.1406421661376953 0.10023880004882812 0.0234375
0.7044315338134766 0.13858795166015625 0.10229301452636719 0.0546875
0.7094631195068359 0.13556480407714844 0.10028457641601562 0.0546875
0.7278690338134766 0.13893508911132812 0.10194587707519531 0.03125
0.5186519622802734 0.11174201965332031 0.10398101806640625 0.265625
0.7356815338134766 0.1387004852294922 0.10218048095703125 0.0234375
0.6676197052001953 0.1305217742919922 0.1002960205078125 0.1015625
0.7356815338134766 0.13854217529296875 0.10233879089355469 0.0234375
0.7172756195068359 0.13386917114257812 0.10198020935058594 0.046875
0.7329006195068359 0.13304710388183594 0.10280227661132812 0.03125
0.7434940338134766 0.1405620574951172 0.10031890869140625 0.015625
0.7356815338134766 0.14011764526367188 0.10076332092285156 0.0234375
0.7273387908935547 0.12473297119140625 0.10105323791503906 0.046875
0.7401828765869141 0.11790657043457031 0.10284805297851562 0.0390625
0.7479953765869141 0.117340087890625 0.10341453552246094 0.03125
0.6598072052001953 0.12714004516601562 0.10367774963378906 0.109375
0.6676197052001953 0.12882423400878906 0.10199356079101562 0.1015625
0.7301197052001953 0.13002395629882812 0.10079383850097656 0.0390625
0.7960586547851562 0.07840538024902344 0.10209846496582031 0.0234375
time 10.96
error 125.08113098144531
3 mlp.gate_proj
Quantizing the layer mlp.gate_proj ...
0.5866982936859131 0.12266363203525543 0.10313805937767029 0.1875
0.6363695859909058 0.12972596287727356 0.10109195858240128 0.1328125
0.5264636874198914 0.1122031956911087 0.10352059453725815 0.2578125
0.5420886874198914 0.11514423787593842 0.10057955235242844 0.2421875
0.5839318633079529 0.11999157071113586 0.10076407343149185 0.1953125
0.41655856370925903 0.09855474531650543 0.10207419842481613 0.3828125
0.5683075785636902 0.12016544491052628 0.10058948397636414 0.2109375
0.5789014101028442 0.12253162264823914 0.10325445234775543 0.1953125
0.6101514101028442 0.125091552734375 0.10069452226161957 0.1640625
0.6023389101028442 0.124034084379673 0.10175199061632156 0.171875
0.41655856370925903 0.09807711094617844 0.10255184024572372 0.3828125
0.5604950785636902 0.11855369061231613 0.10220123827457428 0.21875
0.7278690934181213 0.14030420780181885 0.10057671368122101 0.03125
0.6129320859909058 0.12755140662193298 0.10326651483774185 0.15625
0.6860259175300598 0.1349380910396576 0.100910983979702 0.078125
0.5867131948471069 0.12318172305822372 0.10260506719350815 0.1875
0.7356815934181213 0.14009130001068115 0.1007896214723587 0.0234375
0.6363695859909058 0.12797510623931885 0.10284281522035599 0.1328125
0.5108386874198914 0.11294201016426086 0.10278178006410599 0.2734375
0.7356815934181213 0.14029711484909058 0.10058380663394928 0.0234375
0.7278690934181213 0.14022400975227356 0.1006569117307663 0.03125
0.4689955711364746 0.10656383633613586 0.10412810742855072 0.3203125
0.43496420979499817 0.10138507187366486 0.10427572578191757 0.359375
0.42437106370925903 0.09881237149238586 0.1018165796995163 0.375
0.6363695859909058 0.12857481837272644 0.10224311053752899 0.1328125
0.7356815934181213 0.14067964255809784 0.10020127147436142 0.0234375
0.7306504249572754 0.14239217340946198 0.10351987928152084 0.0234375
0.6547759175300598 0.13221634924411774 0.10363272577524185 0.109375
0.7356815934181213 0.14042486250400543 0.10045605897903442 0.0234375
0.7278690934181213 0.13944333791732788 0.10143759101629257 0.03125
0.7356815934181213 0.14014026522636414 0.10074065625667572 0.0234375
0.7356815934181213 0.13986632227897644 0.10101459920406342 0.0234375
time 12.69
error 36121.1953125
3 mlp.up_proj
Quantizing the layer mlp.up_proj ...
0.4845999777317047 0.10875684022903442 0.10195568203926086 0.3046875
0.5867139101028442 0.12381833046674728 0.10196774452924728 0.1875
0.43218356370925903 0.09758740663528442 0.10304153710603714 0.3671875
0.6207445859909058 0.12753935158252716 0.10327858477830887 0.1484375
0.5839325785636902 0.12025628983974457 0.10049863904714584 0.1953125
0.5370575785636902 0.1170143336057663 0.10374060273170471 0.2421875
0.6207445859909058 0.12829022109508514 0.10252770781517029 0.1484375
0.6207445859909058 0.1288764476776123 0.10194148868322372 0.1484375
0.5683075785636902 0.119892917573452 0.10086201131343842 0.2109375
0.5839325785636902 0.12072327733039856 0.10003165155649185 0.1953125
0.5108386874198914 0.11257224529981613 0.10315154492855072 0.2734375
0.5683075785636902 0.11945999413728714 0.10129494220018387 0.2109375
0.5342761874198914 0.11561264842748642 0.10011114180088043 0.25
0.5867139101028442 0.12407524883747101 0.10171082615852356 0.1875
0.5867139101028442 0.12360399961471558 0.10218207538127899 0.1875
0.5526825785636902 0.11885886639356613 0.10189606249332428 0.2265625
0.42437106370925903 0.09763495624065399 0.10299398750066757 0.375
0.5604950785636902 0.11837910115718842 0.102375827729702 0.21875
0.46621420979499817 0.10470226407051086 0.10095853358507156 0.328125
0.7122440934181213 0.13860516250133514 0.10227575898170471 0.046875
0.44277670979499817 0.10204935818910599 0.10361143201589584 0.3515625
0.43218356370925903 0.09986061602830887 0.10076833516359329 0.3671875
0.5867139101028442 0.12346985936164856 0.10231621563434601 0.1875
0.5002455711364746 0.10975895076990128 0.10093298554420471 0.2890625
0.46621420979499817 0.10452767461538315 0.10113312304019928 0.328125
0.7278690934181213 0.14035247266292572 0.10052844882011414 0.03125
0.41655856370925903 0.09776909649372101 0.10285985469818115 0.3828125
0.5342761874198914 0.11489229649305344 0.10083149373531342 0.25
0.7306504249572754 0.14251282811164856 0.10339923202991486 0.0234375
0.7200565934181213 0.139535591006279 0.10134533047676086 0.0390625
0.7356815934181213 0.1402176320552826 0.10066329687833786 0.0234375
0.7356815934181213 0.14027582108974457 0.10060510039329529 0.0234375
time 12.63
error 30410.052734375
3 mlp.down_proj
Quantizing the layer mlp.down_proj ...
0.6860122680664062 0.1340503692626953 0.10181236267089844 0.078125
0.7278690338134766 0.13745880126953125 0.10342216491699219 0.03125
0.7094631195068359 0.13567352294921875 0.10017585754394531 0.0546875
0.7122440338134766 0.13728904724121094 0.1035919189453125 0.046875
0.7200565338134766 0.13764381408691406 0.10323715209960938 0.0390625
0.7172756195068359 0.1357593536376953 0.10009002685546875 0.046875
0.6207447052001953 0.12822532653808594 0.10259246826171875 0.1484375
0.5867137908935547 0.12294960021972656 0.10283660888671875 0.1875
0.7094631195068359 0.1342182159423828 0.10163116455078125 0.0546875
0.7172756195068359 0.13495826721191406 0.10089111328125 0.046875
0.7250881195068359 0.13584136962890625 0.10000801086425781 0.0390625
0.7278690338134766 0.1377410888671875 0.10313987731933594 0.03125
0.7094631195068359 0.1352672576904297 0.10058212280273438 0.0546875
0.6676197052001953 0.12982559204101562 0.10099220275878906 0.1015625
0.7172756195068359 0.13457679748535156 0.1012725830078125 0.046875
0.7278690338134766 0.13828659057617188 0.10259437561035156 0.03125
0.6441822052001953 0.1281757354736328 0.10264205932617188 0.125
0.7278690338134766 0.13811302185058594 0.1027679443359375 0.03125
0.7356815338134766 0.13930511474609375 0.10157585144042969 0.0234375
0.7200565338134766 0.13743209838867188 0.10344886779785156 0.0390625
0.7200565338134766 0.13759803771972656 0.10328292846679688 0.0390625
0.7329006195068359 0.1355724334716797 0.10027694702148438 0.03125
0.7200565338134766 0.1375904083251953 0.10329055786132812 0.0390625
0.7200565338134766 0.13790512084960938 0.10297584533691406 0.0390625
0.7329006195068359 0.134613037109375 0.10123634338378906 0.03125
0.6363697052001953 0.12827682495117188 0.10254096984863281 0.1328125
0.6860256195068359 0.13309860229492188 0.10275077819824219 0.078125
0.6547756195068359 0.13246917724609375 0.10338020324707031 0.109375
0.7278690338134766 0.1383533477783203 0.10252761840820312 0.03125
0.7172756195068359 0.1348247528076172 0.10102462768554688 0.046875
0.6598072052001953 0.1299591064453125 0.10085868835449219 0.109375
0.6938381195068359 0.13478851318359375 0.10106086730957031 0.0703125
0.7172756195068359 0.13472938537597656 0.1011199951171875 0.046875
0.6938381195068359 0.1337127685546875 0.10213661193847656 0.0703125
0.6179637908935547 0.12464141845703125 0.10114479064941406 0.15625
0.6860256195068359 0.1341838836669922 0.10166549682617188 0.078125
0.7278690338134766 0.1376018524169922 0.10327911376953125 0.03125
0.6704006195068359 0.13240623474121094 0.10344314575195312 0.09375
0.6625881195068359 0.1322193145751953 0.10363006591796875 0.1015625
0.7356815338134766 0.1381092071533203 0.10277175903320312 0.0234375
0.7172756195068359 0.1350078582763672 0.10084152221679688 0.046875
0.7200565338134766 0.1378021240234375 0.10307884216308594 0.0390625
0.7016506195068359 0.1342906951904297 0.10155868530273438 0.0625
0.7094631195068359 0.13486480712890625 0.10098457336425781 0.0546875
0.7172756195068359 0.135528564453125 0.10032081604003906 0.046875
0.7329006195068359 0.1348400115966797 0.10100936889648438 0.03125
0.7250862121582031 0.13533401489257812 0.10051727294921875 0.0390625
0.7485256195068359 0.135284423828125 0.10056495666503906 0.015625
0.7329006195068359 0.134490966796875 0.10135841369628906 0.03125
0.6832447052001953 0.13080787658691406 0.10000991821289062 0.0859375
0.7172756195068359 0.13553428649902344 0.10031509399414062 0.046875
0.7407131195068359 0.13584327697753906 0.100006103515625 0.0234375
0.7172756195068359 0.13498306274414062 0.10086631774902344 0.046875
0.7250881195068359 0.1355457305908203 0.10030364990234375 0.0390625
0.6782131195068359 0.13377761840820312 0.10207176208496094 0.0859375
0.6938381195068359 0.1340160369873047 0.10183334350585938 0.0703125
0.7407131195068359 0.13482093811035156 0.1010284423828125 0.0234375
0.7250881195068359 0.13436317443847656 0.1014862060546875 0.0390625
0.7200565338134766 0.13799095153808594 0.1028900146484375 0.0390625
0.6938381195068359 0.13283538818359375 0.10301399230957031 0.0703125
0.7407131195068359 0.13368988037109375 0.10215950012207031 0.0234375
0.7094631195068359 0.13474273681640625 0.10110664367675781 0.0546875
0.7172756195068359 0.13370323181152344 0.10214614868164062 0.046875
0.7407131195068359 0.13578033447265625 0.10006904602050781 0.0234375
0.6625881195068359 0.13221168518066406 0.1036376953125 0.1015625
0.6860256195068359 0.13474655151367188 0.10110282897949219 0.078125
0.7094631195068359 0.13477516174316406 0.10107421875 0.0546875
0.7356815338134766 0.13775634765625 0.10312461853027344 0.0234375
0.7172756195068359 0.13448524475097656 0.1013641357421875 0.046875
0.7329006195068359 0.13493728637695312 0.10091209411621094 0.03125
0.7094631195068359 0.13405799865722656 0.1017913818359375 0.0546875
0.7407131195068359 0.1343555450439453 0.10149383544921875 0.0234375
0.7250881195068359 0.13485145568847656 0.1009979248046875 0.0390625
0.7016506195068359 0.13452529907226562 0.10132408142089844 0.0625
0.6441822052001953 0.12826156616210938 0.10255622863769531 0.125
0.6257762908935547 0.12473106384277344 0.10105514526367188 0.1484375
0.7329006195068359 0.1353473663330078 0.10050201416015625 0.03125
0.7356815338134766 0.13738059997558594 0.1035003662109375 0.0234375
0.7329006195068359 0.13323020935058594 0.10261917114257812 0.03125
0.7250881195068359 0.13472557067871094 0.10112380981445312 0.0390625
0.7172756195068359 0.13431930541992188 0.10153007507324219 0.046875
0.7094631195068359 0.13427352905273438 0.10157585144042969 0.0546875
0.7407131195068359 0.1332378387451172 0.10261154174804688 0.0234375
0.6910572052001953 0.12988662719726562 0.10093116760253906 0.078125
0.7407131195068359 0.13405609130859375 0.10179328918457031 0.0234375
0.6676197052001953 0.12839889526367188 0.10241889953613281 0.1015625
time 30.31
error 677.052490234375
4 self_attn.q_proj
Quantizing the layer self_attn.q_proj ...
0.7580413818359375 0.10812950134277344 0.10257911682128906 0.03125
0.5175895690917969 0.08240127563476562 0.1031341552734375 0.296875
0.758056640625 0.10769271850585938 0.10300064086914062 0.03125
0.765869140625 0.10866737365722656 0.10202598571777344 0.0234375
0.773681640625 0.10933303833007812 0.10136032104492188 0.015625
0.7396507263183594 0.10551261901855469 0.10014915466308594 0.0546875
0.7005882263183594 0.10281753540039062 0.10284423828125 0.09375
0.5906829833984375 0.08967971801757812 0.10088729858398438 0.21875
0.765869140625 0.10852241516113281 0.10217094421386719 0.0234375
0.765869140625 0.10846138000488281 0.10223197937011719 0.0234375
0.765869140625 0.10892105102539062 0.10177230834960938 0.0234375
0.750244140625 0.10680007934570312 0.10389328002929688 0.0390625
0.765869140625 0.10798835754394531 0.10270500183105469 0.0234375
0.6169013977050781 0.09268951416015625 0.10290908813476562 0.1875
0.750244140625 0.10721778869628906 0.10347557067871094 0.0390625
0.6090888977050781 0.09164810180664062 0.10395050048828125 0.1953125
0.765869140625 0.10827255249023438 0.10242080688476562 0.0234375
0.765869140625 0.10819244384765625 0.10250091552734375 0.0234375
0.765869140625 0.1072540283203125 0.1034393310546875 0.0234375
0.758056640625 0.10660171508789062 0.10409164428710938 0.03125
0.765869140625 0.10742950439453125 0.10326385498046875 0.0234375
0.765869140625 0.10736846923828125 0.10332489013671875 0.0234375
0.765869140625 0.10733795166015625 0.10335540771484375 0.0234375
0.773681640625 0.10809898376464844 0.10259437561035156 0.015625
0.773681640625 0.10819816589355469 0.10249519348144531 0.015625
0.773681640625 0.10804367065429688 0.10264968872070312 0.015625
0.773681640625 0.10822296142578125 0.10247039794921875 0.015625
0.7084007263183594 0.10145378112792969 0.10420799255371094 0.0859375
0.7709007263183594 0.10557746887207031 0.10008430480957031 0.0234375
0.773681640625 0.10771369934082031 0.10297966003417969 0.015625
0.7709007263183594 0.10541343688964844 0.10024833679199219 0.0234375
0.7787132263183594 0.10522842407226562 0.100433349609375 0.015625
time 11.42
error 80056.6953125
4 self_attn.k_proj
Quantizing the layer self_attn.k_proj ...
0.7708969116210938 0.10460853576660156 0.10105705261230469 0.0234375
0.5984954833984375 0.08770751953125 0.1028594970703125 0.2109375
0.7630882263183594 0.10276031494140625 0.10290145874023438 0.03125
0.7787132263183594 0.1042022705078125 0.10145950317382812 0.015625
0.7709007263183594 0.10350608825683594 0.10215568542480469 0.0234375
0.7630882263183594 0.10398292541503906 0.10167884826660156 0.03125
0.7368698120117188 0.09990501403808594 0.10072517395019531 0.0625
0.6950263977050781 0.09558296203613281 0.10001564025878906 0.109375
0.7709007263183594 0.10326576232910156 0.10239601135253906 0.0234375
0.7709007263183594 0.103271484375 0.10239028930664062 0.0234375
0.7787132263183594 0.10446548461914062 0.1011962890625 0.015625
0.7630882263183594 0.10251045227050781 0.10315132141113281 0.03125
0.7709007263183594 0.10333633422851562 0.102325439453125 0.0234375
0.7368698120117188 0.10041046142578125 0.1002197265625 0.0625
0.7630882263183594 0.10271644592285156 0.10294532775878906 0.03125
0.7056198120117188 0.09688758850097656 0.10374259948730469 0.09375
0.7709007263183594 0.10369491577148438 0.10196685791015625 0.0234375
0.7787132263183594 0.10323143005371094 0.10243034362792969 0.015625
0.7709007263183594 0.102813720703125 0.10284805297851562 0.0234375
0.7709007263183594 0.10315513610839844 0.10250663757324219 0.0234375
0.7709007263183594 0.10295486450195312 0.1027069091796875 0.0234375
0.7787132263183594 0.10338020324707031 0.10228157043457031 0.015625
0.7709007263183594 0.10273933410644531 0.10292243957519531 0.0234375
0.7787132263183594 0.10312080383300781 0.10254096984863281 0.015625
0.7787132263183594 0.10293197631835938 0.10272979736328125 0.015625
0.7787132263183594 0.10303497314453125 0.10262680053710938 0.015625
0.7787132263183594 0.10302162170410156 0.10264015197753906 0.015625
0.6872138977050781 0.09380340576171875 0.10179519653320312 0.1171875
0.7787132263183594 0.10202407836914062 0.1036376953125 0.015625
0.7787132263183594 0.10216712951660156 0.10349464416503906 0.015625
0.7709007263183594 0.10206222534179688 0.10359954833984375 0.0234375
0.7787132263183594 0.10163307189941406 0.10402870178222656 0.015625
time 11.52
error 82880.8671875
4 self_attn.v_proj
Quantizing the layer self_attn.v_proj ...
0.48685455322265625 0.09995841979980469 0.10068702697753906 0.3125
0.6570262908935547 0.12484169006347656 0.10094451904296875 0.1171875
0.5130882263183594 0.10125541687011719 0.10440635681152344 0.28125
0.7094631195068359 0.1322650909423828 0.10358428955078125 0.0546875
0.7094631195068359 0.131927490234375 0.10392189025878906 0.0546875
0.6308078765869141 0.12070274353027344 0.1000518798828125 0.1484375
0.6073703765869141 0.11721611022949219 0.10353851318359375 0.171875
0.6726493835449219 0.12526512145996094 0.10052299499511719 0.1015625
0.6464328765869141 0.12042045593261719 0.10033416748046875 0.1328125
0.7066822052001953 0.12929534912109375 0.10152244567871094 0.0625
0.7250881195068359 0.13298988342285156 0.1028594970703125 0.0390625
0.6308078765869141 0.11800384521484375 0.10275077819824219 0.1484375
0.7407131195068359 0.133758544921875 0.10209083557128906 0.0234375
0.547119140625 0.10685539245605469 0.10383796691894531 0.2421875
0.7329006195068359 0.13257789611816406 0.103271484375 0.03125
0.5024948120117188 0.09882354736328125 0.101806640625 0.296875
0.7379322052001953 0.1303863525390625 0.10043144226074219 0.03125
0.7329006195068359 0.13203811645507812 0.10381126403808594 0.03125
0.7301197052001953 0.12983131408691406 0.10098648071289062 0.0390625
0.7457447052001953 0.1304645538330078 0.10035324096679688 0.0234375
0.7457447052001953 0.1305828094482422 0.1002349853515625 0.0234375
0.7223072052001953 0.12884521484375 0.10197257995605469 0.046875
0.7379322052001953 0.12993431091308594 0.10088348388671875 0.03125
0.7223072052001953 0.1279163360595703 0.10290145874023438 0.046875
0.7039012908935547 0.124481201171875 0.10130500793457031 0.0703125
0.7457447052001953 0.12998390197753906 0.10083389282226562 0.0234375
0.7379322052001953 0.12829017639160156 0.10252761840820312 0.03125
0.7039012908935547 0.12406539916992188 0.10172080993652344 0.0703125
0.7535572052001953 0.12923049926757812 0.10158729553222656 0.015625
0.7379322052001953 0.12682151794433594 0.10399627685546875 0.03125
0.7457447052001953 0.12755584716796875 0.10326194763183594 0.0234375
0.7507762908935547 0.12543869018554688 0.10034751892089844 0.0234375
time 11.19
error 24295.27734375
4 self_attn.o_proj
Quantizing the layer self_attn.o_proj ...
0.7222881317138672 0.13036727905273438 0.10046958923339844 0.046875
0.7407131195068359 0.1330413818359375 0.10280799865722656 0.0234375
0.6542453765869141 0.11954879760742188 0.10120582580566406 0.125
0.7172756195068359 0.13344764709472656 0.1024017333984375 0.046875
0.47905731201171875 0.09614372253417969 0.10448646545410156 0.3203125
0.7585887908935547 0.12225723266601562 0.10352897644042969 0.015625
0.7356815338134766 0.13785552978515625 0.10302543640136719 0.0234375
0.7039012908935547 0.12424659729003906 0.10153961181640625 0.0703125
0.6620559692382812 0.12072944641113281 0.10002708435058594 0.1171875
0.7066822052001953 0.13077354431152344 0.10004425048828125 0.0625
0.7172756195068359 0.13421249389648438 0.10163688659667969 0.046875
0.7329006195068359 0.13539505004882812 0.10045433044433594 0.03125
0.7223072052001953 0.12857818603515625 0.10223960876464844 0.046875
0.7039012908935547 0.12188148498535156 0.10390472412109375 0.0703125
0.7273387908935547 0.12503623962402344 0.10074996948242188 0.046875
0.7250881195068359 0.1330890655517578 0.10276031494140625 0.0390625
0.7329006195068359 0.1344738006591797 0.10137557983398438 0.03125
0.7195262908935547 0.12488746643066406 0.10089874267578125 0.0546875
0.7329006195068359 0.13336181640625 0.10248756408691406 0.03125
0.7329006195068359 0.13300704956054688 0.10284233093261719 0.03125
0.7507762908935547 0.12297630310058594 0.10280990600585938 0.0234375
0.7117137908935547 0.12415313720703125 0.10163307189941406 0.0625
0.7379322052001953 0.12987518310546875 0.10094261169433594 0.03125
0.7379322052001953 0.12766456604003906 0.10315322875976562 0.03125
0.7434940338134766 0.1369342803955078 0.10394668579101562 0.015625
0.7379322052001953 0.1271800994873047 0.1036376953125 0.03125
0.7273387908935547 0.12298393249511719 0.10280227661132812 0.046875
0.7429637908935547 0.1233978271484375 0.10238838195800781 0.03125
0.7407131195068359 0.13413429260253906 0.101715087890625 0.0234375
0.7273387908935547 0.12428855895996094 0.10149765014648438 0.046875
0.7507762908935547 0.12259483337402344 0.10319137573242188 0.0234375
0.6854953765869141 0.12010002136230469 0.10065460205078125 0.09375
time 11.04
error 240.49700927734375
4 mlp.gate_proj
Quantizing the layer mlp.gate_proj ...
0.43721115589141846 0.0918068140745163 0.10379453748464584 0.3671875
0.6073700785636902 0.11922863125801086 0.10152630507946014 0.171875
0.42662155628204346 0.08683954179286957 0.10372640937566757 0.3828125
0.43443405628204346 0.08981180936098099 0.10075414180755615 0.375
0.7329009175300598 0.1333816945552826 0.102467380464077 0.03125
0.6648389101028442 0.12520794570446014 0.10057812929153442 0.109375
0.6073700785636902 0.11761758476495743 0.10313735157251358 0.171875
0.6073700785636902 0.11788727343082428 0.10286765545606613 0.171875
0.6045886874198914 0.11524999141693115 0.1004738062620163 0.1796875
0.7172759175300598 0.13210846483707428 0.10374060273170471 0.046875
0.6754320859909058 0.12671111524105072 0.10410681366920471 0.09375
0.5287141799926758 0.10308624804019928 0.10257454961538315 0.265625
0.7407134175300598 0.133889839053154 0.101959228515625 0.0234375
0.5393080711364746 0.10640627890825272 0.10428566485643387 0.25
0.6386200785636902 0.11929037421941757 0.10146456211805344 0.140625
0.5811511874198914 0.11247217655181885 0.103251613676548 0.203125
0.7407134175300598 0.13272377848625183 0.10312528163194656 0.0234375
0.7379320859909058 0.13047967851161957 0.10033825039863586 0.03125
0.7407134175300598 0.13222627341747284 0.10362279415130615 0.0234375
0.7407134175300598 0.13264146447181702 0.10320761054754257 0.0234375
0.7407134175300598 0.13261449337005615 0.10323458164930344 0.0234375
0.7379320859909058 0.13069897890090942 0.10011895000934601 0.03125
0.7379320859909058 0.13017308712005615 0.10064484179019928 0.03125
0.7379320859909058 0.12948749959468842 0.10133042186498642 0.03125
0.5365266799926758 0.10160579532384872 0.1040550023317337 0.2578125
0.7457445859909058 0.1303398609161377 0.10047806054353714 0.0234375
0.7457445859909058 0.1299935281276703 0.10082440078258514 0.0234375
0.6882764101028442 0.12309939414262772 0.10268668085336685 0.0859375
0.7457445859909058 0.12882959842681885 0.10198832303285599 0.0234375
0.7379320859909058 0.12859539687633514 0.10222253203392029 0.03125
0.7457445859909058 0.12848326563835144 0.10233466327190399 0.0234375
0.7457445859909058 0.12721571326255798 0.10360220819711685 0.0234375
time 12.69
error 55986.2890625
4 mlp.up_proj
Quantizing the layer mlp.up_proj ...
0.5314735770225525 0.10877103358507156 0.10194290429353714 0.2578125
0.4528397023677826 0.09539084881544113 0.10020694881677628 0.3515625
0.5287141799926758 0.10455322265625 0.10110757499933243 0.265625
0.5393080711364746 0.10884058475494385 0.10185135155916214 0.25
0.42662155628204346 0.08857407420873642 0.10199187695980072 0.3828125
0.6492139101028442 0.12480908632278442 0.10097698867321014 0.125
0.49746420979499817 0.10254190117120743 0.103118896484375 0.296875
0.5236830711364746 0.10688888281583786 0.10380306094884872 0.265625
0.47124606370925903 0.09712255001068115 0.10350640118122101 0.328125
0.5811511874198914 0.11433730274438858 0.10138649493455887 0.203125
0.42662155628204346 0.08808863162994385 0.10247731953859329 0.3828125
0.4528397023677826 0.09179829061031342 0.10379950702190399 0.3515625
0.7250884175300598 0.13424186408519745 0.10160721093416214 0.0390625
0.6335889101028442 0.12210863828659058 0.10367743670940399 0.140625
0.6229950785636902 0.11913991719484329 0.10161501914262772 0.15625
0.5995568633079529 0.11665450781583786 0.10410113632678986 0.1796875
0.7144945859909058 0.129708930850029 0.10110899060964584 0.0546875
0.42662155628204346 0.08522353321313858 0.10534241795539856 0.3828125
0.7172759175300598 0.1317252218723297 0.10412384569644928 0.046875
0.7407134175300598 0.13399559259414673 0.10185348242521286 0.0234375
0.7329009175300598 0.13287211954593658 0.102976955473423 0.03125
0.4528397023677826 0.09049242734909058 0.10510537773370743 0.3515625
0.7250884175300598 0.1322830617427826 0.103566013276577 0.0390625
0.7144945859909058 0.12948253750801086 0.10133539140224457 0.0546875
0.6648389101028442 0.12268563359975815 0.10310044139623642 0.109375
0.7329009175300598 0.13192535936832428 0.10392370820045471 0.03125
0.7379320859909058 0.13080401718616486 0.10001391172409058 0.03125
0.5939955711364746 0.11012232303619385 0.10056961327791214 0.1953125
0.7407134175300598 0.13185368478298187 0.10399539023637772 0.0234375
0.7301195859909058 0.12905742228031158 0.10176050662994385 0.0390625
0.7379320859909058 0.12874089181423187 0.10207703709602356 0.03125
0.7457445859909058 0.1286613941192627 0.10215652734041214 0.0234375
time 12.79
error 44577.296875
4 mlp.down_proj
Quantizing the layer mlp.down_proj ...
0.7222957611083984 0.13072967529296875 0.10009956359863281 0.046875
0.7329006195068359 0.13361740112304688 0.10223197937011719 0.03125
0.6648387908935547 0.12432289123535156 0.10146331787109375 0.109375
0.6832447052001953 0.12750244140625 0.10331535339355469 0.0859375
0.6910552978515625 0.1287364959716797 0.10208320617675781 0.078125
0.7066822052001953 0.1293201446533203 0.10149765014648438 0.0625
0.7250881195068359 0.13320541381835938 0.10264396667480469 0.0390625
0.6492137908935547 0.12141799926757812 0.10436820983886719 0.125
0.7329006195068359 0.1325550079345703 0.10329437255859375 0.03125
0.6988697052001953 0.1285400390625 0.10227775573730469 0.0703125
0.6988697052001953 0.12911605834960938 0.10170173645019531 0.0703125
0.7250881195068359 0.13237571716308594 0.10347366333007812 0.0390625
0.5287132263183594 0.1040191650390625 0.10164260864257812 0.265625
0.6988697052001953 0.12952613830566406 0.10129165649414062 0.0703125
0.7144947052001953 0.1306934356689453 0.10012435913085938 0.0546875
0.7144947052001953 0.12946701049804688 0.10135078430175781 0.0546875
0.7379322052001953 0.1307201385498047 0.10009765625 0.03125
0.7144947052001953 0.12896156311035156 0.10185623168945312 0.0546875
0.7144947052001953 0.1279449462890625 0.10287284851074219 0.0546875
0.7485256195068359 0.13295745849609375 0.10289192199707031 0.015625
0.7485256195068359 0.1329479217529297 0.10290145874023438 0.015625
0.7223072052001953 0.1296672821044922 0.1011505126953125 0.046875
0.6910572052001953 0.12730979919433594 0.10350799560546875 0.078125
0.6464328765869141 0.11968994140625 0.10106468200683594 0.1328125
0.7301197052001953 0.13038253784179688 0.10043525695800781 0.0390625
0.7535572052001953 0.1295642852783203 0.10125350952148438 0.015625
0.6726512908935547 0.12272834777832031 0.103057861328125 0.1015625
0.7301197052001953 0.1299591064453125 0.10085868835449219 0.0390625
0.7485256195068359 0.13393402099609375 0.10191535949707031 0.015625
0.7144947052001953 0.12865257263183594 0.10216522216796875 0.0546875
0.7485256195068359 0.13438034057617188 0.10146903991699219 0.015625
0.7066822052001953 0.12765121459960938 0.10316658020019531 0.0625
0.5811519622802734 0.110992431640625 0.10473060607910156 0.203125
0.7066822052001953 0.12874221801757812 0.10207557678222656 0.0625
0.7223072052001953 0.1279315948486328 0.10288619995117188 0.046875
0.7407131195068359 0.13297271728515625 0.10287666320800781 0.0234375
0.6988697052001953 0.1269073486328125 0.10391044616699219 0.0703125
0.7144947052001953 0.12810897827148438 0.10270881652832031 0.0546875
0.6882762908935547 0.12548828125 0.10029792785644531 0.0859375
0.7223072052001953 0.1284008026123047 0.1024169921875 0.046875
0.7329006195068359 0.13258743286132812 0.10326194763183594 0.03125
0.7379322052001953 0.13076400756835938 0.10005378723144531 0.03125
0.6648387908935547 0.12259101867675781 0.1031951904296875 0.109375
0.7039012908935547 0.12529563903808594 0.10049057006835938 0.0703125
0.6542453765869141 0.11916923522949219 0.10158538818359375 0.125
0.7379322052001953 0.12940597534179688 0.10141181945800781 0.03125
0.7407131195068359 0.13210296630859375 0.10374641418457031 0.0234375
0.7407131195068359 0.13199806213378906 0.103851318359375 0.0234375
0.7223072052001953 0.12704849243164062 0.10376930236816406 0.046875
0.6464328765869141 0.1188812255859375 0.10187339782714844 0.1328125
0.7223072052001953 0.12783050537109375 0.10298728942871094 0.046875
0.7535572052001953 0.12919235229492188 0.10162544250488281 0.015625
0.7039012908935547 0.12534332275390625 0.10044288635253906 0.0703125
0.7457447052001953 0.1296825408935547 0.10113525390625 0.0234375
0.6698703765869141 0.11927986145019531 0.10147476196289062 0.109375
0.6960887908935547 0.12348365783691406 0.10230255126953125 0.078125
0.7379322052001953 0.12801361083984375 0.10280418395996094 0.03125
0.7535572052001953 0.1301097869873047 0.1007080078125 0.015625
0.7301197052001953 0.1299114227294922 0.1009063720703125 0.0390625
0.7039012908935547 0.12550926208496094 0.10027694702148438 0.0703125
0.7195262908935547 0.1256237030029297 0.10016250610351562 0.0546875
0.7273387908935547 0.12509918212890625 0.10068702697753906 0.046875
0.7223072052001953 0.12712669372558594 0.10369110107421875 0.046875
0.6882762908935547 0.1227874755859375 0.10299873352050781 0.0859375
0.6960887908935547 0.1241302490234375 0.10165596008300781 0.078125
0.7535572052001953 0.12992286682128906 0.10089492797851562 0.015625
0.7379322052001953 0.12792587280273438 0.10289192199707031 0.03125
0.7457447052001953 0.1276111602783203 0.10320663452148438 0.0234375
0.7223072052001953 0.12798309326171875 0.10283470153808594 0.046875
0.6358394622802734 0.11468124389648438 0.10104179382324219 0.1484375
0.7117137908935547 0.12434768676757812 0.10143852233886719 0.0625
0.6386203765869141 0.11696434020996094 0.103790283203125 0.140625
0.7117137908935547 0.12329673767089844 0.10248947143554688 0.0625
0.7273387908935547 0.12569236755371094 0.10009384155273438 0.046875
0.7429637908935547 0.1251659393310547 0.10062026977539062 0.03125
0.7117118835449219 0.12289047241210938 0.10289764404296875 0.0625
0.7273387908935547 0.12453842163085938 0.10124778747558594 0.046875
0.6592769622802734 0.11529350280761719 0.10042953491210938 0.125
0.7195262908935547 0.12399482727050781 0.1017913818359375 0.0546875
0.7089328765869141 0.12035179138183594 0.10040283203125 0.0703125
0.7429637908935547 0.12279510498046875 0.10299110412597656 0.03125
0.7039012908935547 0.12246322631835938 0.10332298278808594 0.0703125
0.7351512908935547 0.12286567687988281 0.1029205322265625 0.0390625
0.6776828765869141 0.11817169189453125 0.10258293151855469 0.1015625
0.7401828765869141 0.12054634094238281 0.10020828247070312 0.0390625
0.7558078765869141 0.12068939208984375 0.10006523132324219 0.0234375
time 30.52
error 1083.23046875
5 self_attn.q_proj
Quantizing the layer self_attn.q_proj ...
0.7580490112304688 0.11064720153808594 0.10005378723144531 0.03125
0.6040573120117188 0.09630966186523438 0.10432052612304688 0.1953125
0.758056640625 0.11002159118652344 0.10067176818847656 0.03125
0.7608394622802734 0.11219024658203125 0.10353279113769531 0.0234375
0.7686519622802734 0.11286354064941406 0.1028594970703125 0.015625
0.718994140625 0.10839653015136719 0.10229682922363281 0.0703125
0.734619140625 0.10960578918457031 0.10108757019042969 0.0546875
0.6090888977050781 0.09477996826171875 0.10081863403320312 0.1953125
0.7608394622802734 0.11271476745605469 0.10300827026367188 0.0234375
0.765869140625 0.11053276062011719 0.10016059875488281 0.0234375
0.7608394622802734 0.11263847351074219 0.10308456420898438 0.0234375
0.718994140625 0.10750389099121094 0.10318946838378906 0.0703125
0.765869140625 0.110015869140625 0.100677490234375 0.0234375
0.7005882263183594 0.10448837280273438 0.10117340087890625 0.09375
0.750244140625 0.10915184020996094 0.10154151916503906 0.0390625
0.7005882263183594 0.10500526428222656 0.10065650939941406 0.09375
0.765869140625 0.11021614074707031 0.10047721862792969 0.0234375
0.7686519622802734 0.11179161071777344 0.10393142700195312 0.015625
0.773681640625 0.11064720153808594 0.10004615783691406 0.015625
0.765869140625 0.11047172546386719 0.10022163391113281 0.0234375
0.765869140625 0.11044120788574219 0.10025215148925781 0.0234375
0.7608394622802734 0.11166000366210938 0.10406303405761719 0.0234375
0.765869140625 0.11048316955566406 0.10021018981933594 0.0234375
0.7686519622802734 0.11202621459960938 0.10369682312011719 0.015625
0.7686519622802734 0.11185073852539062 0.10387229919433594 0.015625
0.773681640625 0.10994148254394531 0.10075187683105469 0.015625
0.773681640625 0.1101837158203125 0.1005096435546875 0.015625
0.726806640625 0.10645103454589844 0.10424232482910156 0.0625
0.765869140625 0.10935211181640625 0.10134124755859375 0.0234375
0.773681640625 0.1094207763671875 0.1012725830078125 0.015625
0.765869140625 0.108978271484375 0.101715087890625 0.0234375
0.773681640625 0.10802268981933594 0.10267066955566406 0.015625
time 11.49
error 89421.4453125
5 self_attn.k_proj
Quantizing the layer self_attn.k_proj ...
0.7658634185791016 0.10792350769042969 0.10277557373046875 0.0234375
0.6821823120117188 0.09861373901367188 0.10201644897460938 0.1171875
0.7630882263183594 0.10515594482421875 0.10050582885742188 0.03125
0.773681640625 0.10781669616699219 0.10287666320800781 0.015625
0.765869140625 0.107147216796875 0.103546142578125 0.0234375
0.7552757263183594 0.10543632507324219 0.10022544860839844 0.0390625
0.7240257263183594 0.10307693481445312 0.1025848388671875 0.0703125
0.7162132263183594 0.10177993774414062 0.1038818359375 0.078125
0.765869140625 0.10723686218261719 0.10345649719238281 0.0234375
0.7709007263183594 0.10536384582519531 0.10029792785644531 0.0234375
0.773681640625 0.10764312744140625 0.10305023193359375 0.015625
0.7552757263183594 0.10447883605957031 0.10118293762207031 0.0390625
0.765869140625 0.10719871520996094 0.10349464416503906 0.0234375
0.6325263977050781 0.09309768676757812 0.10250091552734375 0.171875
0.7630882263183594 0.10562515258789062 0.10003662109375 0.03125
0.7318382263183594 0.10311126708984375 0.10255050659179688 0.0625
0.7709007263183594 0.10502052307128906 0.10064125061035156 0.0234375
0.773681640625 0.10702705383300781 0.10366630554199219 0.015625
0.7709007263183594 0.1044158935546875 0.10124588012695312 0.0234375
0.7709007263183594 0.10453033447265625 0.10113143920898438 0.0234375
0.7787132263183594 0.10472488403320312 0.1009368896484375 0.015625
0.7787132263183594 0.10496330261230469 0.10069847106933594 0.015625
0.7709007263183594 0.10481643676757812 0.1008453369140625 0.0234375
0.7787132263183594 0.10517501831054688 0.10048675537109375 0.015625
0.7787132263183594 0.10550689697265625 0.10015487670898438 0.015625
0.7787132263183594 0.10494041442871094 0.10072135925292969 0.015625
0.7787132263183594 0.10437774658203125 0.10128402709960938 0.015625
0.7290573120117188 0.09985542297363281 0.10077476501464844 0.0703125
0.7787132263183594 0.10540390014648438 0.10025787353515625 0.015625
0.7787132263183594 0.10522842407226562 0.100433349609375 0.015625
0.7709007263183594 0.1046600341796875 0.10100173950195312 0.0234375
0.7787132263183594 0.10338592529296875 0.10227584838867188 0.015625
time 11.31
error 96131.40625
5 self_attn.v_proj
Quantizing the layer self_attn.v_proj ...
0.5208969116210938 0.10312080383300781 0.10254478454589844 0.2734375
0.562744140625 0.10960197448730469 0.10109138488769531 0.2265625
0.5521507263183594 0.10448265075683594 0.10117912292480469 0.2421875
0.7144947052001953 0.12904739379882812 0.10177040100097656 0.0546875
0.6910572052001953 0.12664031982421875 0.10417747497558594 0.078125
0.6570262908935547 0.12304878234863281 0.1027374267578125 0.1171875
0.6045894622802734 0.11320877075195312 0.10251426696777344 0.1796875
0.6386203765869141 0.11888885498046875 0.10186576843261719 0.140625
0.6045894622802734 0.11346244812011719 0.10226058959960938 0.1796875
0.6726512908935547 0.12292289733886719 0.10286331176757812 0.1015625
0.7329006195068359 0.13202667236328125 0.10382270812988281 0.03125
0.4840888977050781 0.09243392944335938 0.1031646728515625 0.3203125
0.7457447052001953 0.13079452514648438 0.10002326965332031 0.0234375
0.6804637908935547 0.12346076965332031 0.102325439453125 0.09375
0.6988697052001953 0.12668991088867188 0.10412788391113281 0.0703125
0.5181198120117188 0.09942245483398438 0.10120773315429688 0.28125
0.7039012908935547 0.12459182739257812 0.10119438171386719 0.0703125
0.7117137908935547 0.12531661987304688 0.10046958923339844 0.0625
0.7223072052001953 0.12674903869628906 0.10406875610351562 0.046875
0.7379322052001953 0.12804222106933594 0.10277557373046875 0.03125
0.7379322052001953 0.12816810607910156 0.10264968872070312 0.03125
0.7301197052001953 0.12798690795898438 0.10283088684082031 0.0390625
0.7379322052001953 0.12870407104492188 0.10211372375488281 0.03125
0.7301197052001953 0.1269378662109375 0.10387992858886719 0.0390625
0.7273387908935547 0.12498855590820312 0.10079765319824219 0.046875
0.7457447052001953 0.12841415405273438 0.10240364074707031 0.0234375
0.7379322052001953 0.12750625610351562 0.10331153869628906 0.03125
0.609619140625 0.10853004455566406 0.10216331481933594 0.1796875
0.7457447052001953 0.12787437438964844 0.10294342041015625 0.0234375
0.7429618835449219 0.12512969970703125 0.10065841674804688 0.03125
0.7507762908935547 0.12542343139648438 0.10036277770996094 0.0234375
0.7507762908935547 0.12399673461914062 0.10178947448730469 0.0234375
time 11.06
error 27800.80859375
5 self_attn.o_proj
Quantizing the layer self_attn.o_proj ...
0.7094478607177734 0.1329631805419922 0.10290145874023438 0.0546875
0.7250881195068359 0.13340187072753906 0.102447509765625 0.0390625
0.7250881195068359 0.13459205627441406 0.10125732421875 0.0390625
0.7434940338134766 0.13790130615234375 0.10297966003417969 0.015625
0.5365257263183594 0.10514259338378906 0.10051918029785156 0.2578125
0.7066822052001953 0.13045692443847656 0.10036087036132812 0.0625
0.6988697052001953 0.1294403076171875 0.10137748718261719 0.0703125
0.7329006195068359 0.1329479217529297 0.10290145874023438 0.03125
0.7407131195068359 0.1356830596923828 0.10016632080078125 0.0234375
0.6648387908935547 0.12523269653320312 0.10055351257324219 0.109375
0.7250881195068359 0.13450050354003906 0.101348876953125 0.0390625
0.7172756195068359 0.1339130401611328 0.10193634033203125 0.046875
0.6464328765869141 0.11658287048339844 0.1041717529296875 0.1328125
0.7329006195068359 0.13256072998046875 0.10328865051269531 0.03125
0.6910572052001953 0.12901878356933594 0.10179901123046875 0.078125
0.8083724975585938 0.059734344482421875 0.10064315795898438 0.03125
0.6464328765869141 0.11741828918457031 0.10333633422851562 0.1328125
0.49468231201171875 0.09665107727050781 0.10397911071777344 0.3046875
0.7329006195068359 0.13412094116210938 0.10172843933105469 0.03125
0.7329006195068359 0.13408279418945312 0.10176658630371094 0.03125
0.7379322052001953 0.1303081512451172 0.1005096435546875 0.03125
0.7535572052001953 0.1280059814453125 0.10281181335449219 0.015625
0.7329006195068359 0.13321685791015625 0.10263252258300781 0.03125
0.7429637908935547 0.12473869323730469 0.10104751586914062 0.03125
0.7407131195068359 0.13418197631835938 0.10166740417480469 0.0234375
0.7379322052001953 0.12698936462402344 0.10382843017578125 0.03125
0.5811519622802734 0.1119384765625 0.10378456115722656 0.203125
0.7429637908935547 0.12377738952636719 0.10200881958007812 0.03125
0.7429637908935547 0.12398910522460938 0.10179710388183594 0.03125
0.7457447052001953 0.12826919555664062 0.10254859924316406 0.0234375
0.7535572052001953 0.1298503875732422 0.1009674072265625 0.015625
0.7061519622802734 0.11449623107910156 0.101226806640625 0.078125
time 11.03
error 422.7717590332031
5 mlp.gate_proj
Quantizing the layer mlp.gate_proj ...
0.6151811480522156 0.11818038672208786 0.10257596522569656 0.1640625
0.5549330711364746 0.1092628687620163 0.10142907500267029 0.234375
0.5209016799926758 0.10188967734575272 0.10377112030982971 0.2734375
0.7223063707351685 0.13057264685630798 0.10024598240852356 0.046875
0.44224584102630615 0.08911274373531342 0.10145391523838043 0.3671875
0.6492139101028442 0.12259194999933243 0.10319412499666214 0.125
0.6726514101028442 0.12484598904848099 0.10094008594751358 0.1015625
0.6726514101028442 0.12483038008213043 0.10095569491386414 0.1015625
0.6045886874198914 0.11385469883680344 0.10186909139156342 0.1796875
0.42662155628204346 0.08739382773637772 0.10317212343215942 0.3828125
0.7329009175300598 0.13204601407051086 0.10380306094884872 0.03125
0.6988695859909058 0.12705674767494202 0.10376118123531342 0.0703125
0.7407134175300598 0.13294309377670288 0.10290598124265671 0.0234375
0.6726506948471069 0.12358199805021286 0.10220478475093842 0.1015625
0.43443405628204346 0.08697438985109329 0.10359156131744385 0.375
0.6620575785636902 0.12030242383480072 0.10045251250267029 0.1171875
0.7301195859909058 0.129202201962471 0.10161572694778442 0.0390625
0.7379320859909058 0.12966564297676086 0.10115228593349457 0.03125
0.7379320859909058 0.1294456273317337 0.10137229412794113 0.03125
0.7379320859909058 0.1299942433834076 0.10082369297742844 0.03125
0.7379320859909058 0.12941227853298187 0.10140565037727356 0.03125
0.7379320859909058 0.12963157892227173 0.1011863499879837 0.03125
0.7379313707351685 0.12911774218082428 0.10170089453458786 0.03125
0.7301195859909058 0.1282966136932373 0.10252132266759872 0.0390625
0.7195264101028442 0.12564441561698914 0.10014165937900543 0.0546875
0.7457445859909058 0.12960389256477356 0.10121402889490128 0.0234375
0.7379320859909058 0.12797227501869202 0.10284565389156342 0.03125
0.6882764101028442 0.12172823399305344 0.10405784100294113 0.0859375
0.7457445859909058 0.12773381173610687 0.10308411717414856 0.0234375
0.7379320859909058 0.12708796560764313 0.10372995585203171 0.03125
0.7457445859909058 0.12713764607906342 0.10368027538061142 0.0234375
0.7507756948471069 0.12435061484575272 0.10143616795539856 0.0234375
time 12.58
error 66503.109375
5 mlp.up_proj
Quantizing the layer mlp.up_proj ...
0.47123539447784424 0.098673976957798 0.10196561366319656 0.328125
0.6101514101028442 0.12157919257879257 0.104206882417202 0.1640625
0.42662155628204346 0.08735834062099457 0.10320761054754257 0.3828125
0.6151825785636902 0.12022151798009872 0.10053341835737228 0.1640625
0.5130891799926758 0.10342904180288315 0.10223175585269928 0.28125
0.5393080711364746 0.10927493125200272 0.10141701251268387 0.25
0.6335889101028442 0.12361464649438858 0.10217142850160599 0.140625
0.6570256948471069 0.12544073164463043 0.10034605115652084 0.1171875
0.5995575785636902 0.11736492812633514 0.10339000821113586 0.1796875
0.4528397023677826 0.09350159764289856 0.10209619998931885 0.3515625
0.43443405628204346 0.08966561406850815 0.10090033710002899 0.375
0.6073693633079529 0.11700013279914856 0.10375550389289856 0.171875
0.7329009175300598 0.134683296084404 0.101165771484375 0.03125
0.6308075785636902 0.1206260472536087 0.10012888163328171 0.1484375
0.6386200785636902 0.12055152654647827 0.10020340234041214 0.140625
0.42662155628204346 0.08785868436098099 0.10270726680755615 0.3828125
0.7223070859909058 0.13054639101028442 0.10027153789997101 0.046875
0.42662155628204346 0.08536050468683243 0.10520544648170471 0.3828125
0.6832445859909058 0.1266365945339203 0.10418133437633514 0.0859375
0.7329002022743225 0.13278411328792572 0.10306566953659058 0.03125
0.7329009175300598 0.13338807225227356 0.10246099531650543 0.03125
0.42662155628204346 0.08553650975227356 0.10502944141626358 0.3828125
0.7223070859909058 0.1304832249879837 0.10033469647169113 0.046875
0.7144945859909058 0.12894457578659058 0.10187335312366486 0.0546875
0.5967761874198914 0.11232881993055344 0.10339497029781342 0.1875
0.7329009175300598 0.13180115818977356 0.10404790937900543 0.03125
0.7301195859909058 0.130502387881279 0.10031553357839584 0.0390625
0.5365266799926758 0.10170798748731613 0.1039528101682663 0.2578125
0.7407134175300598 0.13162727653980255 0.10422178357839584 0.0234375
0.7379320859909058 0.129119873046875 0.10169805586338043 0.03125
0.7379320859909058 0.12896232306957245 0.10185561329126358 0.03125
0.7457445859909058 0.12842649221420288 0.10239144414663315 0.0234375
time 12.56
error 52418.15234375
5 mlp.down_proj
Quantizing the layer mlp.down_proj ...
0.6910476684570312 0.12772369384765625 0.1031036376953125 0.078125
0.7223072052001953 0.13079071044921875 0.10002708435058594 0.046875
0.7223072052001953 0.12933731079101562 0.10148048400878906 0.046875
0.7223072052001953 0.12972259521484375 0.10109519958496094 0.046875
0.7172756195068359 0.13184165954589844 0.10400772094726562 0.046875
0.578369140625 0.11030197143554688 0.10039138793945312 0.2109375
0.7407131195068359 0.13215255737304688 0.10369682312011719 0.0234375
0.7144947052001953 0.12871170043945312 0.10210609436035156 0.0546875
0.6804637908935547 0.12522125244140625 0.10056495666503906 0.09375
0.7144947052001953 0.12878036499023438 0.10203742980957031 0.0546875
0.7144947052001953 0.12921142578125 0.10160636901855469 0.0546875
0.7379322052001953 0.1305065155029297 0.100311279296875 0.03125
0.7144947052001953 0.12869644165039062 0.10212135314941406 0.0546875
0.7066822052001953 0.12854576110839844 0.10227203369140625 0.0625
0.7301197052001953 0.13016891479492188 0.10064888000488281 0.0390625
0.6988697052001953 0.1279430389404297 0.102874755859375 0.0703125
0.7066822052001953 0.12804031372070312 0.10277748107910156 0.0625
0.6726512908935547 0.12350654602050781 0.1022796630859375 0.1015625
0.6229953765869141 0.11727333068847656 0.10348129272460938 0.15625
0.6726512908935547 0.12312698364257812 0.10265922546386719 0.1015625
0.7066822052001953 0.12717437744140625 0.10364341735839844 0.0625
0.7301197052001953 0.12871170043945312 0.10210609436035156 0.0390625
0.7223072052001953 0.1286029815673828 0.10221481323242188 0.046875
0.6464328765869141 0.11990928649902344 0.1008453369140625 0.1328125
0.6988697052001953 0.12751388549804688 0.10330390930175781 0.0703125
0.6988697052001953 0.12742233276367188 0.10339546203613281 0.0703125
0.6648387908935547 0.12341690063476562 0.10236930847167969 0.109375
0.7144947052001953 0.12824440002441406 0.10257339477539062 0.0546875
0.7301197052001953 0.12981605529785156 0.10100173950195312 0.0390625
0.6386203765869141 0.11764335632324219 0.10311126708984375 0.140625
0.7066822052001953 0.12694168090820312 0.10387611389160156 0.0625
0.6910572052001953 0.1267547607421875 0.10406303405761719 0.078125
0.6988697052001953 0.12797927856445312 0.10283851623535156 0.0703125
0.6804637908935547 0.12366867065429688 0.10211753845214844 0.09375
0.6882762908935547 0.122100830078125 0.10368537902832031 0.0859375
0.5889644622802734 0.1116790771484375 0.10404396057128906 0.1953125
0.7457447052001953 0.1280670166015625 0.10275077819824219 0.0234375
0.7301197052001953 0.1280078887939453 0.10280990600585938 0.0390625
0.6648387908935547 0.12166213989257812 0.10412406921386719 0.109375
0.7144947052001953 0.12726974487304688 0.10354804992675781 0.0546875
0.7144947052001953 0.1291942596435547 0.10162353515625 0.0546875
0.7301197052001953 0.12740325927734375 0.10341453552246094 0.0390625
0.5967769622802734 0.11268424987792969 0.10303878784179688 0.1875
0.6882762908935547 0.12374496459960938 0.10204124450683594 0.0859375
0.7039012908935547 0.12464332580566406 0.10114288330078125 0.0703125
0.6726512908935547 0.12252616882324219 0.10326004028320312 0.1015625
0.6804637908935547 0.12374305725097656 0.10204315185546875 0.09375
0.7038993835449219 0.12356185913085938 0.10222625732421875 0.0703125
0.7066822052001953 0.1266918182373047 0.1041259765625 0.0625
0.6960887908935547 0.12423324584960938 0.10155296325683594 0.078125
0.7301197052001953 0.1279449462890625 0.10287284851074219 0.0390625
0.6960887908935547 0.12396430969238281 0.1018218994140625 0.078125
0.6882762908935547 0.12274932861328125 0.10303688049316406 0.0859375
0.7379322052001953 0.1292705535888672 0.1015472412109375 0.03125
0.7301197052001953 0.12693214416503906 0.10388565063476562 0.0390625
0.6960887908935547 0.12403297424316406 0.10175323486328125 0.078125
0.7117137908935547 0.12546920776367188 0.10031700134277344 0.0625
0.7301197052001953 0.12903785705566406 0.10177993774414062 0.0390625
0.7301197052001953 0.12743377685546875 0.10338401794433594 0.0390625
0.6542453765869141 0.1180572509765625 0.10269737243652344 0.125
0.7535572052001953 0.1289653778076172 0.1018524169921875 0.015625
0.7223072052001953 0.12692832946777344 0.10388946533203125 0.046875
0.7273387908935547 0.12511444091796875 0.10067176818847656 0.046875
0.7039012908935547 0.12478828430175781 0.1009979248046875 0.0703125
0.7301197052001953 0.12801361083984375 0.10280418395996094 0.0390625
0.7379322052001953 0.127288818359375 0.10352897644042969 0.03125
0.7301197052001953 0.12673377990722656 0.10408401489257812 0.0390625
0.7507762908935547 0.12523269653320312 0.10055351257324219 0.0234375
0.7585887908935547 0.1242828369140625 0.10150337219238281 0.015625
0.7117137908935547 0.12309646606445312 0.10268974304199219 0.0625
0.7039012908935547 0.12188911437988281 0.1038970947265625 0.0703125
0.7507762908935547 0.12516212463378906 0.10062408447265625 0.0234375
0.7429637908935547 0.12397003173828125 0.10181617736816406 0.03125
0.7457447052001953 0.12796592712402344 0.10285186767578125 0.0234375
0.7429637908935547 0.1251659393310547 0.10062026977539062 0.03125
0.7351512908935547 0.12502479553222656 0.10076141357421875 0.0390625
0.7117137908935547 0.12243461608886719 0.10335159301757812 0.0625
0.7011203765869141 0.12002944946289062 0.10072517395019531 0.078125
0.6776828765869141 0.11863327026367188 0.10212135314941406 0.1015625
0.7011203765869141 0.12016677856445312 0.10058784484863281 0.078125
0.6854953765869141 0.11861419677734375 0.10214042663574219 0.09375
0.7351512908935547 0.12232780456542969 0.10345840454101562 0.0390625
0.7195262908935547 0.12203788757324219 0.10374832153320312 0.0546875
0.5912132263183594 0.10375785827636719 0.10190391540527344 0.203125
0.7401828765869141 0.12007331848144531 0.10068130493164062 0.0390625
0.7401828765869141 0.11929702758789062 0.10145759582519531 0.0390625
time 29.75
error 1568.9234619140625
6 self_attn.q_proj
Quantizing the layer self_attn.q_proj ...
0.7608203887939453 0.11415481567382812 0.10158729553222656 0.0234375
0.6615257263183594 0.10531806945800781 0.10034370422363281 0.1328125
0.7452144622802734 0.1134490966796875 0.10227394104003906 0.0390625
0.7686519622802734 0.11345672607421875 0.10226631164550781 0.015625
0.7608394622802734 0.11453056335449219 0.10119247436523438 0.0234375
0.7530269622802734 0.11349296569824219 0.10223007202148438 0.03125
0.7295894622802734 0.11250495910644531 0.10321807861328125 0.0546875
0.6196823120117188 0.10061454772949219 0.10001564025878906 0.1796875
0.7608394622802734 0.11381721496582031 0.10190582275390625 0.0234375
0.7608394622802734 0.11383056640625 0.10189247131347656 0.0234375
0.7608394622802734 0.11409759521484375 0.10162544250488281 0.0234375
0.5309638977050781 0.09256744384765625 0.10303115844726562 0.2734375
0.7608394622802734 0.11378860473632812 0.10193443298339844 0.0234375
0.695556640625 0.1090240478515625 0.1016693115234375 0.09375
0.7530269622802734 0.11410140991210938 0.10162162780761719 0.03125
0.726806640625 0.11046409606933594 0.10022926330566406 0.0625
0.7530269622802734 0.11391639709472656 0.101806640625 0.03125
0.7608394622802734 0.11452865600585938 0.10119438171386719 0.0234375
0.7608394622802734 0.11439323425292969 0.10132980346679688 0.0234375
0.7530269622802734 0.11438369750976562 0.10133934020996094 0.03125
0.7686519622802734 0.11515998840332031 0.10056304931640625 0.015625
0.7608394622802734 0.11445045471191406 0.1012725830078125 0.0234375
0.7686519622802734 0.11490631103515625 0.10081672668457031 0.015625
0.7608375549316406 0.11451530456542969 0.10120964050292969 0.0234375
0.7608394622802734 0.11445808410644531 0.10126495361328125 0.0234375
0.7686500549316406 0.11420631408691406 0.10151863098144531 0.015625
0.7686519622802734 0.11518287658691406 0.1005401611328125 0.015625
0.7374019622802734 0.11335945129394531 0.10236358642578125 0.046875
0.7686519622802734 0.1146392822265625 0.10108375549316406 0.015625
0.7686519622802734 0.1156768798828125 0.10004615783691406 0.015625
0.7686519622802734 0.11463356018066406 0.1010894775390625 0.015625
0.7686519622802734 0.11455154418945312 0.10117149353027344 0.015625
time 11.25
error 133738.0625
6 self_attn.k_proj
Quantizing the layer self_attn.k_proj ...
0.7580509185791016 0.10980224609375 0.10089683532714844 0.03125
0.703369140625 0.10723304748535156 0.10346031188964844 0.0859375
0.750244140625 0.10910415649414062 0.10158920288085938 0.0390625
0.773681640625 0.1101837158203125 0.1005096435546875 0.015625
0.758056640625 0.10944747924804688 0.10124588012695312 0.03125
0.726806640625 0.10791587829589844 0.10277748107910156 0.0625
0.750244140625 0.10957145690917969 0.10112190246582031 0.0390625
0.726806640625 0.10835075378417969 0.10234260559082031 0.0625
0.765869140625 0.10987472534179688 0.10081863403320312 0.0234375
0.758056640625 0.10959243774414062 0.10110092163085938 0.03125
0.765869140625 0.11022758483886719 0.10046577453613281 0.0234375
0.734619140625 0.10772132873535156 0.10297203063964844 0.0546875
0.765869140625 0.11013412475585938 0.10055923461914062 0.0234375
0.5778388977050781 0.0948486328125 0.10074996948242188 0.2265625
0.742431640625 0.10872077941894531 0.10197257995605469 0.046875
0.726806640625 0.10880851745605469 0.10188484191894531 0.0625
0.758056640625 0.10941505432128906 0.10127830505371094 0.03125
0.773681640625 0.11009025573730469 0.10060310363769531 0.015625
0.773681640625 0.1103515625 0.100341796875 0.015625
0.773681640625 0.10991477966308594 0.10077857971191406 0.015625
0.765869140625 0.11026954650878906 0.10042381286621094 0.0234375
0.7686519622802734 0.11208534240722656 0.1036376953125 0.015625
0.758056640625 0.11017990112304688 0.10051345825195312 0.03125
0.7608394622802734 0.11218833923339844 0.10353469848632812 0.0234375
0.765869140625 0.11051368713378906 0.10017967224121094 0.0234375
0.7686519622802734 0.11247062683105469 0.10325241088867188 0.015625
0.7686500549316406 0.11229133605957031 0.10343360900878906 0.015625
0.750244140625 0.10982704162597656 0.10086631774902344 0.0390625
0.7686519622802734 0.11257362365722656 0.1031494140625 0.015625
0.7608394622802734 0.11261177062988281 0.10311126708984375 0.0234375
0.7608394622802734 0.11239051818847656 0.10333251953125 0.0234375
0.773681640625 0.10968780517578125 0.10100555419921875 0.015625
time 11.15
error 138094.90625
6 self_attn.v_proj
Quantizing the layer self_attn.v_proj ...
0.7250785827636719 0.13482284545898438 0.10103607177734375 0.0390625
0.6179637908935547 0.12273788452148438 0.10304832458496094 0.15625
0.7407131195068359 0.1346282958984375 0.10122108459472656 0.0234375
0.7172756195068359 0.1341705322265625 0.10167884826660156 0.046875
0.7250881195068359 0.13410186767578125 0.10174751281738281 0.0390625
0.6073703765869141 0.12052345275878906 0.10023117065429688 0.171875
0.6073703765869141 0.12032127380371094 0.100433349609375 0.171875
0.5733394622802734 0.11553955078125 0.10018348693847656 0.2109375
0.5733394622802734 0.1156158447265625 0.10010719299316406 0.2109375
0.7329006195068359 0.13501930236816406 0.100830078125 0.03125
0.7329006195068359 0.13469696044921875 0.10115242004394531 0.03125
0.531494140625 0.10961341857910156 0.10107994079589844 0.2578125
0.7407131195068359 0.1349048614501953 0.10094451904296875 0.0234375
0.5420894622802734 0.11285972595214844 0.10286331176757812 0.2421875
0.6598072052001953 0.12821197509765625 0.10260581970214844 0.109375
0.6257762908935547 0.12257003784179688 0.10321617126464844 0.1484375
0.7329006195068359 0.13418197631835938 0.10166740417480469 0.03125
0.7250881195068359 0.13417816162109375 0.10167121887207031 0.0390625
0.7407131195068359 0.13509178161621094 0.10075759887695312 0.0234375
0.7250881195068359 0.1337890625 0.10206031799316406 0.0390625
0.7329006195068359 0.134552001953125 0.10129737854003906 0.03125
0.7250881195068359 0.13440704345703125 0.10144233703613281 0.0390625
0.7329006195068359 0.1348285675048828 0.10102081298828125 0.03125
0.7407131195068359 0.13525009155273438 0.10059928894042969 0.0234375
0.7250862121582031 0.13455581665039062 0.10129547119140625 0.0390625
0.7356815338134766 0.13727951049804688 0.10360145568847656 0.0234375
0.7407131195068359 0.13550758361816406 0.100341796875 0.0234375
0.6676197052001953 0.12827110290527344 0.10254669189453125 0.1015625
0.7485256195068359 0.13538169860839844 0.10046768188476562 0.015625
0.7329006195068359 0.13513946533203125 0.10070991516113281 0.03125
0.7407131195068359 0.13520240783691406 0.10064697265625 0.0234375
0.7407131195068359 0.1343555450439453 0.10149383544921875 0.0234375
time 10.97
error 39036.390625
6 self_attn.o_proj
Quantizing the layer self_attn.o_proj ...
0.6860103607177734 0.13550567626953125 0.10035896301269531 0.078125
0.7250881195068359 0.13467025756835938 0.10117912292480469 0.0390625
0.7356815338134766 0.1406269073486328 0.10025405883789062 0.0234375
0.7278690338134766 0.140655517578125 0.10022544860839844 0.03125
0.7200565338134766 0.13922119140625 0.10165977478027344 0.0390625
0.7329006195068359 0.13271522521972656 0.1031341552734375 0.03125
0.5867137908935547 0.12252998352050781 0.1032562255859375 0.1875
0.7278690338134766 0.14032363891601562 0.10055732727050781 0.03125
0.7356796264648438 0.1380939483642578 0.10278892517089844 0.0234375
0.7250881195068359 0.13533592224121094 0.10051345825195312 0.0390625
0.7278690338134766 0.14063262939453125 0.10024833679199219 0.03125
0.7200565338134766 0.13828086853027344 0.10260009765625 0.0390625
0.7356815338134766 0.1395092010498047 0.10137176513671875 0.0234375
0.7434940338134766 0.1390247344970703 0.10185623168945312 0.015625
0.7329006195068359 0.13579750061035156 0.1000518798828125 0.03125
0.7200565338134766 0.1381053924560547 0.10277557373046875 0.0390625
0.7250881195068359 0.1350860595703125 0.10076332092285156 0.0390625
0.7507762908935547 0.12461471557617188 0.10117149353027344 0.0234375
0.7044315338134766 0.1376628875732422 0.10321807861328125 0.0546875
0.7278690338134766 0.1401500701904297 0.10073089599609375 0.03125
0.7434940338134766 0.13968849182128906 0.10119247436523438 0.015625
0.7172756195068359 0.13397979736328125 0.10186958312988281 0.046875
0.7306499481201172 0.1423358917236328 0.10357666015625 0.0234375
0.7278690338134766 0.1389446258544922 0.10193634033203125 0.03125
0.7278690338134766 0.1388378143310547 0.10204315185546875 0.03125
0.6910572052001953 0.13051223754882812 0.10030555725097656 0.078125
0.4662132263183594 0.10544776916503906 0.10021400451660156 0.328125
0.6938381195068359 0.134857177734375 0.10099220275878906 0.0703125
0.7434940338134766 0.13904380798339844 0.101837158203125 0.015625
0.7200565338134766 0.138458251953125 0.10242271423339844 0.0390625
0.7379322052001953 0.1289844512939453 0.10183334350585938 0.03125
0.7200565338134766 0.13762664794921875 0.10325431823730469 0.0390625
time 10.93
error 1204.67333984375
6 mlp.gate_proj
Quantizing the layer mlp.gate_proj ...
0.45057713985443115 0.102122463285923 0.10355039685964584 0.34375
0.6179639101028442 0.12439106404781342 0.10139501094818115 0.15625
0.4215897023677826 0.09493805468082428 0.10065975040197372 0.3828125
0.7278690934181213 0.13784222304821014 0.10303869843482971 0.03125
0.41655856370925903 0.09686776250600815 0.10376118123531342 0.3828125
0.5002455711364746 0.108795166015625 0.10189677029848099 0.2890625
0.42437106370925903 0.09802033007144928 0.10260861366987228 0.375
0.6754320859909058 0.1300971508026123 0.10072078555822372 0.09375
0.6676195859909058 0.1294356882572174 0.10138223320245743 0.1015625
0.6363695859909058 0.127096489071846 0.10372143983840942 0.1328125
0.7329009175300598 0.13578051328659058 0.10006855428218842 0.03125
0.7016509175300598 0.13432347774505615 0.10152559727430344 0.0625
0.7356815934181213 0.13851289451122284 0.10236801952123642 0.0234375
0.6519945859909058 0.12842577695846558 0.10239215195178986 0.1171875
0.6335889101028442 0.12498651444911957 0.100799560546875 0.140625
0.6782134175300598 0.13236325979232788 0.10348581522703171 0.0859375
0.7278690934181213 0.13764989376068115 0.1032310277223587 0.03125
0.7278690934181213 0.13753846287727356 0.1033424586057663 0.03125
0.7278690934181213 0.1375228464603424 0.10335806757211685 0.03125
0.7356815934181213 0.13862574100494385 0.10225518047809601 0.0234375
0.727868378162384 0.13781383633613586 0.1030678004026413 0.03125
0.7278690934181213 0.13799622654914856 0.1028846949338913 0.03125
0.7278690934181213 0.13742348551750183 0.10345742851495743 0.03125
0.7172759175300598 0.13504880666732788 0.10080026835203171 0.046875
0.5264636874198914 0.11202222108840942 0.10370156913995743 0.2578125
0.7278690934181213 0.13742491602897644 0.10345600545406342 0.03125
0.7278690934181213 0.1377975046634674 0.10308340936899185 0.03125
0.6860259175300598 0.13256622850894928 0.10328283905982971 0.078125
0.7356815934181213 0.1376960277557373 0.10318490117788315 0.0234375
0.7250884175300598 0.13556689023971558 0.10028217732906342 0.0390625
0.7329009175300598 0.1357528269290924 0.10009623318910599 0.03125
0.7356815934181213 0.1371956765651703 0.10368524491786957 0.0234375
time 12.56
error 72984.90625
6 mlp.up_proj
Quantizing the layer mlp.up_proj ...
0.41655784845352173 0.09804517030715942 0.10258448123931885 0.3828125
0.5108386874198914 0.11361835896968842 0.10210543125867844 0.2734375
0.42437106370925903 0.09684008359909058 0.10378886014223099 0.375
0.4689948558807373 0.10716211795806885 0.10353052616119385 0.3203125
0.43496420979499817 0.10131055116653442 0.104350246489048 0.359375
0.5945264101028442 0.124501071870327 0.10128500312566757 0.1796875
0.5370575785636902 0.11725350469350815 0.10350143164396286 0.2421875
0.6023381948471069 0.12490063905715942 0.10088614374399185 0.171875
0.6023389101028442 0.12444145977497101 0.10134461522102356 0.171875
0.41655856370925903 0.09806149452924728 0.10256744921207428 0.3828125
0.41655856370925903 0.09822118282318115 0.10240776836872101 0.3828125
0.6441813707351685 0.12958472967147827 0.10123390704393387 0.125
0.7278690934181213 0.140420600771904 0.10046032071113586 0.03125
0.5867131948471069 0.12375161796808243 0.10203516483306885 0.1875
0.6129320859909058 0.12760961055755615 0.10320831835269928 0.15625
0.6129320859909058 0.12770257890224457 0.10311535000801086 0.15625
0.6179631948471069 0.12541092932224274 0.10037586092948914 0.15625
0.41655856370925903 0.0971885472536087 0.10344039648771286 0.3828125
0.6938384175300598 0.13569818437099457 0.10015088319778442 0.0703125
0.7278690934181213 0.14006716012954712 0.10081375390291214 0.03125
0.7278690934181213 0.14051499962806702 0.10036592930555344 0.03125
0.45840170979499817 0.1044105738401413 0.10125022381544113 0.3359375
0.7278690934181213 0.14075984060764313 0.10012107342481613 0.03125
0.5867139101028442 0.12303409725427628 0.10275197774171829 0.1875
0.5448700785636902 0.11734292656183243 0.10341200977563858 0.234375
0.7278690934181213 0.1406668722629547 0.10021404922008514 0.03125
0.42437106370925903 0.09832479804754257 0.10230414569377899 0.375
0.6519945859909058 0.1305336207151413 0.10028430819511414 0.1171875
0.7306504249572754 0.14219842851161957 0.10371363162994385 0.0234375
0.7200565934181213 0.13983863592147827 0.10104227811098099 0.0390625
0.7278690934181213 0.1397513449192047 0.10112957656383514 0.03125
0.7356815934181213 0.1396597921848297 0.10122112929821014 0.0234375
time 12.48
error 54909.609375
6 mlp.down_proj
Quantizing the layer mlp.down_proj ...
0.6101455688476562 0.12297821044921875 0.102813720703125 0.1640625
0.7301197052001953 0.1304187774658203 0.10039901733398438 0.0390625
0.7250881195068359 0.13247108459472656 0.1033782958984375 0.0390625
0.7144947052001953 0.1297740936279297 0.101043701171875 0.0546875
0.7535572052001953 0.12999534606933594 0.10082244873046875 0.015625
0.7172756195068359 0.13238525390625 0.10346412658691406 0.046875
0.6832447052001953 0.12867355346679688 0.10214424133300781 0.0859375
0.7329006195068359 0.13475418090820312 0.10109519958496094 0.03125
0.7250881195068359 0.13403892517089844 0.10181045532226562 0.0390625
0.6598072052001953 0.12775421142578125 0.10306358337402344 0.109375
0.7250881195068359 0.13285064697265625 0.10299873352050781 0.0390625
0.7144947052001953 0.12857818603515625 0.10223960876464844 0.0546875
0.7144947052001953 0.12950515747070312 0.10131263732910156 0.0546875
0.7329006195068359 0.13309669494628906 0.102752685546875 0.03125
0.7016506195068359 0.1327075958251953 0.10314178466796875 0.0625
0.7144947052001953 0.12991905212402344 0.10089874267578125 0.0546875
0.6832447052001953 0.1291522979736328 0.10166549682617188 0.0859375
0.7250881195068359 0.13320541381835938 0.10264396667480469 0.0390625
0.7016506195068359 0.1330852508544922 0.10276412963867188 0.0625
0.7172756195068359 0.13353347778320312 0.10231590270996094 0.046875
0.7223072052001953 0.13004302978515625 0.10077476501464844 0.046875
0.6910572052001953 0.1289825439453125 0.10183525085449219 0.078125
0.7329006195068359 0.1342639923095703 0.10158538818359375 0.03125
0.7250881195068359 0.1342926025390625 0.10155677795410156 0.0390625
0.6648387908935547 0.12575340270996094 0.10003280639648438 0.109375
0.7066822052001953 0.12860679626464844 0.10221099853515625 0.0625
0.7144947052001953 0.1287689208984375 0.10204887390136719 0.0546875
0.7144947052001953 0.12972259521484375 0.10109519958496094 0.0546875
0.6988697052001953 0.12957000732421875 0.10124778747558594 0.0703125
0.6754322052001953 0.12802886962890625 0.10278892517089844 0.09375
0.7223072052001953 0.12770652770996094 0.10311126708984375 0.046875
0.7223072052001953 0.13025856018066406 0.10055923461914062 0.046875
0.7301197052001953 0.12960433959960938 0.10121345520019531 0.0390625
0.6910572052001953 0.1276721954345703 0.10314559936523438 0.078125
0.7066822052001953 0.13002967834472656 0.10078811645507812 0.0625
0.6832447052001953 0.1279773712158203 0.10284042358398438 0.0859375
0.7535572052001953 0.1301116943359375 0.10070610046386719 0.015625
0.7039012908935547 0.12516021728515625 0.10062599182128906 0.0703125
0.7301197052001953 0.1280651092529297 0.102752685546875 0.0390625
0.7429637908935547 0.12535667419433594 0.10042953491210938 0.03125
0.7429637908935547 0.12528610229492188 0.10050010681152344 0.03125
0.6754322052001953 0.12699508666992188 0.10382270812988281 0.09375
0.7094631195068359 0.1319904327392578 0.10385894775390625 0.0546875
0.7223052978515625 0.1301708221435547 0.10064888000488281 0.046875
0.6414012908935547 0.1243133544921875 0.10147285461425781 0.1328125
0.7223072052001953 0.130157470703125 0.10066032409667969 0.046875
0.7301197052001953 0.13010215759277344 0.10071563720703125 0.0390625
0.6832447052001953 0.1282672882080078 0.10255050659179688 0.0859375
0.7223072052001953 0.1305103302001953 0.10030746459960938 0.046875
0.7329006195068359 0.13253402709960938 0.10331535339355469 0.03125
0.7016506195068359 0.1323089599609375 0.10354042053222656 0.0625
0.7329006195068359 0.13390159606933594 0.10194778442382812 0.03125
0.7144947052001953 0.12894821166992188 0.10186958312988281 0.0546875
0.7301197052001953 0.12970924377441406 0.10110855102539062 0.0390625
0.7144947052001953 0.1304798126220703 0.10033798217773438 0.0546875
0.7379322052001953 0.1303386688232422 0.1004791259765625 0.03125
0.7379322052001953 0.12973785400390625 0.10107994079589844 0.03125
0.7250881195068359 0.13318252563476562 0.10266685485839844 0.0390625
0.7094631195068359 0.13266563415527344 0.10318374633789062 0.0546875
0.7457447052001953 0.130706787109375 0.10011100769042969 0.0234375
0.7379322052001953 0.12926483154296875 0.10155296325683594 0.03125
0.7301197052001953 0.1298999786376953 0.10091781616210938 0.0390625
0.7223072052001953 0.13024139404296875 0.10057640075683594 0.046875
0.7301197052001953 0.1287689208984375 0.10204887390136719 0.0390625
0.7144947052001953 0.12923240661621094 0.10158538818359375 0.0546875
0.7379322052001953 0.1284656524658203 0.10235214233398438 0.03125
0.7535572052001953 0.12771034240722656 0.10310745239257812 0.015625
0.7172756195068359 0.13275909423828125 0.10309028625488281 0.046875
0.7195262908935547 0.12569808959960938 0.10008811950683594 0.0546875
0.6988697052001953 0.12985610961914062 0.10096168518066406 0.0703125
0.7407131195068359 0.13303756713867188 0.10281181335449219 0.0234375
0.7144947052001953 0.12858009338378906 0.10223770141601562 0.0546875
0.7407131195068359 0.13318824768066406 0.1026611328125 0.0234375
0.7457447052001953 0.1297016143798828 0.10111618041992188 0.0234375
0.7379322052001953 0.12839889526367188 0.10241889953613281 0.03125
0.7223072052001953 0.1302318572998047 0.1005859375 0.046875
0.7301197052001953 0.1282024383544922 0.1026153564453125 0.0390625
0.6988697052001953 0.12961769104003906 0.10120010375976562 0.0703125
0.7379322052001953 0.12968063354492188 0.10113716125488281 0.03125
0.7301197052001953 0.12943077087402344 0.10138702392578125 0.0390625
0.7144947052001953 0.12820053100585938 0.10261726379394531 0.0546875
0.7379322052001953 0.1277904510498047 0.10302734375 0.03125
0.6414012908935547 0.12375831604003906 0.10202789306640625 0.1328125
0.6620578765869141 0.1207122802734375 0.10004234313964844 0.1171875
0.7507762908935547 0.12453651428222656 0.10124969482421875 0.0234375
0.7273387908935547 0.1254901885986328 0.1002960205078125 0.046875
time 29.64
error 3181.796875
7 self_attn.q_proj
Quantizing the layer self_attn.q_proj ...
0.7658615112304688 0.10675048828125 0.10395050048828125 0.0234375
0.5828704833984375 0.08896064758300781 0.10160636901855469 0.2265625
0.7709007263183594 0.10473823547363281 0.10092353820800781 0.0234375
0.7709007263183594 0.10508918762207031 0.10057258605957031 0.0234375
0.7709007263183594 0.10519599914550781 0.10046577453613281 0.0234375
0.7474632263183594 0.10454940795898438 0.10111236572265625 0.046875
0.7396507263183594 0.10304641723632812 0.1026153564453125 0.0546875
0.7396507263183594 0.10342979431152344 0.10223197937011719 0.0546875
0.7630882263183594 0.10402679443359375 0.10163497924804688 0.03125
0.7630882263183594 0.10482215881347656 0.10083961486816406 0.03125
0.7709007263183594 0.10536956787109375 0.10029220581054688 0.0234375
0.7552757263183594 0.10359382629394531 0.10206794738769531 0.0390625
0.7709007263183594 0.10526657104492188 0.10039520263671875 0.0234375
0.7474632263183594 0.10357666015625 0.10208511352539062 0.046875
0.7630882263183594 0.10374641418457031 0.10191535949707031 0.03125
0.7240257263183594 0.10152626037597656 0.10413551330566406 0.0703125
0.7630882263183594 0.10419654846191406 0.10146522521972656 0.03125
0.7709007263183594 0.10450935363769531 0.10115242004394531 0.0234375
0.7709007263183594 0.10424423217773438 0.10141754150390625 0.0234375
0.7709007263183594 0.10436439514160156 0.10129737854003906 0.0234375
0.7709007263183594 0.10428619384765625 0.10137557983398438 0.0234375
0.7709007263183594 0.10386276245117188 0.10179901123046875 0.0234375
0.7709007263183594 0.10426902770996094 0.10139274597167969 0.0234375
0.7709007263183594 0.10423660278320312 0.1014251708984375 0.0234375
0.7709007263183594 0.10383987426757812 0.1018218994140625 0.0234375
0.7709007263183594 0.10391807556152344 0.10174369812011719 0.0234375
0.7709007263183594 0.10392189025878906 0.10173988342285156 0.0234375
0.7290573120117188 0.09971427917480469 0.10091590881347656 0.0703125
0.7787132263183594 0.10400772094726562 0.101654052734375 0.015625
0.7709007263183594 0.10344123840332031 0.10222053527832031 0.0234375
0.7787132263183594 0.1038970947265625 0.10176467895507812 0.015625
0.7787132263183594 0.10318565368652344 0.10247611999511719 0.015625
time 11.34
error 134800.21875
7 self_attn.k_proj
Quantizing the layer self_attn.k_proj ...
0.7708969116210938 0.10413932800292969 0.10152626037597656 0.0234375
0.6978073120117188 0.09783744812011719 0.10279273986816406 0.1015625
0.7630882263183594 0.10307502746582031 0.10258674621582031 0.03125
0.7709007263183594 0.10297584533691406 0.10268592834472656 0.0234375
0.7709007263183594 0.10326576232910156 0.10239601135253906 0.0234375
0.7446823120117188 0.1002044677734375 0.10042572021484375 0.0546875
0.7474632263183594 0.101531982421875 0.10412979125976562 0.046875
0.7290573120117188 0.09875869750976562 0.10187149047851562 0.0703125
0.7709007263183594 0.10363197326660156 0.10202980041503906 0.0234375
0.7630882263183594 0.10205078125 0.10361099243164062 0.03125
0.7709007263183594 0.10320281982421875 0.10245895385742188 0.0234375
0.7630882263183594 0.10195541381835938 0.10370635986328125 0.03125
0.7709007263183594 0.10317611694335938 0.10248565673828125 0.0234375
0.7134323120117188 0.097686767578125 0.10294342041015625 0.0859375
0.7552757263183594 0.10175323486328125 0.10390853881835938 0.0390625
0.7368698120117188 0.09964370727539062 0.10098648071289062 0.0625
0.7630882263183594 0.101959228515625 0.10370254516601562 0.03125
0.7787132263183594 0.10278892517089844 0.10287284851074219 0.015625
0.7787132263183594 0.10236930847167969 0.10329246520996094 0.015625
0.7709007263183594 0.1021728515625 0.10348892211914062 0.0234375
0.7708988189697266 0.10235977172851562 0.10330390930175781 0.0234375
0.7787132263183594 0.10323905944824219 0.10242271423339844 0.015625
0.7709007263183594 0.10256767272949219 0.10309410095214844 0.0234375
0.7630882263183594 0.10139274597167969 0.10426902770996094 0.03125
0.7709007263183594 0.10168075561523438 0.10398101806640625 0.0234375
0.7787132263183594 0.10258102416992188 0.10308074951171875 0.015625
0.7787132263183594 0.10160064697265625 0.10406112670898438 0.015625
0.7368698120117188 0.09823989868164062 0.10239028930664062 0.0625
0.7787132263183594 0.10246086120605469 0.10320091247558594 0.015625
0.7759323120117188 0.09983634948730469 0.10079383850097656 0.0234375
0.7709007263183594 0.10168647766113281 0.10397529602050781 0.0234375
0.7837448120117188 0.10001182556152344 0.10061836242675781 0.015625
time 11.21
error 134113.671875
7 self_attn.v_proj
Quantizing the layer self_attn.v_proj ...
0.7117137908935547 0.12511825561523438 0.10066795349121094 0.0625
0.5443382263183594 0.10317802429199219 0.10248374938964844 0.25
0.7535572052001953 0.1284770965576172 0.1023406982421875 0.015625
0.7301197052001953 0.12798500061035156 0.10283279418945312 0.0390625
0.7223072052001953 0.1271800994873047 0.1036376953125 0.046875
0.6045894622802734 0.11173820495605469 0.10398483276367188 0.1796875
0.6464328765869141 0.11742401123046875 0.10333061218261719 0.1328125
0.6960887908935547 0.12293434143066406 0.10285186767578125 0.078125
0.6464328765869141 0.11682319641113281 0.10393142700195312 0.1328125
0.7457447052001953 0.1281909942626953 0.10262680053710938 0.0234375
0.7379322052001953 0.1271533966064453 0.10366439819335938 0.03125
0.5599632263183594 0.10342597961425781 0.10223579406738281 0.234375
0.7379322052001953 0.1266021728515625 0.10421562194824219 0.03125
0.6776828765869141 0.1194610595703125 0.10129356384277344 0.1015625
0.7379322052001953 0.1276264190673828 0.10319137573242188 0.03125
0.6854953765869141 0.11923980712890625 0.10151481628417969 0.09375
0.7429637908935547 0.12517738342285156 0.10060882568359375 0.03125
0.7117137908935547 0.12242889404296875 0.10335731506347656 0.0625
0.7457447052001953 0.12685394287109375 0.10396385192871094 0.0234375
0.7429637908935547 0.12493324279785156 0.10085296630859375 0.03125
0.7429637908935547 0.12439918518066406 0.10138702392578125 0.03125
0.7429637908935547 0.12464332580566406 0.10114288330078125 0.03125
0.7429637908935547 0.12485122680664062 0.10093498229980469 0.03125
0.7507762908935547 0.12494087219238281 0.1008453369140625 0.0234375
0.7273387908935547 0.12331581115722656 0.10247039794921875 0.046875
0.7507762908935547 0.12480926513671875 0.10097694396972656 0.0234375
0.7507762908935547 0.12422561645507812 0.10156059265136719 0.0234375
0.5990257263183594 0.10402297973632812 0.1016387939453125 0.1953125
0.7507762908935547 0.12358474731445312 0.10220146179199219 0.0234375
0.7429637908935547 0.12228012084960938 0.10350608825683594 0.03125
0.7479953765869141 0.12029075622558594 0.1004638671875 0.03125
0.7558078765869141 0.1206207275390625 0.10013389587402344 0.0234375
time 11.03
error 40813.5078125
7 self_attn.o_proj
Quantizing the layer self_attn.o_proj ...
0.7379226684570312 0.1307697296142578 0.10005760192871094 0.03125
0.7434940338134766 0.13800048828125 0.10288047790527344 0.015625
0.6832447052001953 0.12865829467773438 0.10215950012207031 0.0859375
0.7329006195068359 0.1350116729736328 0.10083770751953125 0.03125
0.7429637908935547 0.12481307983398438 0.10097312927246094 0.03125
0.7329006195068359 0.13357925415039062 0.10227012634277344 0.03125
0.7301197052001953 0.12964630126953125 0.10117149353027344 0.0390625
0.7144947052001953 0.12943267822265625 0.10138511657714844 0.0546875
0.7223072052001953 0.12958145141601562 0.10123634338378906 0.046875
0.7172756195068359 0.1318359375 0.10401344299316406 0.046875
0.7329006195068359 0.1319408416748047 0.10390853881835938 0.03125
0.7407131195068359 0.1358013153076172 0.10004806518554688 0.0234375
0.7507762908935547 0.12494468688964844 0.10084152221679688 0.0234375
0.7301197052001953 0.1274852752685547 0.10333251953125 0.0390625
0.7351512908935547 0.12548065185546875 0.10030555725097656 0.0390625
0.7485256195068359 0.1343555450439453 0.10149383544921875 0.015625
0.6832447052001953 0.1295318603515625 0.10128593444824219 0.0859375
0.7250881195068359 0.13250160217285156 0.1033477783203125 0.0390625
0.7172756195068359 0.1337146759033203 0.10213470458984375 0.046875
0.6464328765869141 0.12053298950195312 0.10022163391113281 0.1328125
0.7379322052001953 0.1284027099609375 0.10241508483886719 0.03125
0.7144947052001953 0.1265411376953125 0.10427665710449219 0.0546875
0.7407131195068359 0.13261032104492188 0.10323905944824219 0.0234375
0.6464328765869141 0.11834335327148438 0.10241127014160156 0.1328125
0.7250881195068359 0.13460350036621094 0.10124588012695312 0.0390625
0.6436519622802734 0.11339378356933594 0.10232925415039062 0.140625
0.7301197052001953 0.12972068786621094 0.10109710693359375 0.0390625
0.7379322052001953 0.12938880920410156 0.10142898559570312 0.03125
0.7223072052001953 0.12758636474609375 0.10323143005371094 0.046875
0.7507762908935547 0.12467002868652344 0.10111618041992188 0.0234375
0.6882762908935547 0.12319564819335938 0.10259056091308594 0.0859375
0.7535572052001953 0.1284618377685547 0.10235595703125 0.015625
time 10.98
error 852.05078125
7 mlp.gate_proj
Quantizing the layer mlp.gate_proj ...
0.7328938245773315 0.13213615119457245 0.10372002422809601 0.03125
0.5811511874198914 0.11231391131877899 0.10340987890958786 0.203125
0.7301195859909058 0.128744438290596 0.10207349061965942 0.0390625
0.7301195859909058 0.12990623712539673 0.1009116917848587 0.0390625
0.6804639101028442 0.12419234961271286 0.10159372538328171 0.09375
0.6804639101028442 0.12436551600694656 0.101420558989048 0.09375
0.4606522023677826 0.09263646602630615 0.10296133905649185 0.34375
0.6960881948471069 0.12526684999465942 0.10051993280649185 0.078125
0.6620575785636902 0.11999085545539856 0.10076407343149185 0.1171875
0.4606522023677826 0.09154067188501358 0.10405713319778442 0.34375
0.7379320859909058 0.12973661720752716 0.10108131915330887 0.03125
0.6960889101028442 0.12400498241186142 0.10178109258413315 0.078125
0.7457438707351685 0.13037535548210144 0.1004432886838913 0.0234375
0.6280261874198914 0.11516907811164856 0.10055471211671829 0.15625
0.43443405628204346 0.08574658632278442 0.10481936484575272 0.375
0.6280261874198914 0.11447214335203171 0.10125164687633514 0.15625
0.7379320859909058 0.12866920232772827 0.10214871913194656 0.03125
0.7379320859909058 0.12808723747730255 0.10273068398237228 0.03125
0.7379320859909058 0.1279495656490326 0.10286837071180344 0.03125
0.7379320859909058 0.12800633907318115 0.10281158983707428 0.03125
0.7457445859909058 0.12878914177417755 0.10202877968549728 0.0234375
0.7379320859909058 0.12773877382278442 0.10307915508747101 0.03125
0.7379320859909058 0.12783387303352356 0.10298404842615128 0.03125
0.6933075785636902 0.12027899920940399 0.10047592967748642 0.0859375
0.7195256948471069 0.124114990234375 0.10167179256677628 0.0546875
0.7457445859909058 0.12737397849559784 0.103443942964077 0.0234375
0.7379320859909058 0.12649890780448914 0.1043190211057663 0.03125
0.7117139101028442 0.12272679805755615 0.10305927693843842 0.0625
0.7507764101028442 0.1255393773317337 0.10024669766426086 0.0234375
0.7351514101028442 0.12363948673009872 0.10214658826589584 0.0390625
0.7429639101028442 0.12381052225828171 0.10197555273771286 0.03125
0.7507756948471069 0.12335275858640671 0.10243402421474457 0.0234375
time 12.63
error 86114.0234375
7 mlp.up_proj
Quantizing the layer mlp.up_proj ...
0.6151818633079529 0.1200767308473587 0.10067890584468842 0.1640625
0.6101514101028442 0.12176655232906342 0.10401952266693115 0.1640625
0.42662155628204346 0.08738956600427628 0.10317638516426086 0.3828125
0.6151825785636902 0.12004408985376358 0.10071084648370743 0.1640625
0.4294022023677826 0.09054139256477356 0.10505640506744385 0.375
0.42662155628204346 0.09032848477363586 0.10023746639490128 0.3828125
0.5236830711364746 0.10714011639356613 0.10355181992053986 0.265625
0.5655261874198914 0.11322659999132156 0.10249719023704529 0.21875
0.6414014101028442 0.12321720272302628 0.10256887227296829 0.1328125
0.4372147023677826 0.09096863865852356 0.10462915897369385 0.3671875
0.7250884175300598 0.1339821070432663 0.10186696797609329 0.0390625
0.6151825785636902 0.11863034218549728 0.10212459415197372 0.1640625
0.7329009175300598 0.13495653867721558 0.10089252889156342 0.03125
0.49468356370925903 0.09972789883613586 0.1009010523557663 0.3046875
0.42662155628204346 0.087748683989048 0.10281726717948914 0.3828125
0.5967761874198914 0.11508391797542572 0.10063987225294113 0.1875
0.7172759175300598 0.13218511641025543 0.10366395115852356 0.046875
0.7250884175300598 0.13263648748397827 0.10321258008480072 0.0390625
0.7250884175300598 0.13199561834335327 0.10385344922542572 0.0390625
0.7250884175300598 0.13210918009281158 0.103739894926548 0.0390625
0.7329009175300598 0.13315458595752716 0.10269448906183243 0.03125
0.7250884175300598 0.13240300118923187 0.10344607383012772 0.0390625
0.7250884175300598 0.13200201094150543 0.10384705662727356 0.0390625
0.5705580711364746 0.10819687694311142 0.10249505937099457 0.21875
0.6542450785636902 0.11980774998664856 0.10094717890024185 0.125
0.7407127022743225 0.13224969804286957 0.10360007733106613 0.0234375
0.7379320859909058 0.13063085079193115 0.10018707811832428 0.03125
0.5677766799926758 0.1053261011838913 0.10033469647169113 0.2265625
0.7457445859909058 0.1303718090057373 0.10044612735509872 0.0234375
0.7301195859909058 0.12856842577457428 0.10224950313568115 0.0390625
0.7379320859909058 0.12807588279247284 0.102742038667202 0.03125
0.7457445859909058 0.12792329490184784 0.102894626557827 0.0234375
time 12.56
error 65680.640625
7 mlp.down_proj
Quantizing the layer mlp.down_proj ...
0.7379322052001953 0.12984848022460938 0.10096931457519531 0.03125
0.7379322052001953 0.12845230102539062 0.10236549377441406 0.03125
0.7301197052001953 0.13031578063964844 0.10050201416015625 0.0390625
0.6988697052001953 0.1268444061279297 0.103973388671875 0.0703125
0.7223072052001953 0.12715721130371094 0.10366058349609375 0.046875
0.7535572052001953 0.12905120849609375 0.10176658630371094 0.015625
0.7223072052001953 0.12799835205078125 0.10281944274902344 0.046875
0.7379322052001953 0.1297760009765625 0.10104179382324219 0.03125
0.6960887908935547 0.1251811981201172 0.10060501098632812 0.078125
0.6648387908935547 0.12304496765136719 0.10274124145507812 0.109375
0.7039012908935547 0.12425041198730469 0.10153579711914062 0.0703125
0.6151828765869141 0.11710929870605469 0.10364532470703125 0.1640625
0.7407131195068359 0.1324462890625 0.10340309143066406 0.0234375
0.7379322052001953 0.12802696228027344 0.10279083251953125 0.03125
0.6386203765869141 0.1197357177734375 0.10101890563964844 0.140625
0.7351512908935547 0.12573623657226562 0.10004997253417969 0.0390625
0.7379322052001953 0.12821197509765625 0.10260581970214844 0.03125
0.6882762908935547 0.12484931945800781 0.1009368896484375 0.0859375
0.7429637908935547 0.1252727508544922 0.10051345825195312 0.03125
0.7301197052001953 0.12740135192871094 0.10341644287109375 0.0390625
0.7223072052001953 0.12757492065429688 0.10324287414550781 0.046875
0.7301197052001953 0.12783432006835938 0.10298347473144531 0.0390625
0.7457447052001953 0.12908172607421875 0.10173606872558594 0.0234375
0.7223052978515625 0.12766075134277344 0.10315895080566406 0.046875
0.7039012908935547 0.12365341186523438 0.10213279724121094 0.0703125
0.6124019622802734 0.1141510009765625 0.10157203674316406 0.171875
0.7301197052001953 0.1276073455810547 0.10321044921875 0.0390625
0.6045894622802734 0.11405181884765625 0.10167121887207031 0.1796875
0.6542453765869141 0.11793327331542969 0.10282135009765625 0.125
0.6882762908935547 0.12223625183105469 0.10354995727539062 0.0859375
0.6726512908935547 0.1236114501953125 0.10217475891113281 0.1015625
0.7066822052001953 0.12781715393066406 0.10300064086914062 0.0625
0.7223072052001953 0.12672042846679688 0.10409736633300781 0.046875
0.7379322052001953 0.12868309020996094 0.10213470458984375 0.03125
0.7351512908935547 0.12572479248046875 0.10006141662597656 0.0390625
0.7117137908935547 0.12372589111328125 0.10206031799316406 0.0625
0.7039012908935547 0.12434577941894531 0.1014404296875 0.0703125
0.7273387908935547 0.12432479858398438 0.10146141052246094 0.046875
0.7429637908935547 0.1252899169921875 0.10049629211425781 0.03125
0.7379322052001953 0.12695884704589844 0.10385894775390625 0.03125
0.7117137908935547 0.12397956848144531 0.101806640625 0.0625
0.7195262908935547 0.1250324249267578 0.1007537841796875 0.0546875
0.7429637908935547 0.1248779296875 0.10090827941894531 0.03125
0.7117137908935547 0.12392997741699219 0.10185623168945312 0.0625
0.7379322052001953 0.127838134765625 0.10297966003417969 0.03125
0.7195262908935547 0.12354660034179688 0.10223960876464844 0.0546875
0.7379322052001953 0.12730789184570312 0.10350990295410156 0.03125
0.7429637908935547 0.12387466430664062 0.10191154479980469 0.03125
0.7351512908935547 0.12362861633300781 0.1021575927734375 0.0390625
0.7429637908935547 0.12532615661621094 0.10046005249023438 0.03125
0.7167453765869141 0.12000465393066406 0.10074996948242188 0.0625
0.7301197052001953 0.1268444061279297 0.103973388671875 0.0390625
0.7195262908935547 0.12236213684082031 0.103424072265625 0.0546875
0.7507762908935547 0.12483787536621094 0.10094833374023438 0.0234375
0.6202144622802734 0.11164474487304688 0.10407829284667969 0.1640625
0.7351512908935547 0.12483406066894531 0.1009521484375 0.0390625
0.6358394622802734 0.1129150390625 0.10280799865722656 0.1484375
0.7273387908935547 0.12476730346679688 0.10101890563964844 0.046875
0.7585887908935547 0.12351799011230469 0.10226821899414062 0.015625
0.6933078765869141 0.11927032470703125 0.10148429870605469 0.0859375
0.5834007263183594 0.10538864135742188 0.10027313232421875 0.2109375
0.7195262908935547 0.12340164184570312 0.10238456726074219 0.0546875
0.7429637908935547 0.12453651428222656 0.10124969482421875 0.03125
0.6933078765869141 0.11857414245605469 0.10218048095703125 0.0859375
0.6854953765869141 0.11778068542480469 0.10297393798828125 0.09375
0.7351512908935547 0.12289619445800781 0.1028900146484375 0.0390625
0.7245578765869141 0.12052345275878906 0.10023117065429688 0.0546875
0.6514644622802734 0.11356163024902344 0.10216140747070312 0.1328125
0.7273387908935547 0.12269783020019531 0.10308837890625 0.046875
0.7273387908935547 0.12338638305664062 0.10239982604980469 0.046875
0.7507762908935547 0.12351036071777344 0.10227584838867188 0.0234375
0.7401828765869141 0.11962318420410156 0.10113143920898438 0.0390625
0.6358394622802734 0.11120986938476562 0.10451316833496094 0.1484375
0.7245578765869141 0.12047576904296875 0.10027885437011719 0.0546875
0.7507762908935547 0.12376213073730469 0.10202407836914062 0.0234375
0.7558078765869141 0.11970710754394531 0.10104751586914062 0.0234375
0.7401828765869141 0.12053680419921875 0.10021781921386719 0.0390625
0.7401828765869141 0.11838912963867188 0.10236549377441406 0.0390625
0.7167453765869141 0.11871719360351562 0.10203742980957031 0.0625
0.7323703765869141 0.11895942687988281 0.10179519653320312 0.046875
0.7479953765869141 0.11964035034179688 0.10111427307128906 0.03125
0.7323703765869141 0.11935997009277344 0.1013946533203125 0.046875
0.7558078765869141 0.11937332153320312 0.10138130187988281 0.0234375
0.7452144622802734 0.1146392822265625 0.10108375549316406 0.0390625
0.7558078765869141 0.11763763427734375 0.10311698913574219 0.0234375
0.7139644622802734 0.11475563049316406 0.1009674072265625 0.0703125
time 29.83
error 2910.7353515625
8 self_attn.q_proj
Quantizing the layer self_attn.q_proj ...
0.7658672332763672 0.10923385620117188 0.10146141052246094 0.0234375
0.6247138977050781 0.09493827819824219 0.10066032409667969 0.1796875
0.758056640625 0.10860443115234375 0.10208892822265625 0.03125
0.773681640625 0.10865020751953125 0.10204315185546875 0.015625
0.765869140625 0.10831832885742188 0.10237503051757812 0.0234375
0.758056640625 0.10875892639160156 0.10193443298339844 0.03125
0.7240257263183594 0.10513687133789062 0.10052490234375 0.0703125
0.6899948120117188 0.10037040710449219 0.10025978088378906 0.109375
0.758056640625 0.10864639282226562 0.10204696655273438 0.03125
0.765869140625 0.10846519470214844 0.10222816467285156 0.0234375
0.765869140625 0.1092987060546875 0.1013946533203125 0.0234375
0.758056640625 0.10779190063476562 0.10290145874023438 0.03125
0.765869140625 0.10741424560546875 0.10327911376953125 0.0234375
0.6849632263183594 0.10165214538574219 0.10400962829589844 0.109375
0.765869140625 0.10843658447265625 0.10225677490234375 0.0234375
0.7396507263183594 0.10483551025390625 0.10082626342773438 0.0546875
0.758056640625 0.10728836059570312 0.10340499877929688 0.03125
0.773681640625 0.10835838317871094 0.10233497619628906 0.015625
0.765869140625 0.10798454284667969 0.10270881652832031 0.0234375
0.765869140625 0.10828208923339844 0.10241127014160156 0.0234375
0.773681640625 0.10837364196777344 0.10231971740722656 0.015625
0.7658672332763672 0.10812568664550781 0.102569580078125 0.0234375
0.773681640625 0.10815620422363281 0.10253715515136719 0.015625
0.765869140625 0.10734367370605469 0.10334968566894531 0.0234375
0.765869140625 0.10879325866699219 0.10190010070800781 0.0234375
0.765869140625 0.10754776000976562 0.10314559936523438 0.0234375
0.773681640625 0.10819816589355469 0.10249519348144531 0.015625
0.7134323120117188 0.10058212280273438 0.10004806518554688 0.0859375
0.773681640625 0.10787010192871094 0.10282325744628906 0.015625
0.773681640625 0.10765266418457031 0.10304069519042969 0.015625
0.773681640625 0.10763931274414062 0.10305404663085938 0.015625
0.773681640625 0.1070098876953125 0.1036834716796875 0.015625
time 11.24
error 133817.0
8 self_attn.k_proj
Quantizing the layer self_attn.k_proj ...
0.7658672332763672 0.10707664489746094 0.10361862182617188 0.0234375
0.6325263977050781 0.092742919921875 0.10285568237304688 0.171875
0.7630882263183594 0.10436058044433594 0.10130119323730469 0.03125
0.7787132263183594 0.10508155822753906 0.10058021545410156 0.015625
0.7709007263183594 0.10550880432128906 0.10015296936035156 0.0234375
0.7162132263183594 0.1020355224609375 0.10362625122070312 0.078125
0.7318382263183594 0.10226058959960938 0.10340118408203125 0.0625
0.7318382263183594 0.102752685546875 0.10290908813476562 0.0625
0.7709007263183594 0.10492515563964844 0.10073661804199219 0.0234375
0.7709007263183594 0.10514259338378906 0.10051918029785156 0.0234375
0.7709007263183594 0.10528755187988281 0.10037422180175781 0.0234375
0.7709007263183594 0.10445404052734375 0.10120773315429688 0.0234375
0.7709007263183594 0.10446548461914062 0.1011962890625 0.0234375
0.6403388977050781 0.09289169311523438 0.1027069091796875 0.1640625
0.7630882263183594 0.1041259765625 0.10153579711914062 0.03125
0.7474632263183594 0.10335159301757812 0.1023101806640625 0.046875
0.7709007263183594 0.10381507873535156 0.10184669494628906 0.0234375
0.7787132263183594 0.10553169250488281 0.10013008117675781 0.015625
0.7787132263183594 0.104522705078125 0.10113906860351562 0.015625
0.7630882263183594 0.10383224487304688 0.10182952880859375 0.03125
0.7787132263183594 0.10408592224121094 0.10157585144042969 0.015625
0.7787132263183594 0.10482978820800781 0.10083198547363281 0.015625
0.7709007263183594 0.10396575927734375 0.10169601440429688 0.0234375
0.7709007263183594 0.10394287109375 0.10171890258789062 0.0234375
0.7709007263183594 0.10351753234863281 0.10214424133300781 0.0234375
0.7787132263183594 0.10521697998046875 0.10044479370117188 0.015625
0.7787132263183594 0.10362052917480469 0.10204124450683594 0.015625
0.7524948120117188 0.10046768188476562 0.10016250610351562 0.046875
0.7787132263183594 0.10417556762695312 0.1014862060546875 0.015625
0.7709007263183594 0.1035919189453125 0.10206985473632812 0.0234375
0.7709007263183594 0.10311508178710938 0.10254669189453125 0.0234375
0.7709007263183594 0.10245704650878906 0.10320472717285156 0.0234375
time 11.21
error 132607.625
8 self_attn.v_proj
Quantizing the layer self_attn.v_proj ...
0.7250862121582031 0.1321544647216797 0.10369682312011719 0.0390625
0.4528388977050781 0.092926025390625 0.10267257690429688 0.3515625
0.7407131195068359 0.13248825073242188 0.10336112976074219 0.0234375
0.7329006195068359 0.13183212280273438 0.10401725769042969 0.03125
0.7301197052001953 0.13007736206054688 0.10074043273925781 0.0390625
0.5365257263183594 0.10438728332519531 0.10127449035644531 0.2578125
0.578369140625 0.10943984985351562 0.10125350952148438 0.2109375
0.6620578765869141 0.12063026428222656 0.10012435913085938 0.1171875
0.6542434692382812 0.11938858032226562 0.10136795043945312 0.125
0.7379322052001953 0.1300792694091797 0.100738525390625 0.03125
0.7379322052001953 0.1296672821044922 0.1011505126953125 0.03125
0.6308078765869141 0.11666679382324219 0.10408782958984375 0.1484375
0.7457447052001953 0.1303882598876953 0.10042953491210938 0.0234375
0.6280269622802734 0.11551856994628906 0.1002044677734375 0.15625
0.7301197052001953 0.128997802734375 0.10181999206542969 0.0390625
0.4316520690917969 0.08415985107421875 0.10137557983398438 0.3828125
0.7379322052001953 0.12893295288085938 0.10188484191894531 0.03125
0.7301197052001953 0.12762069702148438 0.10319709777832031 0.0390625
0.7457447052001953 0.12919044494628906 0.10162734985351562 0.0234375
0.7379322052001953 0.1276073455810547 0.10321044921875 0.03125
0.7379322052001953 0.12812423706054688 0.10269355773925781 0.03125
0.7379322052001953 0.1285552978515625 0.10226249694824219 0.03125
0.7379322052001953 0.12811279296875 0.10270500183105469 0.03125
0.7379322052001953 0.12743759155273438 0.10338020324707031 0.03125
0.7195262908935547 0.12460899353027344 0.10117721557617188 0.0546875
0.7457447052001953 0.12714385986328125 0.10367393493652344 0.0234375
0.7457447052001953 0.1275310516357422 0.1032867431640625 0.0234375
0.601806640625 0.10779571533203125 0.10289764404296875 0.1875
0.7535572052001953 0.1270580291748047 0.103759765625 0.015625
0.7429637908935547 0.12451744079589844 0.10126876831054688 0.03125
0.7429637908935547 0.12332344055175781 0.1024627685546875 0.03125
0.7507762908935547 0.12281990051269531 0.10296630859375 0.0234375
time 10.99
error 42047.7421875
8 self_attn.o_proj
Quantizing the layer self_attn.o_proj ...
0.7094535827636719 0.13404273986816406 0.10181617736816406 0.0546875
0.7223072052001953 0.12833595275878906 0.10248184204101562 0.046875
0.7278690338134766 0.13704490661621094 0.1038360595703125 0.03125
0.7250881195068359 0.13396072387695312 0.10188865661621094 0.0390625
0.6676197052001953 0.12731170654296875 0.10350608825683594 0.1015625
0.6073703765869141 0.11919403076171875 0.10156059265136719 0.171875
0.7351512908935547 0.12540245056152344 0.10038375854492188 0.0390625
0.7407131195068359 0.13571929931640625 0.10013008117675781 0.0234375
0.6492137908935547 0.12380027770996094 0.10198593139648438 0.125
0.7329006195068359 0.13327598571777344 0.10257339477539062 0.03125
0.7329006195068359 0.13306617736816406 0.102783203125 0.03125
0.7329006195068359 0.13324546813964844 0.10260391235351562 0.03125
0.7016506195068359 0.13190078735351562 0.10394859313964844 0.0625
0.7379322052001953 0.1293010711669922 0.1015167236328125 0.03125
0.6676197052001953 0.1264820098876953 0.10433578491210938 0.1015625
0.7329006195068359 0.13346290588378906 0.102386474609375 0.03125
0.6570262908935547 0.12561416625976562 0.10017204284667969 0.1171875
0.7407131195068359 0.13389205932617188 0.10195732116699219 0.0234375
0.7379322052001953 0.13058853149414062 0.10022926330566406 0.03125
0.6960887908935547 0.1235809326171875 0.10220527648925781 0.078125
0.6988697052001953 0.12731552124023438 0.10350227355957031 0.0703125
0.7172756195068359 0.1320323944091797 0.10381698608398438 0.046875
0.7117137908935547 0.12316322326660156 0.10262298583984375 0.0625
0.7323703765869141 0.11876296997070312 0.10199165344238281 0.046875
0.6854953765869141 0.11665916442871094 0.104095458984375 0.09375
0.7039012908935547 0.12446403503417969 0.10132217407226562 0.0703125
0.7144947052001953 0.12859153747558594 0.10222625732421875 0.0546875
0.7329006195068359 0.13289642333984375 0.10295295715332031 0.03125
0.7585868835449219 0.12166404724121094 0.10412406921386719 0.015625
0.7457447052001953 0.12853622436523438 0.10228157043457031 0.0234375
0.7379322052001953 0.1300067901611328 0.10081100463867188 0.03125
0.7223072052001953 0.12665176391601562 0.10416603088378906 0.046875
time 11.04
error 1491.502197265625
8 mlp.gate_proj
Quantizing the layer mlp.gate_proj ...
0.7379285097122192 0.1304314136505127 0.10039005428552628 0.03125
0.5130891799926758 0.10217426717281342 0.10348652303218842 0.28125
0.7379320859909058 0.13023553788661957 0.10058239102363586 0.03125
0.7379320859909058 0.1301070749759674 0.10071084648370743 0.03125
0.7379320859909058 0.1301468312740326 0.10067110508680344 0.03125
0.6045886874198914 0.11407967656850815 0.1016441136598587 0.1796875
0.510308563709259 0.10013527423143387 0.10049367696046829 0.2890625
0.6542450785636902 0.11990285664796829 0.10085207968950272 0.125
0.6202136874198914 0.11428336054086685 0.1014404296875 0.1640625
0.7301195859909058 0.12919794023036957 0.10161998867988586 0.0390625
0.7379320859909058 0.12961098551750183 0.101206935942173 0.03125
0.7223070859909058 0.128265380859375 0.10255254805088043 0.046875
0.7457445859909058 0.12983739376068115 0.10098053514957428 0.0234375
0.6882764101028442 0.12308164685964584 0.10270442813634872 0.0859375
0.7301195859909058 0.12809504568576813 0.10272287577390671 0.0390625
0.7223070859909058 0.12695595622062683 0.103861965239048 0.046875
0.7379320859909058 0.1279900074005127 0.10282791405916214 0.03125
0.7457445859909058 0.12853436172008514 0.10228356719017029 0.0234375
0.7457445859909058 0.1285911351442337 0.10222678631544113 0.0234375
0.7379320859909058 0.12734772264957428 0.10347020626068115 0.03125
0.7379320859909058 0.12799355387687683 0.102824367582798 0.03125
0.7379320859909058 0.12722636759281158 0.10359156131744385 0.03125
0.7457445859909058 0.12775084376335144 0.10306708514690399 0.0234375
0.6174330711364746 0.11038278788328171 0.10030914843082428 0.171875
0.7273389101028442 0.124440036714077 0.10134603828191757 0.046875
0.7457445859909058 0.12710854411125183 0.103709377348423 0.0234375
0.7457445859909058 0.1267806589603424 0.10403726249933243 0.0234375
0.7089325785636902 0.12039042264223099 0.10036450624465942 0.0703125
0.7507764101028442 0.1250205785036087 0.10076549649238586 0.0234375
0.7351514101028442 0.12346276640892029 0.10232330858707428 0.0390625
0.7429639101028442 0.12376651912927628 0.10201955586671829 0.03125
0.7507764101028442 0.12280557304620743 0.10298050194978714 0.0234375
time 12.81
error 88486.8515625
8 mlp.up_proj
Quantizing the layer mlp.up_proj ...
0.5130884647369385 0.105397067964077 0.10026443749666214 0.28125
0.6073700785636902 0.11946141719818115 0.10129351913928986 0.171875
0.7434940934181213 0.13715238869190216 0.10372854024171829 0.015625
0.7094634175300598 0.13356691598892212 0.10228214412927628 0.0546875
0.42662155628204346 0.09003395587205887 0.10053200274705887 0.3828125
0.6179639101028442 0.121501125395298 0.10428494960069656 0.15625
0.6570264101028442 0.12555073201656342 0.10023534297943115 0.1171875
0.5811511874198914 0.11462899297475815 0.1010947972536087 0.203125
0.5471205711364746 0.10908330976963043 0.10160863399505615 0.2421875
0.5655261874198914 0.11235366016626358 0.10337013751268387 0.21875
0.7250877022743225 0.13349878787994385 0.10235098749399185 0.0390625
0.5471205711364746 0.10740484297275543 0.10328710079193115 0.2421875
0.7329009175300598 0.13448528945446014 0.10136377811431885 0.03125
0.6151825785636902 0.11862253397703171 0.1021323949098587 0.1640625
0.6073700785636902 0.11714917421340942 0.10360575467348099 0.171875
0.5705580711364746 0.11067022383213043 0.10002171993255615 0.21875
0.7329009175300598 0.1338394582271576 0.102009616792202 0.03125
0.7407134175300598 0.13365918397903442 0.10218988358974457 0.0234375
0.7329009175300598 0.13328516483306885 0.10256390273571014 0.03125
0.7329009175300598 0.13253499567508698 0.10331406444311142 0.03125
0.7329009175300598 0.13282598555088043 0.10302308201789856 0.03125
0.7329009175300598 0.13216595351696014 0.10368311405181885 0.03125
0.7329009175300598 0.13197007775306702 0.10387899726629257 0.03125
0.4919022023677826 0.094685398042202 0.10091240704059601 0.3125
0.44224655628204346 0.08657198399305344 0.1039939671754837 0.3671875
0.7379320859909058 0.13058897852897644 0.10022895038127899 0.03125
0.7301195859909058 0.12974442541599274 0.10107351094484329 0.0390625
0.6620575785636902 0.119659423828125 0.10109551250934601 0.1171875
0.7457445859909058 0.12961098551750183 0.101206935942173 0.0234375
0.7223070859909058 0.12657059729099274 0.10424733906984329 0.046875
0.7301195859909058 0.126852348446846 0.10396558046340942 0.0390625
0.7457445859909058 0.12696802616119385 0.10384989529848099 0.0234375
time 12.72
error 71680.5703125
8 mlp.down_proj
Quantizing the layer mlp.down_proj ...
0.7379226684570312 0.12847137451171875 0.10235595703125 0.03125
0.7223072052001953 0.12775802612304688 0.10305976867675781 0.046875
0.7039012908935547 0.12442588806152344 0.10136032104492188 0.0703125
0.7457447052001953 0.1279773712158203 0.10284042358398438 0.0234375
0.7223072052001953 0.12707901000976562 0.10373878479003906 0.046875
0.6988697052001953 0.12715721130371094 0.10366058349609375 0.0703125
0.6386203765869141 0.11878776550292969 0.10196685791015625 0.140625
0.7457447052001953 0.12900924682617188 0.10180854797363281 0.0234375
0.7429637908935547 0.12565231323242188 0.10013389587402344 0.03125
0.7301197052001953 0.13033676147460938 0.10048103332519531 0.0390625
0.7273387908935547 0.12551498413085938 0.10027122497558594 0.046875
0.7507762908935547 0.12276649475097656 0.10301971435546875 0.0234375
0.6933078765869141 0.12012100219726562 0.10063362121582031 0.0859375
0.7379322052001953 0.12871551513671875 0.10210227966308594 0.03125
0.7429637908935547 0.12388992309570312 0.10189628601074219 0.03125
0.7195262908935547 0.12459564208984375 0.10119056701660156 0.0546875
0.7117137908935547 0.12545204162597656 0.10033416748046875 0.0625
0.7351512908935547 0.12370681762695312 0.10207939147949219 0.0390625
0.7429637908935547 0.12482643127441406 0.10095977783203125 0.03125
0.7351512908935547 0.12409400939941406 0.10169219970703125 0.0390625
0.7507762908935547 0.12369728088378906 0.10208892822265625 0.0234375
0.7429637908935547 0.1254730224609375 0.10031318664550781 0.03125
0.6960887908935547 0.12254524230957031 0.103240966796875 0.078125
0.7351512908935547 0.1254863739013672 0.10029983520507812 0.0390625
0.6854953765869141 0.11955070495605469 0.10120391845703125 0.09375
0.7351512908935547 0.12412071228027344 0.10166549682617188 0.0390625
0.7585887908935547 0.1256694793701172 0.10011672973632812 0.015625
0.6960887908935547 0.12338638305664062 0.10239982604980469 0.078125
0.7379322052001953 0.12763595581054688 0.10318183898925781 0.03125
0.7117137908935547 0.12494468688964844 0.10084152221679688 0.0625
0.7089328765869141 0.12014198303222656 0.10061264038085938 0.0703125
0.7507762908935547 0.12199592590332031 0.103790283203125 0.0234375
0.6960887908935547 0.12199020385742188 0.10379600524902344 0.078125
0.7351512908935547 0.12276077270507812 0.10302543640136719 0.0390625
0.7273387908935547 0.12365150451660156 0.10213470458984375 0.046875
0.6202144622802734 0.11273574829101562 0.10298728942871094 0.1640625
0.6776828765869141 0.11945343017578125 0.10130119323730469 0.1015625
0.7429618835449219 0.12367820739746094 0.10210990905761719 0.03125
0.7039012908935547 0.12177276611328125 0.10401344299316406 0.0703125
0.7351512908935547 0.12484931945800781 0.1009368896484375 0.0390625
0.7351512908935547 0.12458229064941406 0.10120391845703125 0.0390625
0.7195262908935547 0.12433433532714844 0.10145187377929688 0.0546875
0.7507762908935547 0.12470245361328125 0.10108375549316406 0.0234375
0.578369140625 0.10680961608886719 0.10388374328613281 0.2109375
0.7351512908935547 0.1251544952392578 0.1006317138671875 0.0390625
0.7167453765869141 0.12062454223632812 0.10013008117675781 0.0625
0.7195262908935547 0.12405014038085938 0.10173606872558594 0.0546875
0.7507762908935547 0.12555885314941406 0.10022735595703125 0.0234375
0.5834007263183594 0.10516166687011719 0.10050010681152344 0.2109375
0.7429637908935547 0.12402153015136719 0.10176467895507812 0.03125
0.6804637908935547 0.12161445617675781 0.1041717529296875 0.09375
0.7479953765869141 0.11941146850585938 0.10134315490722656 0.03125
0.7429637908935547 0.12320709228515625 0.10257911682128906 0.03125
0.7351512908935547 0.123077392578125 0.10270881652832031 0.0390625
0.7011203765869141 0.12010955810546875 0.10064506530761719 0.078125
0.7167453765869141 0.12012100219726562 0.10063362121582031 0.0625
0.7273387908935547 0.12286567687988281 0.1029205322265625 0.046875
0.7273387908935547 0.12225532531738281 0.1035308837890625 0.046875
0.7273387908935547 0.12337493896484375 0.10241127014160156 0.046875
0.7011203765869141 0.11973381042480469 0.10102081298828125 0.078125
0.7429637908935547 0.12240791320800781 0.1033782958984375 0.03125
0.7429637908935547 0.12446784973144531 0.101318359375 0.03125
0.6592769622802734 0.114105224609375 0.10161781311035156 0.125
0.7323703765869141 0.1195526123046875 0.10120201110839844 0.046875
0.6749019622802734 0.11502838134765625 0.10069465637207031 0.109375
0.7273387908935547 0.12198066711425781 0.1038055419921875 0.046875
0.7351512908935547 0.12203407287597656 0.10375213623046875 0.0390625
0.6827144622802734 0.11565017700195312 0.10007286071777344 0.1015625
0.625244140625 0.10869216918945312 0.10200119018554688 0.1640625
0.7636203765869141 0.12048149108886719 0.10027313232421875 0.015625
0.7429637908935547 0.12327957153320312 0.10250663757324219 0.03125
0.7323703765869141 0.11859321594238281 0.10216140747070312 0.046875
0.7401828765869141 0.11941337585449219 0.10134124755859375 0.0390625
0.7558078765869141 0.11970901489257812 0.10104560852050781 0.0234375
0.6670894622802734 0.1123504638671875 0.10337257385253906 0.1171875
0.7245559692382812 0.11731529235839844 0.10344123840332031 0.0546875
0.7401828765869141 0.12064361572265625 0.10011100769042969 0.0390625
0.7558078765869141 0.11778831481933594 0.10296630859375 0.0234375
0.5912132263183594 0.1026153564453125 0.10304641723632812 0.203125
0.7245578765869141 0.11801719665527344 0.1027374267578125 0.0546875
0.7295894622802734 0.11380767822265625 0.10191535949707031 0.0546875
0.6983394622802734 0.11261558532714844 0.10310745239257812 0.0859375
0.7061519622802734 0.11417579650878906 0.1015472412109375 0.078125
0.7530269622802734 0.11539649963378906 0.1003265380859375 0.03125
0.7139644622802734 0.11392402648925781 0.10179901123046875 0.0703125
0.7530269622802734 0.1149139404296875 0.10080909729003906 0.03125
time 30.40
error 3649.095458984375
9 self_attn.q_proj
Quantizing the layer self_attn.q_proj ...
0.7530097961425781 0.11305046081542969 0.10268974304199219 0.03125
0.6040573120117188 0.09839820861816406 0.10223197937011719 0.1953125
0.7530269622802734 0.11314201354980469 0.10258102416992188 0.03125
0.7608394622802734 0.11399459838867188 0.10172843933105469 0.0234375
0.7608394622802734 0.11381149291992188 0.10191154479980469 0.0234375
0.687744140625 0.1072998046875 0.1033935546875 0.1015625
0.726806640625 0.11026954650878906 0.10042381286621094 0.0625
0.734619140625 0.11039352416992188 0.10029983520507812 0.0546875
0.7530269622802734 0.11293983459472656 0.102783203125 0.03125
0.7608394622802734 0.11301422119140625 0.10270881652832031 0.0234375
0.7608394622802734 0.11402702331542969 0.10169601440429688 0.0234375
0.7608394622802734 0.11253738403320312 0.10318565368652344 0.0234375
0.7608394622802734 0.11354446411132812 0.10217857360839844 0.0234375
0.5778388977050781 0.09309005737304688 0.102508544921875 0.2265625
0.7530269622802734 0.11322402954101562 0.10249900817871094 0.03125
0.7374019622802734 0.11164283752441406 0.1040802001953125 0.046875
0.7608394622802734 0.1130828857421875 0.10264015197753906 0.0234375
0.7686500549316406 0.11337089538574219 0.10235404968261719 0.015625
0.7686500549316406 0.11359405517578125 0.10213088989257812 0.015625
0.7608375549316406 0.11297607421875 0.10274887084960938 0.0234375
0.7608394622802734 0.11290550231933594 0.10281753540039062 0.0234375
0.7686519622802734 0.11360549926757812 0.10211753845214844 0.015625
0.7608394622802734 0.11274528503417969 0.10297775268554688 0.0234375
0.758056640625 0.11065292358398438 0.10004043579101562 0.03125
0.7686519622802734 0.11362075805664062 0.10210227966308594 0.015625
0.7686519622802734 0.11247062683105469 0.10325241088867188 0.015625
0.7686519622802734 0.11259078979492188 0.10313224792480469 0.015625
0.750244140625 0.10944557189941406 0.10124778747558594 0.0390625
0.7608394622802734 0.11194229125976562 0.10378074645996094 0.0234375
0.7608394622802734 0.11182785034179688 0.10389518737792969 0.0234375
0.765869140625 0.11029052734375 0.10040283203125 0.0234375
0.765869140625 0.10980606079101562 0.10088729858398438 0.0234375
time 11.27
error 140763.984375
9 self_attn.k_proj
Quantizing the layer self_attn.k_proj ...
0.7658596038818359 0.10968208312988281 0.10102081298828125 0.0234375
0.5594329833984375 0.08836174011230469 0.10220527648925781 0.25
0.758056640625 0.10830497741699219 0.10238838195800781 0.03125
0.765869140625 0.10970306396484375 0.10099029541015625 0.0234375
0.765869140625 0.10908126831054688 0.10161209106445312 0.0234375
0.7162132263183594 0.10510635375976562 0.100555419921875 0.078125
0.734619140625 0.10780715942382812 0.10288619995117188 0.0546875
0.742431640625 0.10731887817382812 0.10337448120117188 0.046875
0.765869140625 0.10950469970703125 0.10118865966796875 0.0234375
0.765869140625 0.10984611511230469 0.10084724426269531 0.0234375
0.765869140625 0.10917282104492188 0.10152053833007812 0.0234375
0.765869140625 0.10886001586914062 0.10183334350585938 0.0234375
0.765869140625 0.10928916931152344 0.10140419006347656 0.0234375
0.6771507263183594 0.10156822204589844 0.10409355163574219 0.1171875
0.758056640625 0.10852813720703125 0.10216522216796875 0.03125
0.758056640625 0.10883903503417969 0.10185432434082031 0.03125
0.765869140625 0.10858726501464844 0.10210609436035156 0.0234375
0.773681640625 0.10911941528320312 0.10157394409179688 0.015625
0.773681640625 0.10865592956542969 0.10203742980957031 0.015625
0.765869140625 0.10836410522460938 0.10232925415039062 0.0234375
0.765869140625 0.10830879211425781 0.10238456726074219 0.0234375
0.773681640625 0.10885810852050781 0.10183525085449219 0.015625
0.765869140625 0.10897445678710938 0.10171890258789062 0.0234375
0.758056640625 0.10766029357910156 0.10303306579589844 0.03125
0.765869140625 0.10850906372070312 0.10218429565429688 0.0234375
0.773681640625 0.10857391357421875 0.10211944580078125 0.015625
0.773681640625 0.10881996154785156 0.10187339782714844 0.015625
0.750244140625 0.10684967041015625 0.10384368896484375 0.0390625
0.773681640625 0.10809326171875 0.10260009765625 0.015625
0.765869140625 0.10834312438964844 0.10235023498535156 0.0234375
0.765869140625 0.10798072814941406 0.10271263122558594 0.0234375
0.765869140625 0.10675048828125 0.10394287109375 0.0234375
time 11.26
error 146128.625
9 self_attn.v_proj
Quantizing the layer self_attn.v_proj ...
0.7066726684570312 0.12792396545410156 0.10290336608886719 0.0625
0.6542453765869141 0.12070465087890625 0.10004997253417969 0.125
0.7485256195068359 0.13181686401367188 0.10403251647949219 0.015625
0.7223072052001953 0.1294727325439453 0.10134506225585938 0.046875
0.7223072052001953 0.1295299530029297 0.101287841796875 0.046875
0.5287132263183594 0.10321617126464844 0.10244560241699219 0.265625
0.6464328765869141 0.11941719055175781 0.10133743286132812 0.1328125
0.6648387908935547 0.12206840515136719 0.10371780395507812 0.109375
0.6620578765869141 0.11923789978027344 0.1015167236328125 0.1171875
0.6229953765869141 0.11682701110839844 0.1039276123046875 0.15625
0.7301197052001953 0.12859725952148438 0.10222053527832031 0.0390625
0.6620578765869141 0.11873817443847656 0.10201644897460938 0.1171875
0.7379322052001953 0.12873268127441406 0.10208511352539062 0.03125
0.6542434692382812 0.11921310424804688 0.10154342651367188 0.125
0.7301197052001953 0.12874221801757812 0.10207557678222656 0.0390625
0.6620578765869141 0.11897850036621094 0.101776123046875 0.1171875
0.7379322052001953 0.12947654724121094 0.10134124755859375 0.03125
0.7273387908935547 0.1257762908935547 0.10000991821289062 0.046875
0.7301197052001953 0.12706375122070312 0.10375404357910156 0.0390625
0.7301197052001953 0.1269817352294922 0.1038360595703125 0.0390625
0.7379322052001953 0.12715530395507812 0.10366249084472656 0.03125
0.7379322052001953 0.1276702880859375 0.10314750671386719 0.03125
0.7301197052001953 0.12677955627441406 0.10403823852539062 0.0390625
0.6620578765869141 0.1178436279296875 0.10291099548339844 0.1171875
0.7195262908935547 0.12345123291015625 0.10233497619628906 0.0546875
0.7379322052001953 0.1266345977783203 0.10418319702148438 0.03125
0.7379322052001953 0.12653350830078125 0.10428428649902344 0.03125
0.5309638977050781 0.09505271911621094 0.10054588317871094 0.2734375
0.7507743835449219 0.12540054321289062 0.1003875732421875 0.0234375
0.7195262908935547 0.12140846252441406 0.10437774658203125 0.0546875
0.7167453765869141 0.11999893188476562 0.10075569152832031 0.0625
0.7507762908935547 0.12298393249511719 0.10280227661132812 0.0234375
time 11.04
error 46773.55859375
9 self_attn.o_proj
Quantizing the layer self_attn.o_proj ...
0.7250633239746094 0.1344928741455078 0.10138130187988281 0.0390625
0.5995578765869141 0.11902809143066406 0.10172653198242188 0.1796875
0.7278690338134766 0.1368122100830078 0.10406875610351562 0.03125
0.7329006195068359 0.13535308837890625 0.10049629211425781 0.03125
0.6910572052001953 0.13022232055664062 0.10059547424316406 0.078125
0.7250881195068359 0.13430023193359375 0.10154914855957031 0.0390625
0.6988697052001953 0.12944602966308594 0.10137176513671875 0.0703125
0.7250881195068359 0.13324356079101562 0.10260581970214844 0.0390625
0.7329006195068359 0.13393020629882812 0.10191917419433594 0.03125
0.7329006195068359 0.13501358032226562 0.10083580017089844 0.03125
0.7328987121582031 0.13573074340820312 0.10012054443359375 0.03125
0.6492137908935547 0.12287521362304688 0.10291099548339844 0.125
0.6804637908935547 0.12168502807617188 0.10410118103027344 0.09375
0.4578704833984375 0.08858680725097656 0.10198020935058594 0.3515625
0.7301197052001953 0.13043785095214844 0.10037994384765625 0.0390625
0.4684638977050781 0.09374618530273438 0.1018524169921875 0.3359375
0.7144947052001953 0.1287841796875 0.10203361511230469 0.0546875
0.7250881195068359 0.13316726684570312 0.10268211364746094 0.0390625
0.7301197052001953 0.1280689239501953 0.10274887084960938 0.0390625
0.7379322052001953 0.1307849884033203 0.10003280639648438 0.03125
0.7407131195068359 0.13280487060546875 0.10304450988769531 0.0234375
0.7094631195068359 0.1322803497314453 0.10356903076171875 0.0546875
0.7195262908935547 0.12268829345703125 0.10309791564941406 0.0546875
0.6648387908935547 0.12264251708984375 0.10314369201660156 0.109375
0.6124019622802734 0.11448097229003906 0.1012420654296875 0.171875
0.4606513977050781 0.09155845642089844 0.10404014587402344 0.34375
0.7039012908935547 0.12376213073730469 0.10202407836914062 0.0703125
0.7223072052001953 0.12858963012695312 0.10222816467285156 0.046875
0.6804637908935547 0.12336349487304688 0.10242271423339844 0.09375
0.648681640625 0.10736274719238281 0.10333061218261719 0.140625
0.7167453765869141 0.11816024780273438 0.10259437561035156 0.0625
0.7351512908935547 0.12304306030273438 0.10274314880371094 0.0390625
time 11.04
error 2054.419921875
9 mlp.gate_proj
Quantizing the layer mlp.gate_proj ...
0.7301145792007446 0.130026176571846 0.10079672187566757 0.0390625
0.5627455711364746 0.10862909257411957 0.10206284373998642 0.2265625
0.7457445859909058 0.13021637499332428 0.10060155391693115 0.0234375
0.7379320859909058 0.13039308786392212 0.10042483359575272 0.03125
0.7379320859909058 0.13043993711471558 0.10037799179553986 0.03125
0.6202136874198914 0.11525069922208786 0.10047309100627899 0.1640625
0.6202136874198914 0.11512152850627899 0.10060226172208786 0.1640625
0.6804631948471069 0.12281054258346558 0.1029762476682663 0.09375
0.5599641799926758 0.10536229610443115 0.10029850155115128 0.234375
0.7301195859909058 0.1293647289276123 0.10145320743322372 0.0390625
0.7379320859909058 0.12982532382011414 0.1009926050901413 0.03125
0.7223070859909058 0.12787078320980072 0.10294714570045471 0.046875
0.7457445859909058 0.1298317164182663 0.10098621249198914 0.0234375
0.6542450785636902 0.11869208514690399 0.10206284373998642 0.125
0.7301195859909058 0.12764793634414673 0.1031699925661087 0.0390625
0.7301195859909058 0.12819866836071014 0.10261926054954529 0.0390625
0.7379320859909058 0.1276969015598297 0.10312102735042572 0.03125
0.7457445859909058 0.1280815601348877 0.10273636132478714 0.0234375
0.7457445859909058 0.1281851828098297 0.10263274610042572 0.0234375
0.7457445859909058 0.1281731128692627 0.10264480859041214 0.0234375
0.7379320859909058 0.12771038711071014 0.10310754179954529 0.03125
0.7379320859909058 0.12714900076389313 0.10366892069578171 0.03125
0.7379320859909058 0.12687364220619202 0.10394428670406342 0.03125
0.7273389101028442 0.12477218359708786 0.10101389139890671 0.046875
0.7117139101028442 0.12280628085136414 0.10297979414463043 0.0625
0.7457445859909058 0.126791313290596 0.10402661561965942 0.0234375
0.7457445859909058 0.12675653398036957 0.10406139492988586 0.0234375
0.7117139101028442 0.1215309351682663 0.10425514727830887 0.0625
0.7507764101028442 0.1256820261478424 0.10010404139757156 0.0234375
0.6854950785636902 0.11743661016225815 0.10331832617521286 0.09375
0.7429639101028442 0.12349328398704529 0.10229279100894928 0.03125
0.7507764101028442 0.12263879179954529 0.10314728319644928 0.0234375
time 12.65
error 92768.9140625
9 mlp.up_proj
Quantizing the layer mlp.up_proj ...
0.5761115550994873 0.116302490234375 0.10446096211671829 0.203125
0.5917450785636902 0.11796605587005615 0.10278888046741486 0.1875
0.7434940934181213 0.13756969571113586 0.10331122577190399 0.015625
0.6832445859909058 0.12947756052017212 0.10134036093950272 0.0859375
0.7250884175300598 0.13462652266025543 0.10122254490852356 0.0390625
0.5655261874198914 0.11291716992855072 0.10280662029981613 0.21875
0.5733386874198914 0.11306904256343842 0.10265474766492844 0.2109375
0.6414014101028442 0.12324772030115128 0.10253835469484329 0.1328125
0.5995575785636902 0.11689438670873642 0.10386054217815399 0.1796875
0.4528397023677826 0.09325249493122101 0.102345310151577 0.3515625
0.7250884175300598 0.133767768740654 0.102081298828125 0.0390625
0.6414014101028442 0.12170907109975815 0.10407700389623642 0.1328125
0.7329009175300598 0.13425463438034058 0.10159443318843842 0.03125
0.6570264101028442 0.12405963242053986 0.10172644257545471 0.1171875
0.42662155628204346 0.08697225898504257 0.10359369218349457 0.3828125
0.5811511874198914 0.11324930936098099 0.10247448086738586 0.203125
0.7329009175300598 0.13343137502670288 0.10241769999265671 0.03125
0.7329009175300598 0.13289909064769745 0.10294998437166214 0.03125
0.7329009175300598 0.13314534723758698 0.10270371288061142 0.03125
0.7329009175300598 0.13302753865718842 0.10282152891159058 0.03125
0.7329009175300598 0.1326102316379547 0.10323883593082428 0.03125
0.7301195859909058 0.13072878122329712 0.10008914023637772 0.0390625
0.7329009175300598 0.13231995701789856 0.10352911055088043 0.03125
0.6202136874198914 0.11506546288728714 0.10065832734107971 0.1640625
0.5939955711364746 0.11059144139289856 0.10010049492120743 0.1953125
0.7407134175300598 0.13207653164863586 0.10377254337072372 0.0234375
0.7379320859909058 0.1300041675567627 0.10081375390291214 0.03125
0.6698700785636902 0.120219387114048 0.100535549223423 0.109375
0.7457445859909058 0.12942363321781158 0.10139429569244385 0.0234375
0.6776825785636902 0.12029886990785599 0.10045605897903442 0.1015625
0.7301195859909058 0.126779243350029 0.10403867810964584 0.0390625
0.7457445859909058 0.1272469460964203 0.10357098281383514 0.0234375
time 12.52
error 77838.28125
9 mlp.down_proj
Quantizing the layer mlp.down_proj ...
0.7429523468017578 0.1253490447998047 0.1004486083984375 0.03125
0.7379322052001953 0.1277637481689453 0.10305404663085938 0.03125
0.7351512908935547 0.12517547607421875 0.10061073303222656 0.0390625
0.7379322052001953 0.12715911865234375 0.10365867614746094 0.03125
0.7066822052001953 0.1270008087158203 0.10381698608398438 0.0625
0.6542453765869141 0.11963653564453125 0.10111808776855469 0.125
0.5967769622802734 0.1123199462890625 0.10340309143066406 0.1875
0.7351512908935547 0.12429046630859375 0.10149574279785156 0.0390625
0.7273387908935547 0.124969482421875 0.10081672668457031 0.046875
0.7223072052001953 0.12711524963378906 0.10370254516601562 0.046875
0.7585887908935547 0.12425041198730469 0.10153579711914062 0.015625
0.6436519622802734 0.11487197875976562 0.10085105895996094 0.140625
0.6542453765869141 0.11958122253417969 0.10117340087890625 0.125
0.7429637908935547 0.12469291687011719 0.10109329223632812 0.03125
0.6960887908935547 0.12366485595703125 0.10212135314941406 0.078125
0.7039012908935547 0.1253070831298828 0.1004791259765625 0.0703125
0.7379322052001953 0.12738800048828125 0.10342979431152344 0.03125
0.7507762908935547 0.124725341796875 0.10106086730957031 0.0234375
0.6124019622802734 0.11430740356445312 0.10141563415527344 0.171875
0.6620578765869141 0.11927032470703125 0.10148429870605469 0.1171875
0.7195262908935547 0.12396240234375 0.10182380676269531 0.0546875
0.7351512908935547 0.12412261962890625 0.10166358947753906 0.0390625
0.7351512908935547 0.12240791320800781 0.1033782958984375 0.0390625
0.7273387908935547 0.1250591278076172 0.10072708129882812 0.046875
0.7195262908935547 0.12227058410644531 0.103515625 0.0546875
0.7585887908935547 0.12569618225097656 0.10009002685546875 0.015625
0.7273387908935547 0.12411880493164062 0.10166740417480469 0.046875
0.6308078765869141 0.11640548706054688 0.10434913635253906 0.1484375
0.6960887908935547 0.12282180786132812 0.10296440124511719 0.078125
0.7429618835449219 0.12279319763183594 0.10299491882324219 0.03125
0.6045894622802734 0.11215972900390625 0.10356330871582031 0.1796875
0.6933078765869141 0.1206207275390625 0.10013389587402344 0.0859375
0.7195243835449219 0.12261390686035156 0.10317420959472656 0.0546875
0.7273387908935547 0.12263870239257812 0.10314750671386719 0.046875
0.7379322052001953 0.12795257568359375 0.10286521911621094 0.03125
0.7273387908935547 0.12505722045898438 0.10072898864746094 0.046875
0.7039012908935547 0.12280654907226562 0.10297966003417969 0.0703125
0.7457447052001953 0.12680435180664062 0.10401344299316406 0.0234375
0.7011203765869141 0.12006759643554688 0.10068702697753906 0.078125
0.7273387908935547 0.12429046630859375 0.10149574279785156 0.046875
0.7507762908935547 0.12497520446777344 0.10081100463867188 0.0234375
0.7301197052001953 0.1269397735595703 0.10387802124023438 0.0390625
0.5755882263183594 0.10514068603515625 0.10052108764648438 0.21875
0.7429637908935547 0.12467575073242188 0.10111045837402344 0.03125
0.6620578765869141 0.11766242980957031 0.10309219360351562 0.1171875
0.7351512908935547 0.12435340881347656 0.10143280029296875 0.0390625
0.7507743835449219 0.12495994567871094 0.10082817077636719 0.0234375
0.7245578765869141 0.11950492858886719 0.10124969482421875 0.0546875
0.7245578765869141 0.11815452575683594 0.10260009765625 0.0546875
0.7351512908935547 0.123870849609375 0.10191535949707031 0.0390625
0.7195262908935547 0.12482643127441406 0.10095977783203125 0.0546875
0.7507762908935547 0.12364006042480469 0.10214614868164062 0.0234375
0.7011203765869141 0.1175689697265625 0.10318565368652344 0.078125
0.593994140625 0.10747718811035156 0.10321617126464844 0.1953125
0.7429637908935547 0.12330245971679688 0.10248374938964844 0.03125
0.7351512908935547 0.12363624572753906 0.10214996337890625 0.0390625
0.6670894622802734 0.11512565612792969 0.10059738159179688 0.1171875
0.7245578765869141 0.11927032470703125 0.10148429870605469 0.0546875
0.7429637908935547 0.12310600280761719 0.10268020629882812 0.03125
0.7273387908935547 0.122222900390625 0.10356330871582031 0.046875
0.7479953765869141 0.11867523193359375 0.10207939147949219 0.03125
0.7061500549316406 0.11567115783691406 0.10005378723144531 0.078125
0.7011203765869141 0.11844825744628906 0.10230636596679688 0.078125
0.7323703765869141 0.11976051330566406 0.10099411010742188 0.046875
0.7167453765869141 0.11877822875976562 0.10197639465332031 0.0625
0.7558078765869141 0.12056159973144531 0.10019302368164062 0.0234375
0.7245578765869141 0.11744308471679688 0.10331153869628906 0.0546875
0.7479953765869141 0.12057304382324219 0.10018157958984375 0.03125
0.7479953765869141 0.11871147155761719 0.10204315185546875 0.03125
0.6670894622802734 0.11355018615722656 0.1021728515625 0.1171875
0.617431640625 0.10661125183105469 0.10408210754394531 0.171875
0.7585887908935547 0.12180328369140625 0.10398292541503906 0.015625
0.7011203765869141 0.11683082580566406 0.10392379760742188 0.078125
0.7401828765869141 0.12008476257324219 0.10066986083984375 0.0390625
0.7167453765869141 0.11649322509765625 0.10426139831542969 0.0625
0.7558078765869141 0.12051200866699219 0.10024261474609375 0.0234375
0.7558078765869141 0.11944007873535156 0.10131454467773438 0.0234375
0.7167453765869141 0.119232177734375 0.10152244567871094 0.0625
0.7608394622802734 0.11483192443847656 0.10089111328125 0.0234375
0.6983394622802734 0.11284828186035156 0.102874755859375 0.0859375
0.7558078765869141 0.11942672729492188 0.10132789611816406 0.0234375
0.7558078765869141 0.1177215576171875 0.10303306579589844 0.0234375
0.672119140625 0.11020088195800781 0.10049247741699219 0.1171875
0.5649948120117188 0.09714508056640625 0.103485107421875 0.234375
0.687744140625 0.10876083374023438 0.10193252563476562 0.1015625
0.7530269622802734 0.113433837890625 0.10228919982910156 0.03125
time 29.95
error 4448.03759765625
10 self_attn.q_proj
Quantizing the layer self_attn.q_proj ...
0.7580413818359375 0.10907554626464844 0.10163307189941406 0.03125
0.6196823120117188 0.09647560119628906 0.10415458679199219 0.1796875
0.758056640625 0.10868644714355469 0.10200691223144531 0.03125
0.765869140625 0.11020469665527344 0.10048866271972656 0.0234375
0.758056640625 0.11005210876464844 0.10064125061035156 0.03125
0.6587448120117188 0.09946632385253906 0.10116386413574219 0.140625
0.7162132263183594 0.10518646240234375 0.10047531127929688 0.078125
0.734619140625 0.10718345642089844 0.10350990295410156 0.0546875
0.765869140625 0.10936927795410156 0.10132408142089844 0.0234375
0.765869140625 0.10890769958496094 0.10178565979003906 0.0234375
0.765869140625 0.10962486267089844 0.10106849670410156 0.0234375
0.765869140625 0.10850715637207031 0.10218620300292969 0.0234375
0.765869140625 0.10933494567871094 0.10135841369628906 0.0234375
0.5254020690917969 0.08397293090820312 0.1015625 0.2890625
0.758056640625 0.10836410522460938 0.10232925415039062 0.03125
0.765869140625 0.10947990417480469 0.10121345520019531 0.0234375
0.773681640625 0.10973930358886719 0.10095405578613281 0.015625
0.773681640625 0.10923957824707031 0.10145378112792969 0.015625
0.773681640625 0.1088104248046875 0.1018829345703125 0.015625
0.765869140625 0.109161376953125 0.101531982421875 0.0234375
0.765869140625 0.10873603820800781 0.10195732116699219 0.0234375
0.773681640625 0.10987472534179688 0.10081863403320312 0.015625
0.765869140625 0.10876274108886719 0.10193061828613281 0.0234375
0.758056640625 0.10770225524902344 0.10299110412597656 0.03125
0.765869140625 0.108856201171875 0.101837158203125 0.0234375
0.773681640625 0.10915374755859375 0.10153961181640625 0.015625
0.773681640625 0.10879898071289062 0.10189437866210938 0.015625
0.750244140625 0.10700607299804688 0.10368728637695312 0.0390625
0.765869140625 0.1089935302734375 0.1016998291015625 0.0234375
0.750244140625 0.10702323913574219 0.10367012023925781 0.0390625
0.758056640625 0.10737228393554688 0.10332107543945312 0.03125
0.773681640625 0.10733985900878906 0.10335350036621094 0.015625
time 11.29
error 144680.671875
10 self_attn.k_proj
Quantizing the layer self_attn.k_proj ...
0.7708950042724609 0.10499000549316406 0.100677490234375 0.0234375
0.6899948120117188 0.09705162048339844 0.10357856750488281 0.109375
0.7630882263183594 0.103179931640625 0.10248184204101562 0.03125
0.7709007263183594 0.10436058044433594 0.10130119323730469 0.0234375
0.7709007263183594 0.10450172424316406 0.10116004943847656 0.0234375
0.7056198120117188 0.0987548828125 0.10187530517578125 0.09375
0.7630882263183594 0.10433578491210938 0.10132598876953125 0.03125
0.7552757263183594 0.10357093811035156 0.10209083557128906 0.0390625
0.7709007263183594 0.10427093505859375 0.10139083862304688 0.0234375
0.7709007263183594 0.10396957397460938 0.10169219970703125 0.0234375
0.7787132263183594 0.10466575622558594 0.10099601745605469 0.015625
0.7709007263183594 0.10394096374511719 0.10172080993652344 0.0234375
0.7709007263183594 0.10387611389160156 0.10178565979003906 0.0234375
0.7056198120117188 0.09891128540039062 0.10171890258789062 0.09375
0.7630882263183594 0.10381698608398438 0.10184478759765625 0.03125
0.7630882263183594 0.10436630249023438 0.10129547119140625 0.03125
0.7709007263183594 0.10323715209960938 0.10242462158203125 0.0234375
0.7787132263183594 0.10359954833984375 0.10206222534179688 0.015625
0.7787132263183594 0.10395050048828125 0.10171127319335938 0.015625
0.7709007263183594 0.10308074951171875 0.10258102416992188 0.0234375
0.7709007263183594 0.10371208190917969 0.10194969177246094 0.0234375
0.7787132263183594 0.10435104370117188 0.10131072998046875 0.015625
0.7709007263183594 0.10323143005371094 0.10243034362792969 0.0234375
0.7552757263183594 0.10306167602539062 0.10260009765625 0.0390625
0.7709007263183594 0.10354232788085938 0.10211944580078125 0.0234375
0.7787132263183594 0.10426521301269531 0.10139656066894531 0.015625
0.7787132263183594 0.10451889038085938 0.10114288330078125 0.015625
0.7474632263183594 0.10228347778320312 0.1033782958984375 0.046875
0.7709007263183594 0.10292816162109375 0.10273361206054688 0.0234375
0.7630882263183594 0.10235214233398438 0.10330963134765625 0.03125
0.7709007263183594 0.10395431518554688 0.10170745849609375 0.0234375
0.7709007263183594 0.10229873657226562 0.103363037109375 0.0234375
time 11.33
error 151143.71875
10 self_attn.v_proj
Quantizing the layer self_attn.v_proj ...
0.7144813537597656 0.13057518005371094 0.10025596618652344 0.0546875
0.6492137908935547 0.12293052673339844 0.10285568237304688 0.125
0.7485256195068359 0.1338977813720703 0.10195159912109375 0.015625
0.7250881195068359 0.13202667236328125 0.10382270812988281 0.0390625
0.7144947052001953 0.12957000732421875 0.10124778747558594 0.0546875
0.6073703765869141 0.11705589294433594 0.10369873046875 0.171875
0.578369140625 0.11055564880371094 0.10013771057128906 0.2109375
0.6308078765869141 0.11816787719726562 0.10258674621582031 0.1484375
0.5889644622802734 0.1123199462890625 0.10340309143066406 0.1953125
0.7144947052001953 0.12926483154296875 0.10155296325683594 0.0546875
0.7301197052001953 0.13067054748535156 0.10014724731445312 0.0390625
0.6960887908935547 0.12493324279785156 0.10085296630859375 0.078125
0.7379322052001953 0.13045120239257812 0.10036659240722656 0.03125
0.6308078765869141 0.1180572509765625 0.10269737243652344 0.1484375
0.7223072052001953 0.1291065216064453 0.10171127319335938 0.046875
0.6648387908935547 0.12184333801269531 0.10394287109375 0.109375
0.7379322052001953 0.13001441955566406 0.10080337524414062 0.03125
0.7144947052001953 0.12794876098632812 0.10286903381347656 0.0546875
0.7301197052001953 0.1284923553466797 0.102325439453125 0.0390625
0.7301197052001953 0.12774085998535156 0.10307693481445312 0.0390625
0.7301197052001953 0.12839508056640625 0.10242271423339844 0.0390625
0.7379322052001953 0.1287517547607422 0.1020660400390625 0.03125
0.7301197052001953 0.12773704528808594 0.10308074951171875 0.0390625
0.5075263977050781 0.09512710571289062 0.10047149658203125 0.296875
0.617431640625 0.10979080200195312 0.10090255737304688 0.171875
0.7379322052001953 0.12782669067382812 0.10299110412597656 0.03125
0.7379322052001953 0.12702560424804688 0.10379219055175781 0.03125
0.6960887908935547 0.12176132202148438 0.10402488708496094 0.078125
0.7457447052001953 0.12751197814941406 0.10330581665039062 0.0234375
0.7011203765869141 0.11967086791992188 0.10108375549316406 0.078125
0.7273387908935547 0.12283134460449219 0.10295486450195312 0.046875
0.7507762908935547 0.12412452697753906 0.10166168212890625 0.0234375
time 11.04
error 47316.4765625
10 self_attn.o_proj
Quantizing the layer self_attn.o_proj ...
0.6754131317138672 0.12910842895507812 0.10172843933105469 0.09375
0.5052757263183594 0.10442543029785156 0.10123634338378906 0.2890625
0.7066822052001953 0.1294422149658203 0.10137557983398438 0.0625
0.7016506195068359 0.13210487365722656 0.1037445068359375 0.0625
0.7094631195068359 0.13225555419921875 0.10359382629394531 0.0546875
0.6676197052001953 0.12742996215820312 0.10338783264160156 0.1015625
0.7328987121582031 0.13361167907714844 0.10223960876464844 0.03125
0.7250881195068359 0.13232803344726562 0.10352134704589844 0.0390625
0.7094631195068359 0.1321887969970703 0.10366058349609375 0.0546875
0.6988697052001953 0.1304340362548828 0.10038375854492188 0.0703125
0.7250881195068359 0.13300323486328125 0.10284614562988281 0.0390625
0.7329006195068359 0.1322154998779297 0.10363388061523438 0.03125
0.7066822052001953 0.13018798828125 0.10062980651855469 0.0625
0.7329006195068359 0.13389015197753906 0.101959228515625 0.03125
0.7172756195068359 0.13342666625976562 0.10242271423339844 0.046875
0.7039012908935547 0.1252727508544922 0.10051345825195312 0.0703125
0.6988697052001953 0.1282520294189453 0.10256576538085938 0.0703125
0.7172756195068359 0.13237953186035156 0.1034698486328125 0.046875
0.6988697052001953 0.12748146057128906 0.10333633422851562 0.0703125
0.6464328765869141 0.11980438232421875 0.10095024108886719 0.1328125
0.7250881195068359 0.1325550079345703 0.10329437255859375 0.0390625
0.6620578765869141 0.11931228637695312 0.10144233703613281 0.1171875
0.7144947052001953 0.13080406188964844 0.10001373291015625 0.0546875
0.7273387908935547 0.12473106384277344 0.10105514526367188 0.046875
0.7144947052001953 0.12639617919921875 0.10442161560058594 0.0546875
0.7144947052001953 0.13030052185058594 0.10051727294921875 0.0546875
0.7351512908935547 0.12551498413085938 0.10027122497558594 0.0390625
0.6933078765869141 0.11950111389160156 0.10125350952148438 0.0859375
0.7273368835449219 0.123291015625 0.10249710083007812 0.046875
0.7195262908935547 0.12310791015625 0.10267829895019531 0.0546875
0.7401828765869141 0.12028884887695312 0.10046577453613281 0.0390625
0.7167453765869141 0.11696434020996094 0.103790283203125 0.0625
time 11.07
error 2547.23779296875
10 mlp.gate_proj
Quantizing the layer mlp.gate_proj ...
0.7379313707351685 0.12906664609909058 0.10175199061632156 0.03125
0.6464325785636902 0.11889009922742844 0.10186483711004257 0.1328125
0.7379320859909058 0.12821002304553986 0.10260790586471558 0.03125
0.7457445859909058 0.1292320042848587 0.10158591717481613 0.0234375
0.7457445859909058 0.12969474494457245 0.10112319141626358 0.0234375
0.49468356370925903 0.09733545780181885 0.10329348593950272 0.3046875
0.6542450785636902 0.11830316483974457 0.10245176404714584 0.125
0.7039014101028442 0.1243080347776413 0.10147804766893387 0.0703125
0.6018080711364746 0.10995270311832428 0.10073923319578171 0.1875
0.7301195859909058 0.1276741921901703 0.10314373672008514 0.0390625
0.7379320859909058 0.12811420857906342 0.10270371288061142 0.03125
0.5783705711364746 0.10742684453725815 0.10326509922742844 0.2109375
0.7457445859909058 0.12847404181957245 0.10234389454126358 0.0234375
0.5783705711364746 0.10737006366252899 0.103321872651577 0.2109375
0.7379320859909058 0.1276237964630127 0.10319412499666214 0.03125
0.7379320859909058 0.1274307668209076 0.10338716953992844 0.03125
0.7429631948471069 0.12577074766159058 0.1000160425901413 0.03125
0.7457445859909058 0.12729308009147644 0.10352484881877899 0.0234375
0.7457445859909058 0.12748967111110687 0.10332825779914856 0.0234375
0.7351506948471069 0.12488006055355072 0.10090672969818115 0.0390625
0.7457445859909058 0.12713055312633514 0.10368737578392029 0.0234375
0.7429639101028442 0.12518097460269928 0.10060510039329529 0.03125
0.7429639101028442 0.1254080832004547 0.10037799179553986 0.03125
0.6514636874198914 0.11392708867788315 0.1017967015504837 0.1328125
0.7273389101028442 0.12319662421941757 0.102589450776577 0.046875
0.7507764101028442 0.12499432265758514 0.10079175233840942 0.0234375
0.7507764101028442 0.12476721405982971 0.10101886093616486 0.0234375
0.7273389101028442 0.12221438437700272 0.10357169061899185 0.046875
0.7507764101028442 0.12408660352230072 0.10169947147369385 0.0234375
0.7323700785636902 0.12069347500801086 0.10006146132946014 0.046875
0.7429639101028442 0.12255788594484329 0.10322818905115128 0.03125
0.7507756948471069 0.12154015898704529 0.10424662381410599 0.0234375
time 12.64
error 98922.0625
10 mlp.up_proj
Quantizing the layer mlp.up_proj ...
0.7172595858573914 0.13474930822849274 0.10111609101295471 0.046875
0.6257764101028442 0.12285809218883514 0.10292798280715942 0.1484375
0.7250884175300598 0.134246826171875 0.10160224139690399 0.0390625
0.7250884175300598 0.1344803273677826 0.101368747651577 0.0390625
0.7250884175300598 0.13437172770500183 0.10147733241319656 0.0390625
0.5393080711364746 0.10883987694978714 0.10185205936431885 0.25
0.5889636874198914 0.11503778398036957 0.10068600624799728 0.1953125
0.5577136874198914 0.111775241792202 0.10394854843616486 0.2265625
0.6151825785636902 0.11845078319311142 0.10230414569377899 0.1640625
0.7250884175300598 0.13385719060897827 0.10199187695980072 0.0390625
0.7250884175300598 0.13326884806156158 0.102580226957798 0.0390625
0.6151825785636902 0.11753809452056885 0.10321683436632156 0.1640625
0.7329009175300598 0.13454490900039673 0.10130416601896286 0.03125
0.5655261874198914 0.1110740453004837 0.10464974492788315 0.21875
0.5733386874198914 0.11188311874866486 0.103840671479702 0.2109375
0.6414006948471069 0.12209728360176086 0.10368950664997101 0.1328125
0.7329009175300598 0.13314323127269745 0.10270584374666214 0.03125
0.7329009175300598 0.13324826955795288 0.10260080546140671 0.03125
0.7329009175300598 0.13278979063034058 0.10305927693843842 0.03125
0.7329009175300598 0.13231073319911957 0.10353833436965942 0.03125
0.7329009175300598 0.1322426050901413 0.10360646992921829 0.03125
0.7329009175300598 0.13220782577991486 0.10364124178886414 0.03125
0.7329009175300598 0.131936714053154 0.103912353515625 0.03125
0.6804639101028442 0.12419376522302628 0.10159230977296829 0.09375
0.6882764101028442 0.12410576641559601 0.10168030858039856 0.0859375
0.7379320859909058 0.1299630105495453 0.10085491836071014 0.03125
0.7379320859909058 0.12958970665931702 0.10122822225093842 0.03125
0.6882756948471069 0.12312707304954529 0.10265970975160599 0.0859375
0.7457445859909058 0.13000914454460144 0.10080878436565399 0.0234375
0.7117131948471069 0.1243690699338913 0.10141772031784058 0.0625
0.7379320859909058 0.12782536447048187 0.10299256443977356 0.03125
0.7457445859909058 0.1272072046995163 0.10361072421073914 0.0234375
time 12.69
error 85500.9296875
10 mlp.down_proj
Quantizing the layer mlp.down_proj ...
0.6804466247558594 0.12227249145507812 0.1035308837890625 0.09375
0.7429637908935547 0.12493515014648438 0.10085105895996094 0.03125
0.6776828765869141 0.12067031860351562 0.10008430480957031 0.1015625
0.6620578765869141 0.11956405639648438 0.10119056701660156 0.1171875
0.7039012908935547 0.12445640563964844 0.10132980346679688 0.0703125
0.578369140625 0.10919952392578125 0.10149383544921875 0.2109375
0.7273387908935547 0.12539291381835938 0.10039329528808594 0.046875
0.6202144622802734 0.11425590515136719 0.10146713256835938 0.1640625
0.7195262908935547 0.12385940551757812 0.10192680358886719 0.0546875
0.7195262908935547 0.1254291534423828 0.1003570556640625 0.0546875
0.6620578765869141 0.12033462524414062 0.10041999816894531 0.1171875
0.6776828765869141 0.12001609802246094 0.100738525390625 0.1015625
0.7507762908935547 0.12357521057128906 0.10221099853515625 0.0234375
0.5599632263183594 0.105499267578125 0.10016250610351562 0.234375
0.7379322052001953 0.1269969940185547 0.10382080078125 0.03125
0.7585887908935547 0.12431144714355469 0.10147476196289062 0.015625
0.7195262908935547 0.12367820739746094 0.10210800170898438 0.0546875
0.6280269622802734 0.11479377746582031 0.10092926025390625 0.15625
0.6124019622802734 0.11297988891601562 0.10274314880371094 0.171875
0.6620578765869141 0.12013053894042969 0.10062408447265625 0.1171875
0.7351512908935547 0.12259292602539062 0.10319328308105469 0.0390625
0.6308078765869141 0.1168060302734375 0.10394859313964844 0.1484375
0.6620578765869141 0.11760139465332031 0.10315322875976562 0.1171875
0.6124019622802734 0.11347198486328125 0.10225105285644531 0.171875
0.6960887908935547 0.12337875366210938 0.10240745544433594 0.078125
0.6854953765869141 0.11911964416503906 0.10163497924804688 0.09375
0.7273387908935547 0.1241455078125 0.10164070129394531 0.046875
0.7195262908935547 0.1255474090576172 0.10023880004882812 0.0546875
0.6882743835449219 0.12301445007324219 0.10277366638183594 0.0859375
0.6854953765869141 0.12059783935546875 0.10015678405761719 0.09375
0.7351512908935547 0.12394523620605469 0.10184097290039062 0.0390625
0.7507762908935547 0.1252918243408203 0.100494384765625 0.0234375
0.7039012908935547 0.12228012084960938 0.10350608825683594 0.0703125
0.7089328765869141 0.12069129943847656 0.10006332397460938 0.0703125
0.6542453765869141 0.11785507202148438 0.10289955139160156 0.125
0.6933078765869141 0.11992454528808594 0.100830078125 0.0859375
0.7558078765869141 0.12047195434570312 0.10028266906738281 0.0234375
0.7011203765869141 0.11935806274414062 0.10139656066894531 0.078125
0.6620578765869141 0.11696243286132812 0.10379219055175781 0.1171875
0.7011203765869141 0.12068557739257812 0.10006904602050781 0.078125
0.7245578765869141 0.120697021484375 0.10005760192871094 0.0546875
0.7507762908935547 0.12366485595703125 0.10212135314941406 0.0234375
0.601806640625 0.109222412109375 0.101470947265625 0.1875
0.7117137908935547 0.122344970703125 0.10344123840332031 0.0625
0.5337448120117188 0.09795379638671875 0.1026763916015625 0.265625
0.7273387908935547 0.12322425842285156 0.10256195068359375 0.046875
0.6933078765869141 0.11800575256347656 0.10274887084960938 0.0859375
0.7429637908935547 0.12284278869628906 0.10294342041015625 0.03125
0.609619140625 0.11014556884765625 0.10054779052734375 0.1796875
0.7089328765869141 0.12011528015136719 0.10063934326171875 0.0703125
0.6620578765869141 0.11658859252929688 0.10416603088378906 0.1171875
0.7245578765869141 0.11827850341796875 0.10247611999511719 0.0546875
0.7507762908935547 0.123870849609375 0.10191535949707031 0.0234375
0.6854953765869141 0.11804389953613281 0.10271072387695312 0.09375
0.7507743835449219 0.12509918212890625 0.10068893432617188 0.0234375
0.7167453765869141 0.11986541748046875 0.10088920593261719 0.0625
0.617431640625 0.10888671875 0.101806640625 0.171875
0.6358394622802734 0.1125335693359375 0.10318946838378906 0.1484375
0.593994140625 0.10622787475585938 0.10446548461914062 0.1953125
0.7558078765869141 0.11958503723144531 0.10116958618164062 0.0234375
0.7167453765869141 0.12001419067382812 0.10074043273925781 0.0625
0.7323703765869141 0.1198883056640625 0.10086631774902344 0.046875
0.7507762908935547 0.12456703186035156 0.10121917724609375 0.0234375
0.7401828765869141 0.11969947814941406 0.10105514526367188 0.0390625
0.7429637908935547 0.12193489074707031 0.103851318359375 0.03125
0.6514644622802734 0.11267471313476562 0.10304832458496094 0.1328125
0.7323703765869141 0.11943817138671875 0.10131645202636719 0.046875
0.6749019622802734 0.11432266235351562 0.10140037536621094 0.109375
0.6827144622802734 0.11499214172363281 0.10073089599609375 0.1015625
0.7479953765869141 0.1204833984375 0.10027122497558594 0.03125
0.7479953765869141 0.11812782287597656 0.10262680053710938 0.03125
0.6514644622802734 0.11131668090820312 0.10440635681152344 0.1328125
0.5912132263183594 0.10329246520996094 0.10236930847167969 0.203125
0.6670894622802734 0.11281967163085938 0.10290336608886719 0.1171875
0.7323703765869141 0.11927032470703125 0.10148429870605469 0.046875
0.664306640625 0.11055183410644531 0.10014152526855469 0.125
0.7479953765869141 0.11804580688476562 0.10270881652832031 0.03125
0.7558078765869141 0.11823463439941406 0.10251998901367188 0.0234375
0.7401828765869141 0.1190948486328125 0.10165977478027344 0.0390625
0.648681640625 0.10848426818847656 0.10220909118652344 0.140625
0.6827144622802734 0.11371994018554688 0.10200309753417969 0.1015625
0.7558078765869141 0.11871910095214844 0.1020355224609375 0.0234375
0.6905269622802734 0.11266136169433594 0.10306167602539062 0.09375
0.7401828765869141 0.11739349365234375 0.10336112976074219 0.0390625
0.7374019622802734 0.11455917358398438 0.10116386413574219 0.046875
0.726806640625 0.10989761352539062 0.10079574584960938 0.0625
time 30.08
error 5300.2578125
11 self_attn.q_proj
Quantizing the layer self_attn.q_proj ...
0.7787094116210938 0.10460090637207031 0.10106468200683594 0.015625
0.48355865478515625 0.07651138305664062 0.10399246215820312 0.3359375
0.7630882263183594 0.10280990600585938 0.10285186767578125 0.03125
0.7709007263183594 0.10338592529296875 0.10227584838867188 0.0234375
0.7709007263183594 0.10422515869140625 0.10143661499023438 0.0234375
0.4807777404785156 0.07546806335449219 0.10000419616699219 0.34375
0.7290573120117188 0.10008430480957031 0.10054588317871094 0.0703125
0.7474632263183594 0.10285186767578125 0.10280990600585938 0.046875
0.7630882263183594 0.10332679748535156 0.10233497619628906 0.03125
0.7630882263183594 0.10330581665039062 0.10235595703125 0.03125
0.7709007263183594 0.10424041748046875 0.10142135620117188 0.0234375
0.7630882263183594 0.10306358337402344 0.10259819030761719 0.03125
0.7709007263183594 0.10381698608398438 0.10184478759765625 0.0234375
0.5722770690917969 0.08510208129882812 0.100433349609375 0.2421875
0.7709007263183594 0.10377311706542969 0.10188865661621094 0.0234375
0.7630882263183594 0.10317420959472656 0.10248756408691406 0.03125
0.7709007263183594 0.10335922241210938 0.10230255126953125 0.0234375
0.7787132263183594 0.1031646728515625 0.10249710083007812 0.015625
0.7787132263183594 0.10373306274414062 0.1019287109375 0.015625
0.7709007263183594 0.10312652587890625 0.10253524780273438 0.0234375
0.7709007263183594 0.10371208190917969 0.10194969177246094 0.0234375
0.7787132263183594 0.10408782958984375 0.10157394409179688 0.015625
0.7787132263183594 0.10341262817382812 0.1022491455078125 0.015625
0.7446823120117188 0.10027694702148438 0.10035324096679688 0.0546875
0.7709007263183594 0.10374259948730469 0.10191917419433594 0.0234375
0.7787132263183594 0.10310935974121094 0.10255241394042969 0.015625
0.7787132263183594 0.10414314270019531 0.10151863098144531 0.015625
0.7630882263183594 0.10240554809570312 0.1032562255859375 0.03125
0.7787132263183594 0.10338592529296875 0.10227584838867188 0.015625
0.7630882263183594 0.10268020629882812 0.1029815673828125 0.03125
0.7709007263183594 0.10301971435546875 0.10264205932617188 0.0234375
0.7709007263183594 0.10250473022460938 0.10315704345703125 0.0234375
time 11.34
error 163928.875
11 self_attn.k_proj
Quantizing the layer self_attn.k_proj ...
0.7708969116210938 0.10202407836914062 0.10364151000976562 0.0234375
0.5984954833984375 0.08650398254394531 0.10406303405761719 0.2109375
0.7681198120117188 0.09967231750488281 0.10095787048339844 0.03125
0.7709007263183594 0.10197830200195312 0.1036834716796875 0.0234375
0.7681198120117188 0.09995841979980469 0.10067176818847656 0.03125
0.5069961547851562 0.0763702392578125 0.10413360595703125 0.3125
0.7681198120117188 0.10060882568359375 0.1000213623046875 0.03125
0.7681198120117188 0.09980201721191406 0.10082817077636719 0.03125
0.7709007263183594 0.10146331787109375 0.10419845581054688 0.0234375
0.7759323120117188 0.10010910034179688 0.10052108764648438 0.0234375
0.7759323120117188 0.10017585754394531 0.10045433044433594 0.0234375
0.7681198120117188 0.09924507141113281 0.10138511657714844 0.03125
0.7759323120117188 0.09987640380859375 0.1007537841796875 0.0234375
0.6637763977050781 0.092132568359375 0.10346603393554688 0.140625
0.7681198120117188 0.10035514831542969 0.10027503967285156 0.03125
0.7681198120117188 0.10002517700195312 0.10060501098632812 0.03125
0.7759323120117188 0.10027313232421875 0.1003570556640625 0.0234375
0.7787132263183594 0.10175895690917969 0.10390281677246094 0.015625
0.7837448120117188 0.10049629211425781 0.10013389587402344 0.015625
0.7759323120117188 0.099945068359375 0.10068511962890625 0.0234375
0.7759323120117188 0.09950447082519531 0.10112571716308594 0.0234375
0.7837448120117188 0.10036277770996094 0.10026741027832031 0.015625
0.7759323120117188 0.10000419616699219 0.10062599182128906 0.0234375
0.7603073120117188 0.09865570068359375 0.1019744873046875 0.0390625
0.7759323120117188 0.09955978393554688 0.10107040405273438 0.0234375
0.7837448120117188 0.10041427612304688 0.10021591186523438 0.015625
0.7837448120117188 0.10021209716796875 0.1004180908203125 0.015625
0.7603073120117188 0.09819412231445312 0.10243606567382812 0.0390625
0.7759323120117188 0.09985923767089844 0.10077095031738281 0.0234375
0.7681198120117188 0.09892654418945312 0.10170364379882812 0.03125
0.7759323120117188 0.09988975524902344 0.10074043273925781 0.0234375
0.7759323120117188 0.09926986694335938 0.10136032104492188 0.0234375
time 11.35
error 161005.046875
11 self_attn.v_proj
Quantizing the layer self_attn.v_proj ...
0.6988506317138672 0.12771034240722656 0.10312652587890625 0.0703125
0.578369140625 0.11007308959960938 0.10062026977539062 0.2109375
0.7485256195068359 0.1319866180419922 0.10386276245117188 0.015625
0.7066822052001953 0.12746047973632812 0.10335731506347656 0.0625
0.7301197052001953 0.13009071350097656 0.10072708129882812 0.0390625
0.5967769622802734 0.11318778991699219 0.10253524780273438 0.1875
0.5443382263183594 0.10448646545410156 0.10117530822753906 0.25
0.554931640625 0.10695075988769531 0.10374259948730469 0.234375
0.6045894622802734 0.11285209655761719 0.10287094116210938 0.1796875
0.7066822052001953 0.12682723999023438 0.10399055480957031 0.0625
0.7223072052001953 0.12785911560058594 0.10295867919921875 0.046875
0.601806640625 0.10994529724121094 0.10074806213378906 0.1875
0.7379322052001953 0.12981414794921875 0.10100364685058594 0.03125
0.5103073120117188 0.09831809997558594 0.10231208801269531 0.2890625
0.7117137908935547 0.12525367736816406 0.10053253173828125 0.0625
0.593994140625 0.1093597412109375 0.1013336181640625 0.1953125
0.7301197052001953 0.1276111602783203 0.10320663452148438 0.0390625
0.7039012908935547 0.12337493896484375 0.10241127014160156 0.0703125
0.7301197052001953 0.12720870971679688 0.10360908508300781 0.0390625
0.7351512908935547 0.12552833557128906 0.10025787353515625 0.0390625
0.7195262908935547 0.12405776977539062 0.10172843933105469 0.0546875
0.7351512908935547 0.12562942504882812 0.10015678405761719 0.0390625
0.7429637908935547 0.1255817413330078 0.1002044677734375 0.03125
0.5912132263183594 0.10540199279785156 0.10025978088378906 0.203125
0.4734954833984375 0.08773422241210938 0.10283279418945312 0.3359375
0.7429618835449219 0.12486457824707031 0.10092353820800781 0.03125
0.7429637908935547 0.12487030029296875 0.10091590881347656 0.03125
0.6670894622802734 0.11490631103515625 0.10081672668457031 0.1171875
0.7507762908935547 0.12454986572265625 0.10123634338378906 0.0234375
0.6776828765869141 0.11643409729003906 0.10432052612304688 0.1015625
0.7351512908935547 0.12254142761230469 0.10324478149414062 0.0390625
0.7507762908935547 0.12276077270507812 0.10302543640136719 0.0234375
time 11.16
error 64163.4375
11 self_attn.o_proj
Quantizing the layer self_attn.o_proj ...
0.7250595092773438 0.1350383758544922 0.10083961486816406 0.0390625
0.7172756195068359 0.1324481964111328 0.10340118408203125 0.046875
0.6832447052001953 0.12944793701171875 0.10136985778808594 0.0859375
0.7016506195068359 0.1323833465576172 0.10346603393554688 0.0625
0.6151828765869141 0.11907005310058594 0.1016845703125 0.1640625
0.7250881195068359 0.1338634490966797 0.10198593139648438 0.0390625
0.5811519622802734 0.11141204833984375 0.10431098937988281 0.203125
0.7329006195068359 0.13304901123046875 0.10280036926269531 0.03125
0.7329006195068359 0.13459396362304688 0.10125541687011719 0.03125
0.7144947052001953 0.12777137756347656 0.10304641723632812 0.0546875
0.4422454833984375 0.08868980407714844 0.10187721252441406 0.3671875
0.7250881195068359 0.13297462463378906 0.102874755859375 0.0390625
0.6492137908935547 0.12418174743652344 0.10160446166992188 0.125
0.6882762908935547 0.12558937072753906 0.10019683837890625 0.0859375
0.7223072052001953 0.1308155059814453 0.10000228881835938 0.046875
0.7172756195068359 0.13376235961914062 0.10208702087402344 0.046875
0.7250881195068359 0.13448715209960938 0.10136222839355469 0.0390625
0.7195262908935547 0.1253032684326172 0.10048294067382812 0.0546875
0.6492137908935547 0.123016357421875 0.10276985168457031 0.125
0.7223072052001953 0.128753662109375 0.10206413269042969 0.046875
0.7144947052001953 0.12885665893554688 0.10196113586425781 0.0546875
0.7485256195068359 0.13352584838867188 0.10232353210449219 0.015625
0.7172756195068359 0.1317882537841797 0.10406112670898438 0.046875
0.6933078765869141 0.11745834350585938 0.10329627990722656 0.0859375
0.6045894622802734 0.11230659484863281 0.10341644287109375 0.1796875
0.7379322052001953 0.13060760498046875 0.10021018981933594 0.03125
0.7139644622802734 0.1143646240234375 0.10135841369628906 0.0703125
0.7329006195068359 0.13259124755859375 0.10325813293457031 0.03125
0.7089328765869141 0.11953544616699219 0.10121917724609375 0.0703125
0.6698703765869141 0.11817741394042969 0.10257720947265625 0.109375
0.7457447052001953 0.12968826293945312 0.10112953186035156 0.0234375
0.7429637908935547 0.12392234802246094 0.10186386108398438 0.03125
time 11.04
error 3038.52734375
11 mlp.gate_proj
Quantizing the layer mlp.gate_proj ...
0.7379270792007446 0.1301872730255127 0.10063561797142029 0.03125
0.6464318633079529 0.11967574805021286 0.10107989609241486 0.1328125
0.7379320859909058 0.12936614453792572 0.10145178437232971 0.03125
0.7379320859909058 0.129415825009346 0.10140210390090942 0.03125
0.7379320859909058 0.12934981286525726 0.10146810859441757 0.03125
0.6882764101028442 0.12377291172742844 0.10201316326856613 0.0859375
0.6464325785636902 0.11876092851161957 0.10199400037527084 0.1328125
0.6726514101028442 0.12233006954193115 0.10345600545406342 0.1015625
0.6804639101028442 0.1222023218870163 0.10358376055955887 0.09375
0.7223070859909058 0.1278182566165924 0.10299966484308243 0.046875
0.7379320859909058 0.12886863946914673 0.1019492894411087 0.03125
0.6124011874198914 0.11291433125734329 0.10280945897102356 0.171875
0.7457445859909058 0.1291007101535797 0.10171721875667572 0.0234375
0.7117139101028442 0.12512065470218658 0.10066542774438858 0.0625
0.7301195859909058 0.1278785914182663 0.10293933749198914 0.0390625
0.7195264101028442 0.12532220780849457 0.1004638671875 0.0546875
0.7379320859909058 0.12800279259681702 0.10281513631343842 0.03125
0.7379320859909058 0.127065971493721 0.10375195741653442 0.03125
0.7457445859909058 0.128225639462471 0.10259228944778442 0.0234375
0.7457445859909058 0.12797723710536957 0.10284069180488586 0.0234375
0.7379320859909058 0.1269644796848297 0.10385344922542572 0.03125
0.7457445859909058 0.12750457227230072 0.10331335663795471 0.0234375
0.7457445859909058 0.12749391794204712 0.10332400351762772 0.0234375
0.6358386874198914 0.11329260468482971 0.10243118554353714 0.1484375
0.7039014101028442 0.12172539532184601 0.10406067967414856 0.0703125
0.7507764101028442 0.12548969686031342 0.10029637813568115 0.0234375
0.7507764101028442 0.12535840272903442 0.10042767226696014 0.0234375
0.7351506948471069 0.12399505078792572 0.10179173946380615 0.0390625
0.7507764101028442 0.12493896484375 0.10084711015224457 0.0234375
0.7273389101028442 0.12235277891159058 0.10343329608440399 0.046875
0.7429639101028442 0.12326617538928986 0.10251989960670471 0.03125
0.7507764101028442 0.12257207930088043 0.10321399569511414 0.0234375
time 12.67
error 106487.046875
11 mlp.up_proj
Quantizing the layer mlp.up_proj ...
0.7172716856002808 0.1346932351589203 0.10116009414196014 0.046875
0.5995575785636902 0.11913778632879257 0.10161715000867844 0.1796875
0.7172759175300598 0.13318723440170288 0.10266184061765671 0.046875
0.7172759175300598 0.13406513631343842 0.10178393125534058 0.046875
0.7250877022743225 0.13434405624866486 0.10150571912527084 0.0390625
0.6492139101028442 0.124440036714077 0.10134603828191757 0.125
0.5917450785636902 0.11682909727096558 0.10392583906650543 0.1875
0.6570264101028442 0.12505607306957245 0.10073000937700272 0.1171875
0.6308075785636902 0.11977794766426086 0.10097698867321014 0.1484375
0.42662155628204346 0.08850026875734329 0.10206568241119385 0.3828125
0.7329009175300598 0.13468188047409058 0.10116718709468842 0.03125
0.6726514101028442 0.12559331953525543 0.10019275546073914 0.1015625
0.7329002022743225 0.13374434411525726 0.10210543125867844 0.03125
0.6492131948471069 0.12268704921007156 0.10309973359107971 0.125
0.7250884175300598 0.13326174020767212 0.10258731991052628 0.0390625
0.5889636874198914 0.11339977383613586 0.10232401639223099 0.1953125
0.7250884175300598 0.13298211991786957 0.10286694765090942 0.0390625
0.7329009175300598 0.13264571130275726 0.10320334881544113 0.03125
0.7223070859909058 0.13079549372196198 0.10002242773771286 0.046875
0.7329009175300598 0.13241931796073914 0.10342974960803986 0.03125
0.7329009175300598 0.13257688283920288 0.10327219218015671 0.03125
0.7301195859909058 0.13047045469284058 0.10034747421741486 0.0390625
0.7329009175300598 0.13198071718215942 0.10386835038661957 0.03125
0.6648381948471069 0.12239890545606613 0.10338787734508514 0.109375
0.5861830711364746 0.10943319648504257 0.10125873982906342 0.203125
0.7379320859909058 0.12976357340812683 0.101054348051548 0.03125
0.7301195859909058 0.12930510938167572 0.10151281952857971 0.0390625
0.6882764101028442 0.12309442460536957 0.102691650390625 0.0859375
0.7457445859909058 0.12996159493923187 0.10085633397102356 0.0234375
0.6960889101028442 0.12217464298009872 0.10361143201589584 0.078125
0.7351514101028442 0.12572745978832245 0.10005862265825272 0.0390625
0.7457445859909058 0.12681260704994202 0.10400532186031342 0.0234375
time 12.61
error 94270.1015625
11 mlp.down_proj
Quantizing the layer mlp.down_proj ...
0.6882610321044922 0.12384223937988281 0.101959228515625 0.0859375
0.7195262908935547 0.12500762939453125 0.10077857971191406 0.0546875
0.7351512908935547 0.12554359436035156 0.10024261474609375 0.0390625
0.6698703765869141 0.11935234069824219 0.10140228271484375 0.109375
0.7301197052001953 0.1273632049560547 0.10345458984375 0.0390625
0.6882762908935547 0.12398338317871094 0.10180282592773438 0.0859375
0.7507762908935547 0.12522506713867188 0.10056114196777344 0.0234375
0.6542453765869141 0.12005805969238281 0.10069656372070312 0.125
0.7429637908935547 0.12547683715820312 0.10030937194824219 0.03125
0.7117137908935547 0.12515830993652344 0.10062789916992188 0.0625
0.6620578765869141 0.11872291564941406 0.10203170776367188 0.1171875
0.6882762908935547 0.12181472778320312 0.10397148132324219 0.0859375
0.7039012908935547 0.12270927429199219 0.10307693481445312 0.0703125
0.7117137908935547 0.12462806701660156 0.10115814208984375 0.0625
0.7039012908935547 0.1227569580078125 0.10302925109863281 0.0703125
0.7273387908935547 0.12489128112792969 0.10089492797851562 0.046875
0.6386203765869141 0.11828231811523438 0.10247230529785156 0.140625
0.6358394622802734 0.11498260498046875 0.10074043273925781 0.1484375
0.6726512908935547 0.12296295166015625 0.10282325744628906 0.1015625
0.7507762908935547 0.12558746337890625 0.10019874572753906 0.0234375
0.609619140625 0.11044883728027344 0.10024452209472656 0.1796875
0.7301197052001953 0.1278972625732422 0.1029205322265625 0.0390625
0.7245578765869141 0.12060928344726562 0.10014533996582031 0.0546875
0.6960887908935547 0.12241172790527344 0.10337448120117188 0.078125
0.7039012908935547 0.12285614013671875 0.10293006896972656 0.0703125
0.7117137908935547 0.12495040893554688 0.10083580017089844 0.0625
0.7167453765869141 0.12056922912597656 0.10018539428710938 0.0625
0.6960887908935547 0.12250328063964844 0.10328292846679688 0.078125
0.7195262908935547 0.12428474426269531 0.10150146484375 0.0546875
0.586181640625 0.10869407653808594 0.10199928283691406 0.203125
0.7195262908935547 0.12392234802246094 0.10186386108398438 0.0546875
0.7273387908935547 0.12345695495605469 0.10232925415039062 0.046875
0.7011203765869141 0.12053298950195312 0.10022163391113281 0.078125
0.7379322052001953 0.12761688232421875 0.10320091247558594 0.03125
0.7039012908935547 0.12222480773925781 0.1035614013671875 0.0703125
0.6620578765869141 0.11725044250488281 0.10350418090820312 0.1171875
0.7351512908935547 0.124755859375 0.10103034973144531 0.0390625
0.7195262908935547 0.12393569946289062 0.10185050964355469 0.0546875
0.5755882263183594 0.1045684814453125 0.10109329223632812 0.21875
0.7507762908935547 0.12392425537109375 0.10186195373535156 0.0234375
0.7457447052001953 0.12727737426757812 0.10354042053222656 0.0234375
0.5755882263183594 0.1051788330078125 0.10048294067382812 0.21875
0.6620578765869141 0.11767959594726562 0.10307502746582031 0.1171875
0.6933078765869141 0.11921310424804688 0.10154151916503906 0.0859375
0.7351512908935547 0.1231689453125 0.10261726379394531 0.0390625
0.7507762908935547 0.12434768676757812 0.10143852233886719 0.0234375
0.7429637908935547 0.123626708984375 0.10215950012207031 0.03125
0.7089328765869141 0.1189117431640625 0.10184288024902344 0.0703125
0.7273387908935547 0.1226959228515625 0.10309028625488281 0.046875
0.7479953765869141 0.12040901184082031 0.10034561157226562 0.03125
0.7351512908935547 0.12289237976074219 0.10289382934570312 0.0390625
0.7351493835449219 0.12498855590820312 0.100799560546875 0.0390625
0.7351512908935547 0.1229705810546875 0.10281562805175781 0.0390625
0.6827144622802734 0.11422538757324219 0.10149765014648438 0.1015625
0.7479953765869141 0.12058258056640625 0.10017204284667969 0.03125
0.7195262908935547 0.12235450744628906 0.10343170166015625 0.0546875
0.6854934692382812 0.11700820922851562 0.10374832153320312 0.09375
0.7089328765869141 0.11845207214355469 0.10230255126953125 0.0703125
0.7429637908935547 0.12387657165527344 0.10190963745117188 0.03125
0.601806640625 0.10709190368652344 0.10360145568847656 0.1875
0.6698703765869141 0.11702537536621094 0.103729248046875 0.109375
0.7323703765869141 0.11894989013671875 0.10180473327636719 0.046875
0.7401828765869141 0.11965179443359375 0.10110282897949219 0.0390625
0.7429637908935547 0.12361335754394531 0.1021728515625 0.03125
0.7089328765869141 0.11951255798339844 0.1012420654296875 0.0703125
0.7507762908935547 0.12221145629882812 0.10357475280761719 0.0234375
0.7011203765869141 0.11857986450195312 0.10217475891113281 0.078125
0.7245578765869141 0.11865234375 0.10210227966308594 0.0546875
0.7089328765869141 0.11659049987792969 0.10416412353515625 0.0703125
0.6905269622802734 0.11490249633789062 0.10082054138183594 0.09375
0.7401828765869141 0.11966133117675781 0.10109329223632812 0.0390625
0.617431640625 0.10641288757324219 0.10428047180175781 0.171875
0.6933078765869141 0.11666107177734375 0.10409355163574219 0.0859375
0.7479953765869141 0.1171417236328125 0.10361289978027344 0.03125
0.7245578765869141 0.11688232421875 0.10387229919433594 0.0546875
0.633056640625 0.10738563537597656 0.10330772399902344 0.15625
0.7401828765869141 0.12000465393066406 0.10074996948242188 0.0390625
0.7245578765869141 0.11719131469726562 0.10356330871582031 0.0546875
0.7295894622802734 0.11420059204101562 0.10152244567871094 0.0546875
0.7401828765869141 0.11776161193847656 0.10299301147460938 0.0390625
0.7401828765869141 0.11698532104492188 0.10376930236816406 0.0390625
0.7686519622802734 0.11500358581542969 0.10071945190429688 0.015625
0.7636203765869141 0.12004661560058594 0.1007080078125 0.015625
0.7558078765869141 0.11705207824707031 0.10370254516601562 0.0234375
0.711181640625 0.11050987243652344 0.10018348693847656 0.078125
0.711181640625 0.11007118225097656 0.10062217712402344 0.078125
time 29.98
error 5884.9326171875
12 self_attn.q_proj
Quantizing the layer self_attn.q_proj ...
0.7608318328857422 0.11285781860351562 0.10287284851074219 0.0234375
0.6849632263183594 0.10490989685058594 0.10075187683105469 0.109375
0.758056640625 0.10982322692871094 0.10087013244628906 0.03125
0.7608394622802734 0.11253929138183594 0.10318374633789062 0.0234375
0.7686519622802734 0.11296653747558594 0.10275650024414062 0.015625
0.6274948120117188 0.09818267822265625 0.102447509765625 0.171875
0.7084007263183594 0.10518836975097656 0.10047340393066406 0.0859375
0.742431640625 0.10898399353027344 0.10170936584472656 0.046875
0.758056640625 0.11062812805175781 0.10006523132324219 0.03125
0.765869140625 0.11049270629882812 0.10020065307617188 0.0234375
0.7608375549316406 0.11268997192382812 0.10303497314453125 0.0234375
0.758056640625 0.11019515991210938 0.10049819946289062 0.03125
0.7608394622802734 0.11194610595703125 0.10377693176269531 0.0234375
0.6927757263183594 0.10452842712402344 0.10113334655761719 0.1015625
0.7608394622802734 0.11186790466308594 0.10385513305664062 0.0234375
0.7346172332763672 0.10857963562011719 0.10211563110351562 0.0546875
0.765869140625 0.11059188842773438 0.10010147094726562 0.0234375
0.7686519622802734 0.11212730407714844 0.10359573364257812 0.015625
0.773681640625 0.11038970947265625 0.10030364990234375 0.015625
0.765869140625 0.11038398742675781 0.10030937194824219 0.0234375
0.773681640625 0.11060905456542969 0.10008430480957031 0.015625
0.7686519622802734 0.11176300048828125 0.10396003723144531 0.015625
0.773681640625 0.11053085327148438 0.10016250610351562 0.015625
0.750244140625 0.10931968688964844 0.10137367248535156 0.0390625
0.765869140625 0.11064910888671875 0.10004425048828125 0.0234375
0.7686519622802734 0.11156654357910156 0.104156494140625 0.015625
0.773681640625 0.11033248901367188 0.10036087036132812 0.015625
0.758056640625 0.10904121398925781 0.10165214538574219 0.03125
0.773681640625 0.11007118225097656 0.10062217712402344 0.015625
0.758056640625 0.1079559326171875 0.1027374267578125 0.03125
0.765869140625 0.109283447265625 0.101409912109375 0.0234375
0.765869140625 0.10851478576660156 0.10217857360839844 0.0234375
time 11.23
error 172260.90625
12 self_attn.k_proj
Quantizing the layer self_attn.k_proj ...
0.7736721038818359 0.1075439453125 0.10315895080566406 0.015625
0.5984954833984375 0.090240478515625 0.1003265380859375 0.2109375
0.758056640625 0.10690116882324219 0.10379219055175781 0.03125
0.765869140625 0.10692977905273438 0.10376358032226562 0.0234375
0.765869140625 0.1072998046875 0.1033935546875 0.0234375
0.6403388977050781 0.0942840576171875 0.10131454467773438 0.1640625
0.7474632263183594 0.10539817810058594 0.10026359558105469 0.046875
0.7474632263183594 0.10474205017089844 0.10091972351074219 0.046875
0.765869140625 0.10709571838378906 0.10359764099121094 0.0234375
0.765869140625 0.10689735412597656 0.10379600524902344 0.0234375
0.765869140625 0.10732269287109375 0.10337066650390625 0.0234375
0.7709007263183594 0.10514068603515625 0.10052108764648438 0.0234375
0.7709007263183594 0.10554122924804688 0.10012054443359375 0.0234375
0.6247138977050781 0.092926025390625 0.10267257690429688 0.1796875
0.7630882263183594 0.10507011413574219 0.10059165954589844 0.03125
0.7552757263183594 0.10491752624511719 0.10074424743652344 0.0390625
0.7709007263183594 0.10472488403320312 0.1009368896484375 0.0234375
0.773681640625 0.10634613037109375 0.10434722900390625 0.015625
0.7787132263183594 0.10548019409179688 0.10018157958984375 0.015625
0.7709007263183594 0.10562515258789062 0.10003662109375 0.0234375
0.7709007263183594 0.10510635375976562 0.100555419921875 0.0234375
0.773681640625 0.10702323913574219 0.10367012023925781 0.015625
0.7787132263183594 0.1055450439453125 0.10011672973632812 0.015625
0.7474632263183594 0.10313987731933594 0.10252189636230469 0.046875
0.7630882263183594 0.10488700866699219 0.10077476501464844 0.03125
0.7787132263183594 0.10531806945800781 0.10034370422363281 0.015625
0.773681640625 0.10654640197753906 0.10414695739746094 0.015625
0.7552757263183594 0.103240966796875 0.10242080688476562 0.0390625
0.7709007263183594 0.1040191650390625 0.10164260864257812 0.0234375
0.7630882263183594 0.10394668579101562 0.101715087890625 0.03125
0.7630882263183594 0.10416984558105469 0.10149192810058594 0.03125
0.7709007263183594 0.1030120849609375 0.10264968872070312 0.0234375
time 11.24
error 180477.921875
12 self_attn.v_proj
Quantizing the layer self_attn.v_proj ...
0.7301197052001953 0.13042831420898438 0.10038948059082031 0.0390625
0.5995578765869141 0.11677932739257812 0.10397529602050781 0.1796875
0.7485256195068359 0.13233184814453125 0.10351753234863281 0.015625
0.7223072052001953 0.1282672882080078 0.10255050659179688 0.046875
0.7301197052001953 0.1301441192626953 0.10067367553710938 0.0390625
0.5365257263183594 0.10441398620605469 0.10124778747558594 0.2578125
0.6542453765869141 0.12060928344726562 0.10014533996582031 0.125
0.6726512908935547 0.12323951721191406 0.10254669189453125 0.1015625
0.6882762908935547 0.12383079528808594 0.10195541381835938 0.0859375
0.6960887908935547 0.12506866455078125 0.10071754455566406 0.078125
0.7379322052001953 0.13045501708984375 0.10036277770996094 0.03125
0.6358394622802734 0.11538887023925781 0.10033416748046875 0.1484375
0.7379322052001953 0.1296825408935547 0.10113525390625 0.03125
0.4578704833984375 0.08984184265136719 0.10072517395019531 0.3515625
0.7223072052001953 0.12825775146484375 0.10256004333496094 0.046875
0.586181640625 0.10869598388671875 0.10199737548828125 0.203125
0.7379322052001953 0.12934303283691406 0.10147476196289062 0.03125
0.7223072052001953 0.1268482208251953 0.10396957397460938 0.046875
0.7379322052001953 0.12881851196289062 0.10199928283691406 0.03125
0.7379322052001953 0.1273670196533203 0.10345077514648438 0.03125
0.7379322052001953 0.12739944458007812 0.10341835021972656 0.03125
0.7379322052001953 0.12773513793945312 0.10308265686035156 0.03125
0.7379322052001953 0.1279277801513672 0.1028900146484375 0.03125
0.4997138977050781 0.09305572509765625 0.10254287719726562 0.3046875
0.617431640625 0.1102294921875 0.1004638671875 0.171875
0.7429637908935547 0.12549209594726562 0.10029411315917969 0.03125
0.7273387908935547 0.12466621398925781 0.1011199951171875 0.046875
0.6749019622802734 0.11568832397460938 0.10003471374511719 0.109375
0.7457447052001953 0.12666702270507812 0.10415077209472656 0.0234375
0.6933078765869141 0.11771965026855469 0.10303497314453125 0.0859375
0.7273387908935547 0.12222480773925781 0.1035614013671875 0.046875
0.7507762908935547 0.12343215942382812 0.10235404968261719 0.0234375
time 11.11
error 63744.12890625
12 self_attn.o_proj
Quantizing the layer self_attn.o_proj ...
0.717254638671875 0.13422203063964844 0.10164833068847656 0.046875
0.6073703765869141 0.1189117431640625 0.10184288024902344 0.171875
0.5995578765869141 0.11888313293457031 0.10187149047851562 0.1796875
0.7329006195068359 0.13511085510253906 0.100738525390625 0.03125
0.7407131195068359 0.13541030883789062 0.10043907165527344 0.0234375
0.7066822052001953 0.13079261779785156 0.10002517700195312 0.0625
0.7016506195068359 0.13199424743652344 0.10385513305664062 0.0625
0.6910572052001953 0.12956619262695312 0.10125160217285156 0.078125
0.7329006195068359 0.1330890655517578 0.10276031494140625 0.03125
0.7301197052001953 0.13053321838378906 0.10028457641601562 0.0390625
0.6804637908935547 0.1240692138671875 0.10171699523925781 0.09375
0.7329006195068359 0.13383102416992188 0.10201835632324219 0.03125
0.7144947052001953 0.1307392120361328 0.10007858276367188 0.0546875
0.7273387908935547 0.1232757568359375 0.10251045227050781 0.046875
0.6910572052001953 0.12700653076171875 0.10381126403808594 0.078125
0.5024948120117188 0.1006011962890625 0.10002899169921875 0.296875
0.7250881195068359 0.1327686309814453 0.10308074951171875 0.0390625
0.7195262908935547 0.12184524536132812 0.10394096374511719 0.0546875
0.7407131195068359 0.13449859619140625 0.10135078430175781 0.0234375
0.4316520690917969 0.08322525024414062 0.1023101806640625 0.3828125
0.7250881195068359 0.1338634490966797 0.10198593139648438 0.0390625
0.7223072052001953 0.12868118286132812 0.10213661193847656 0.046875
0.6514644622802734 0.11555099487304688 0.10017204284667969 0.1328125
0.7223072052001953 0.1274738311767578 0.10334396362304688 0.046875
0.4840888977050781 0.09268760681152344 0.10291099548339844 0.3203125
0.7452144622802734 0.1148529052734375 0.10087013244628906 0.0390625
0.7144947052001953 0.1285247802734375 0.10229301452636719 0.0546875
0.7016506195068359 0.13286399841308594 0.10298538208007812 0.0625
0.7379322052001953 0.12793350219726562 0.10288429260253906 0.03125
0.7485256195068359 0.13547134399414062 0.10037803649902344 0.015625
0.7401828765869141 0.12066650390625 0.10008811950683594 0.0390625
0.7117137908935547 0.12371253967285156 0.10207366943359375 0.0625
time 11.00
error 3553.891845703125
12 mlp.gate_proj
Quantizing the layer mlp.gate_proj ...
0.7379277944564819 0.13071531057357788 0.10010688006877899 0.03125
0.6124011874198914 0.11544515937566757 0.10027863085269928 0.171875
0.7379320859909058 0.130166694521904 0.10065122693777084 0.03125
0.7379320859909058 0.1302497386932373 0.10056819766759872 0.03125
0.7407134175300598 0.13210491836071014 0.10374414920806885 0.0234375
0.6988695859909058 0.12708939611911774 0.10372854024171829 0.0703125
0.5889636874198914 0.11229617148637772 0.10342761874198914 0.1953125
0.518121063709259 0.10060226172208786 0.1000266820192337 0.28125
0.6726514101028442 0.12221367657184601 0.10357239842414856 0.1015625
0.7301195859909058 0.12913548946380615 0.10168243944644928 0.0390625
0.7379320859909058 0.12948040664196014 0.10133752226829529 0.03125
0.7144945859909058 0.126962348818779 0.10385557264089584 0.0546875
0.7457445859909058 0.1301567554473877 0.10066116601228714 0.0234375
0.5627455711364746 0.106842041015625 0.10384989529848099 0.2265625
0.7379320859909058 0.12882250547409058 0.10199542343616486 0.03125
0.7117139101028442 0.12501348555088043 0.10077258944511414 0.0625
0.7379320859909058 0.12851519882678986 0.10230273008346558 0.03125
0.7457445859909058 0.12873876094818115 0.10207916796207428 0.0234375
0.7457445859909058 0.12841087579727173 0.1024070531129837 0.0234375
0.7457445859909058 0.12852229177951813 0.10229562968015671 0.0234375
0.7457445859909058 0.1286323070526123 0.10218562930822372 0.0234375
0.7379320859909058 0.12738463282585144 0.10343329608440399 0.03125
0.7457445859909058 0.1276351511478424 0.10318277031183243 0.0234375
0.7117139101028442 0.12316256016492844 0.10262351483106613 0.0625
0.6698700785636902 0.11801572889089584 0.10273919999599457 0.109375
0.7457445859909058 0.12695880234241486 0.10385912656784058 0.0234375
0.7429639101028442 0.12510362267494202 0.10068245977163315 0.03125
0.7195264101028442 0.12238755077123642 0.10339852422475815 0.0546875
0.7457445859909058 0.12668201327323914 0.1041359156370163 0.0234375
0.7195264101028442 0.12154725193977356 0.10423882305622101 0.0546875
0.7429631948471069 0.12311287969350815 0.10267391055822372 0.03125
0.7507764101028442 0.12319449335336685 0.10259158164262772 0.0234375
time 12.66
error 115221.125
12 mlp.up_proj
Quantizing the layer mlp.up_proj ...
0.7250778079032898 0.13484369218349457 0.10101602226495743 0.0390625
0.6335889101028442 0.12377716600894928 0.10200890898704529 0.140625
0.7066820859909058 0.13067485392093658 0.10014307498931885 0.0625
0.7172759175300598 0.13424327969551086 0.10160579532384872 0.046875
0.7250884175300598 0.13452503085136414 0.10132403671741486 0.0390625
0.6335881948471069 0.12311004102230072 0.10267674922943115 0.140625
0.6257764101028442 0.12233787029981613 0.10344820469617844 0.1484375
0.6151825785636902 0.11960761249065399 0.10114731639623642 0.1640625
0.6308075785636902 0.11986878514289856 0.10088614374399185 0.1484375
0.5471205711364746 0.10918621718883514 0.10150571912527084 0.2421875
0.7250884175300598 0.13377699255943298 0.10207207500934601 0.0390625
0.4684647023677826 0.09447461366653442 0.10112319141626358 0.3359375
0.7329009175300598 0.1341758519411087 0.10167321562767029 0.03125
0.6648389101028442 0.12482895702123642 0.10095711797475815 0.109375
0.7250884175300598 0.13293953239917755 0.10290952771902084 0.0390625
0.5627455711364746 0.10932034999132156 0.10137158632278442 0.2265625
0.6988695859909058 0.12871818244457245 0.10209975391626358 0.0703125
0.7329009175300598 0.13271810114383698 0.10313095897436142 0.03125
0.7223070859909058 0.13010424375534058 0.10071368515491486 0.046875
0.7329009175300598 0.1323753148317337 0.10347375273704529 0.03125
0.7329009175300598 0.1324349343776703 0.1034141331911087 0.03125
0.7301195859909058 0.13059678673744202 0.10022114217281342 0.0390625
0.7379320859909058 0.130807563662529 0.10001035779714584 0.03125
0.5889636874198914 0.111347995698452 0.10437579452991486 0.1953125
0.6464325785636902 0.11836278438568115 0.10239215195178986 0.1328125
0.7379320859909058 0.13028663396835327 0.10053128749132156 0.03125
0.7301195859909058 0.1290794163942337 0.10173850506544113 0.0390625
0.6882756948471069 0.12314126640558243 0.10264551639556885 0.0859375
0.7457445859909058 0.13008366525173187 0.10073426365852356 0.0234375
0.6620575785636902 0.11817328631877899 0.10258164256811142 0.1171875
0.7273381948471069 0.12577642500400543 0.10001035779714584 0.046875
0.7457445859909058 0.12700706720352173 0.1038108617067337 0.0234375
time 12.64
error 105525.796875
12 mlp.down_proj
Quantizing the layer mlp.down_proj ...
0.7117080688476562 0.1224822998046875 0.10330963134765625 0.0625
0.6386203765869141 0.11796760559082031 0.10278701782226562 0.140625
0.7301197052001953 0.1277637481689453 0.10305404663085938 0.0390625
0.6620578765869141 0.11837005615234375 0.10238456726074219 0.1171875
0.7195262908935547 0.12234306335449219 0.10344314575195312 0.0546875
0.7066822052001953 0.12798309326171875 0.10283470153808594 0.0625
0.6804637908935547 0.12234687805175781 0.1034393310546875 0.09375
0.7379322052001953 0.1273021697998047 0.103515625 0.03125
0.6358394622802734 0.11460113525390625 0.10112190246582031 0.1484375
0.7273387908935547 0.12336158752441406 0.10242462158203125 0.046875
0.6804637908935547 0.1227569580078125 0.10302925109863281 0.09375
0.6542453765869141 0.11861038208007812 0.10214424133300781 0.125
0.6882762908935547 0.12267303466796875 0.10311317443847656 0.0859375
0.6960887908935547 0.12229156494140625 0.10349464416503906 0.078125
0.6464328765869141 0.1173248291015625 0.10342979431152344 0.1328125
0.6542453765869141 0.11829376220703125 0.10246086120605469 0.125
0.6933078765869141 0.12055015563964844 0.1002044677734375 0.0859375
0.7039012908935547 0.12331581115722656 0.10247039794921875 0.0703125
0.7089328765869141 0.12041091918945312 0.10034370422363281 0.0703125
0.7429637908935547 0.12302017211914062 0.10276603698730469 0.03125
0.7039012908935547 0.123046875 0.10273933410644531 0.0703125
0.7273387908935547 0.1232757568359375 0.10251045227050781 0.046875
0.7351512908935547 0.12568283081054688 0.10010337829589844 0.0390625
0.7039012908935547 0.12496185302734375 0.10082435607910156 0.0703125
0.6698703765869141 0.11844444274902344 0.1023101806640625 0.109375
0.7195262908935547 0.12287712097167969 0.10290908813476562 0.0546875
0.6280269622802734 0.11477851867675781 0.10094451904296875 0.15625
0.7301197052001953 0.12735366821289062 0.10346412658691406 0.0390625
0.7195262908935547 0.12223052978515625 0.10355567932128906 0.0546875
0.6542453765869141 0.11775016784667969 0.10300445556640625 0.125
0.6592750549316406 0.11454582214355469 0.10117912292480469 0.125
0.6933078765869141 0.1192474365234375 0.10150718688964844 0.0859375
0.6933078765869141 0.12006568908691406 0.10068893432617188 0.0859375
0.7195262908935547 0.12252426147460938 0.10326194763183594 0.0546875
0.6960887908935547 0.12182044982910156 0.10396575927734375 0.078125
0.7351512908935547 0.12408828735351562 0.10169792175292969 0.0390625
0.6592769622802734 0.11503410339355469 0.10068893432617188 0.125
0.6882762908935547 0.12212181091308594 0.10366439819335938 0.0859375
0.7195262908935547 0.123138427734375 0.10264778137207031 0.0546875
0.7089328765869141 0.11984634399414062 0.10090827941894531 0.0703125
0.7507762908935547 0.12473869323730469 0.10104751586914062 0.0234375
0.6620578765869141 0.11716651916503906 0.10358810424804688 0.1171875
0.7323703765869141 0.12071418762207031 0.10004043579101562 0.046875
0.7245578765869141 0.11992263793945312 0.10083198547363281 0.0546875
0.7351512908935547 0.12232017517089844 0.10346603393554688 0.0390625
0.7273387908935547 0.12282562255859375 0.10296058654785156 0.046875
0.7351512908935547 0.12434577941894531 0.1014404296875 0.0390625
0.6124019622802734 0.11240196228027344 0.10332107543945312 0.171875
0.7195262908935547 0.12238883972167969 0.10339736938476562 0.0546875
0.7507762908935547 0.12262725830078125 0.10315895080566406 0.0234375
0.7061519622802734 0.11501121520996094 0.10071182250976562 0.078125
0.7245578765869141 0.12061309814453125 0.10014152526855469 0.0546875
0.7117137908935547 0.12152290344238281 0.1042633056640625 0.0625
0.7351512908935547 0.12320518493652344 0.10258102416992188 0.0390625
0.7061519622802734 0.11521339416503906 0.1005096435546875 0.078125
0.7195262908935547 0.12174224853515625 0.10404396057128906 0.0546875
0.7479953765869141 0.12021636962890625 0.10053825378417969 0.03125
0.7351512908935547 0.12396621704101562 0.10181999206542969 0.0390625
0.7558078765869141 0.11965751647949219 0.10109710693359375 0.0234375
0.7089328765869141 0.12033653259277344 0.1004180908203125 0.0703125
0.7323703765869141 0.11812210083007812 0.10263252258300781 0.046875
0.625244140625 0.10927200317382812 0.10142135620117188 0.1640625
0.6933078765869141 0.11839103698730469 0.10236358642578125 0.0859375
0.7351512908935547 0.12267303466796875 0.10311317443847656 0.0390625
0.7323703765869141 0.12053489685058594 0.1002197265625 0.046875
0.7429637908935547 0.12438583374023438 0.10140037536621094 0.03125
0.7011184692382812 0.11707496643066406 0.10368156433105469 0.078125
0.7245578765869141 0.11883163452148438 0.10192298889160156 0.0546875
0.4472770690917969 0.08190536499023438 0.10363006591796875 0.3671875
0.6905269622802734 0.11495780944824219 0.10076522827148438 0.09375
0.601806640625 0.10650634765625 0.10418701171875 0.1875
0.6068382263183594 0.10504341125488281 0.10061836242675781 0.1875
0.6854953765869141 0.11656379699707031 0.10419082641601562 0.09375
0.7479953765869141 0.1191253662109375 0.10162925720214844 0.03125
0.7401828765869141 0.12059402465820312 0.10016059875488281 0.0390625
0.7323703765869141 0.11824989318847656 0.10250473022460938 0.046875
0.7323703765869141 0.11821937561035156 0.10253524780273438 0.046875
0.6749019622802734 0.11157417297363281 0.10414886474609375 0.109375
0.7452144622802734 0.11550521850585938 0.10021781921386719 0.0390625
0.6827144622802734 0.113616943359375 0.10210609436035156 0.1015625
0.7636203765869141 0.11907958984375 0.10167503356933594 0.015625
0.7401828765869141 0.11893844604492188 0.10181617736816406 0.0390625
0.7479953765869141 0.1190032958984375 0.10175132751464844 0.03125
0.7323703765869141 0.11764907836914062 0.10310554504394531 0.046875
0.6905269622802734 0.11267662048339844 0.10304641723632812 0.09375
0.6068382263183594 0.10122299194335938 0.10443878173828125 0.1875
time 30.04
error 7066.060546875
13 self_attn.q_proj
Quantizing the layer self_attn.q_proj ...
0.7608375549316406 0.11343955993652344 0.10228538513183594 0.0234375
0.695556640625 0.10698890686035156 0.10370445251464844 0.09375
0.7530269622802734 0.11199378967285156 0.103729248046875 0.03125
0.7608394622802734 0.11355400085449219 0.10216903686523438 0.0234375
0.7530269622802734 0.11346817016601562 0.10225486755371094 0.03125
0.711181640625 0.10840225219726562 0.10229110717773438 0.078125
0.4863395690917969 0.08238983154296875 0.10314559936523438 0.328125
0.734619140625 0.11013603210449219 0.10055732727050781 0.0546875
0.7530269622802734 0.11260795593261719 0.10311508178710938 0.03125
0.7452144622802734 0.11171150207519531 0.10401153564453125 0.0390625
0.7608394622802734 0.11337471008300781 0.10234832763671875 0.0234375
0.7530269622802734 0.11197853088378906 0.1037445068359375 0.03125
0.7608394622802734 0.11260414123535156 0.103118896484375 0.0234375
0.6509323120117188 0.09999275207519531 0.10063743591308594 0.1484375
0.7608394622802734 0.11293411254882812 0.10278892517089844 0.0234375
0.750244140625 0.11057472229003906 0.10011863708496094 0.0390625
0.7686519622802734 0.11215972900390625 0.10356330871582031 0.015625
0.7686519622802734 0.11236572265625 0.10335731506347656 0.015625
0.7686519622802734 0.1123199462890625 0.10340309143066406 0.015625
0.7608394622802734 0.11202812194824219 0.10369491577148438 0.0234375
0.7608394622802734 0.11168289184570312 0.10404014587402344 0.0234375
0.7686519622802734 0.11230087280273438 0.10342216491699219 0.015625
0.7686519622802734 0.113006591796875 0.10271644592285156 0.015625
0.726806640625 0.10793876647949219 0.10275459289550781 0.0625
0.758056640625 0.11054039001464844 0.10015296936035156 0.03125
0.7686519622802734 0.11200523376464844 0.10371780395507812 0.015625
0.7686519622802734 0.11205291748046875 0.10367012023925781 0.015625
0.765869140625 0.10998916625976562 0.10070419311523438 0.0234375
0.765869140625 0.10957145690917969 0.10112190246582031 0.0234375
0.742431640625 0.10801315307617188 0.10268020629882812 0.046875
0.765869140625 0.10892105102539062 0.10177230834960938 0.0234375
0.765869140625 0.10847091674804688 0.10222244262695312 0.0234375
time 11.43
error 179148.828125
13 self_attn.k_proj
Quantizing the layer self_attn.k_proj ...
0.765869140625 0.10985946655273438 0.10083389282226562 0.0234375
0.6274948120117188 0.09737968444824219 0.10325050354003906 0.171875
0.758056640625 0.10834312438964844 0.10235023498535156 0.03125
0.765869140625 0.10926055908203125 0.10143280029296875 0.0234375
0.765869140625 0.10984992980957031 0.10084342956542969 0.0234375
0.718994140625 0.10728073120117188 0.10341262817382812 0.0703125
0.742431640625 0.10846710205078125 0.10222625732421875 0.046875
0.742431640625 0.10789871215820312 0.10279464721679688 0.046875
0.765869140625 0.10885429382324219 0.10183906555175781 0.0234375
0.765869140625 0.11014747619628906 0.10054588317871094 0.0234375
0.765869140625 0.10890007019042969 0.10179328918457031 0.0234375
0.758056640625 0.10881614685058594 0.10187721252441406 0.03125
0.765869140625 0.10919380187988281 0.10149955749511719 0.0234375
0.6743698120117188 0.1001434326171875 0.10048675537109375 0.125
0.765869140625 0.109527587890625 0.101165771484375 0.0234375
0.750244140625 0.10772705078125 0.10296630859375 0.0390625
0.765869140625 0.10923385620117188 0.10145950317382812 0.0234375
0.773681640625 0.10908317565917969 0.10161018371582031 0.015625
0.773681640625 0.10903739929199219 0.10165596008300781 0.015625
0.773681640625 0.10849571228027344 0.10219764709472656 0.015625
0.773681640625 0.10795402526855469 0.10273933410644531 0.015625
0.773681640625 0.10933494567871094 0.10135841369628906 0.015625
0.773681640625 0.10934638977050781 0.10134696960449219 0.015625
0.734619140625 0.10643577575683594 0.10425758361816406 0.0546875
0.758056640625 0.10769271850585938 0.10300064086914062 0.03125
0.773681640625 0.10882568359375 0.10186767578125 0.015625
0.773681640625 0.10895729064941406 0.10173606872558594 0.015625
0.765869140625 0.107421875 0.103271484375 0.0234375
0.765869140625 0.10809898376464844 0.10259437561035156 0.0234375
0.7396507263183594 0.10425376892089844 0.10140800476074219 0.0546875
0.765869140625 0.10725593566894531 0.10343742370605469 0.0234375
0.765869140625 0.10673713684082031 0.10395622253417969 0.0234375
time 11.45
error 184476.515625
13 self_attn.v_proj
Quantizing the layer self_attn.v_proj ...
0.7250633239746094 0.13224220275878906 0.10363197326660156 0.0390625
0.6648387908935547 0.12358665466308594 0.10219955444335938 0.109375
0.7485256195068359 0.13368606567382812 0.10216331481933594 0.015625
0.7144947052001953 0.12823486328125 0.10258293151855469 0.0546875
0.7223072052001953 0.12972068786621094 0.10109710693359375 0.046875
0.6882762908935547 0.125701904296875 0.10008430480957031 0.0859375
0.6648387908935547 0.12277603149414062 0.10301017761230469 0.109375
0.5967769622802734 0.11366844177246094 0.10205459594726562 0.1875
0.5287132263183594 0.10261726379394531 0.10304450988769531 0.265625
0.6988697052001953 0.1271076202392578 0.10371017456054688 0.0703125
0.7144947052001953 0.128387451171875 0.10243034362792969 0.0546875
0.593994140625 0.10964393615722656 0.10104942321777344 0.1953125
0.7379322052001953 0.12984275817871094 0.10097503662109375 0.03125
0.6542453765869141 0.11913871765136719 0.10161590576171875 0.125
0.7144947052001953 0.12781143188476562 0.10300636291503906 0.0546875
0.578369140625 0.10838890075683594 0.10230445861816406 0.2109375
0.7301197052001953 0.12848663330078125 0.10233116149902344 0.0390625
0.7039012908935547 0.12384796142578125 0.10193824768066406 0.0703125
0.7379322052001953 0.1289043426513672 0.1019134521484375 0.03125
0.7379322052001953 0.1277008056640625 0.10311698913574219 0.03125
0.7379322052001953 0.1294422149658203 0.10137557983398438 0.03125
0.7379322052001953 0.12744140625 0.10337638854980469 0.03125
0.7301197052001953 0.1273937225341797 0.103424072265625 0.0390625
0.6124000549316406 0.11179351806640625 0.10393142700195312 0.171875
0.6202144622802734 0.11185455322265625 0.10386848449707031 0.1640625
0.7379322052001953 0.12675857543945312 0.10405921936035156 0.03125
0.7351512908935547 0.12518310546875 0.10060310363769531 0.0390625
0.7089328765869141 0.12067413330078125 0.10008049011230469 0.0703125
0.7457447052001953 0.12636947631835938 0.10444831848144531 0.0234375
0.6592769622802734 0.11461830139160156 0.101104736328125 0.125
0.7273387908935547 0.12293815612792969 0.10284805297851562 0.046875
0.7507762908935547 0.12339019775390625 0.10239601135253906 0.0234375
time 11.24
error 72255.75
13 self_attn.o_proj
Quantizing the layer self_attn.o_proj ...
0.7250747680664062 0.1356639862060547 0.10019874572753906 0.0390625
0.7172756195068359 0.13455581665039062 0.10129356384277344 0.046875
0.7329006195068359 0.135528564453125 0.10032081604003906 0.03125
0.7172756195068359 0.1336956024169922 0.10215377807617188 0.046875
0.7172756195068359 0.1338825225830078 0.10196685791015625 0.046875
0.6179637908935547 0.121490478515625 0.10429573059082031 0.15625
0.7016506195068359 0.13262367248535156 0.1032257080078125 0.0625
0.4606513977050781 0.09493446350097656 0.10066413879394531 0.34375
0.6988697052001953 0.1293621063232422 0.1014556884765625 0.0703125
0.7144947052001953 0.12934494018554688 0.10147285461425781 0.0546875
0.7223072052001953 0.13058853149414062 0.10022926330566406 0.046875
0.7094631195068359 0.13306808471679688 0.10278129577636719 0.0546875
0.7250881195068359 0.1334667205810547 0.10238265991210938 0.0390625
0.7329006195068359 0.1328887939453125 0.10296058654785156 0.03125
0.7407131195068359 0.13340377807617188 0.10244560241699219 0.0234375
0.7457447052001953 0.13017845153808594 0.10063934326171875 0.0234375
0.6988697052001953 0.12684059143066406 0.10397720336914062 0.0703125
0.7117137908935547 0.12202072143554688 0.10376548767089844 0.0625
0.6988697052001953 0.12864112854003906 0.10217666625976562 0.0703125
0.7223072052001953 0.1294078826904297 0.101409912109375 0.046875
0.7144947052001953 0.1306591033935547 0.10015869140625 0.0546875
0.5967769622802734 0.11344528198242188 0.10227775573730469 0.1875
0.7223072052001953 0.1273212432861328 0.10349655151367188 0.046875
0.7329006195068359 0.1339550018310547 0.10189437866210938 0.03125
0.4656829833984375 0.08855056762695312 0.10201644897460938 0.34375
0.7323703765869141 0.12066841125488281 0.10008621215820312 0.046875
0.7223072052001953 0.1280364990234375 0.10278129577636719 0.046875
0.7429637908935547 0.12363433837890625 0.10215187072753906 0.03125
0.6570262908935547 0.12390708923339844 0.10187911987304688 0.1171875
0.7329006195068359 0.1323413848876953 0.10350799560546875 0.03125
0.7379322052001953 0.12677955627441406 0.10403823852539062 0.03125
0.703369140625 0.11060333251953125 0.10009002685546875 0.0859375
time 11.37
error 3770.17529296875
13 mlp.gate_proj
Quantizing the layer mlp.gate_proj ...
0.7379150390625 0.13074156641960144 0.10009339451789856 0.03125
0.4528397023677826 0.09239374101161957 0.10320406407117844 0.3515625
0.7457445859909058 0.130258247256279 0.10055967420339584 0.0234375
0.7379320859909058 0.13009147346019745 0.10072646290063858 0.03125
0.7379320859909058 0.13013476133346558 0.10068316757678986 0.03125
0.7223070859909058 0.12854500114917755 0.10227292031049728 0.046875
0.7144945859909058 0.127655029296875 0.10316289961338043 0.0546875
0.7066820859909058 0.12746907770633698 0.10334884375333786 0.0625
0.5627455711364746 0.1066383570432663 0.10405358672142029 0.2265625
0.7301195859909058 0.12926536798477173 0.1015525609254837 0.0390625
0.7457445859909058 0.13006591796875 0.10075201094150543 0.0234375
0.6776825785636902 0.120494045317173 0.100260891020298 0.1015625
0.7457445859909058 0.12989842891693115 0.10091949999332428 0.0234375
0.5783705711364746 0.10838495194911957 0.10230698436498642 0.2109375
0.7379320859909058 0.1289772242307663 0.10184070467948914 0.03125
0.6698700785636902 0.11963032186031342 0.101124607026577 0.109375
0.7379320859909058 0.12819866836071014 0.10261926054954529 0.03125
0.7457445859909058 0.12891121208667755 0.10190670937299728 0.0234375
0.7457445859909058 0.12874726951122284 0.102070651948452 0.0234375
0.7457445859909058 0.12814544141292572 0.10267248749732971 0.0234375
0.7457445859909058 0.12886792421340942 0.10195000469684601 0.0234375
0.7457445859909058 0.1279900074005127 0.10282791405916214 0.0234375
0.7457445859909058 0.12761031091213226 0.10320761054754257 0.0234375
0.7273389101028442 0.12495386600494385 0.10083220899105072 0.046875
0.6698700785636902 0.11792701482772827 0.10282791405916214 0.109375
0.7457445859909058 0.12691479921340942 0.10390312969684601 0.0234375
0.7351514101028442 0.12441165000200272 0.10137442499399185 0.0390625
0.7273389101028442 0.12264660000801086 0.1031394749879837 0.046875
0.7507764101028442 0.12492690235376358 0.10085917264223099 0.0234375
0.6933075785636902 0.11805618554353714 0.10269875079393387 0.0859375
0.7429639101028442 0.12338327616453171 0.10240279883146286 0.03125
0.7507764101028442 0.12273815274238586 0.1030479222536087 0.0234375
time 12.88
error 122354.140625
13 mlp.up_proj
Quantizing the layer mlp.up_proj ...
0.7250770926475525 0.13530004024505615 0.10056038945913315 0.0390625
0.5577136874198914 0.11349628865718842 0.10222750157117844 0.2265625
0.42662155628204346 0.08889273554086685 0.10167321562767029 0.3828125
0.7172759175300598 0.13412617146968842 0.10172289609909058 0.046875
0.7250884175300598 0.13469110429286957 0.10115796327590942 0.0390625
0.6754320859909058 0.12829872965812683 0.102519191801548 0.09375
0.5577136874198914 0.11154600232839584 0.10417778789997101 0.2265625
0.5917450785636902 0.11671838164329529 0.10403655469417572 0.1875
0.6073700785636902 0.11781630665063858 0.10293862968683243 0.171875
0.46343356370925903 0.09567899256944656 0.104949951171875 0.3359375
0.7250884175300598 0.13352788984775543 0.10232117772102356 0.0390625
0.42662155628204346 0.08722775429487228 0.10333819687366486 0.3828125
0.7329009175300598 0.13388770818710327 0.10196135938167572 0.03125
0.588962972164154 0.11406689882278442 0.10165759921073914 0.1953125
0.7250884175300598 0.1331787109375 0.10267035663127899 0.0390625
0.5287141799926758 0.10462774336338043 0.101033054292202 0.265625
0.7329009175300598 0.13323548436164856 0.10261358320713043 0.03125
0.7329009175300598 0.13268758356571198 0.10316147655248642 0.03125
0.7223070859909058 0.13024689257144928 0.10057103633880615 0.046875
0.7329009175300598 0.13187994062900543 0.10396912693977356 0.03125
0.7329009175300598 0.13248957693576813 0.10335949063301086 0.03125
0.7329009175300598 0.1319693624973297 0.10387970507144928 0.03125
0.7407134175300598 0.13253287971019745 0.10331619530916214 0.0234375
0.6648381948471069 0.12196314334869385 0.10382363945245743 0.109375
0.5705580711364746 0.10723166912794113 0.10346026718616486 0.21875
0.7379320859909058 0.1303611546754837 0.10045676678419113 0.03125
0.7301195859909058 0.1292213648557663 0.10159656405448914 0.0390625
0.6960889101028442 0.12385452538728714 0.10193154960870743 0.078125
0.7457445859909058 0.12982460856437683 0.100993312895298 0.0234375
0.6960881948471069 0.12274950742721558 0.1030372828245163 0.078125
0.7273389101028442 0.12524768710136414 0.10053838789463043 0.046875
0.7457445859909058 0.12724481523036957 0.10357311367988586 0.0234375
time 12.86
error 114474.0078125
13 mlp.down_proj
Quantizing the layer mlp.down_proj ...
0.7117137908935547 0.12255668640136719 0.10322952270507812 0.0625
0.6464328765869141 0.11700248718261719 0.10375213623046875 0.1328125
0.7457447052001953 0.12768173217773438 0.10313606262207031 0.0234375
0.7117137908935547 0.12232208251953125 0.10346412658691406 0.0625
0.6620578765869141 0.11927986145019531 0.10147476196289062 0.1171875
0.7117137908935547 0.12365913391113281 0.1021270751953125 0.0625
0.7117137908935547 0.12402153015136719 0.10176467895507812 0.0625
0.7117137908935547 0.12286567687988281 0.1029205322265625 0.0625
0.7351512908935547 0.12554168701171875 0.10024452209472656 0.0390625
0.5599632263183594 0.10444068908691406 0.10122108459472656 0.234375
0.7351512908935547 0.12468147277832031 0.101104736328125 0.0390625
0.6464328765869141 0.11820411682128906 0.10255050659179688 0.1328125
0.6436519622802734 0.11296463012695312 0.10275840759277344 0.140625
0.7273387908935547 0.12414932250976562 0.10163688659667969 0.046875
0.7039012908935547 0.12369918823242188 0.10208702087402344 0.0703125
0.7011203765869141 0.11944961547851562 0.10130500793457031 0.078125
0.7351512908935547 0.12372016906738281 0.1020660400390625 0.0390625
0.7585887908935547 0.12376594543457031 0.102020263671875 0.015625
0.7273387908935547 0.12392044067382812 0.10186576843261719 0.046875
0.7117137908935547 0.12394142150878906 0.10184478759765625 0.0625
0.7195262908935547 0.12283897399902344 0.10294723510742188 0.0546875
0.7351512908935547 0.12472152709960938 0.10106468200683594 0.0390625
0.6749019622802734 0.11520957946777344 0.10051345825195312 0.109375
0.7245578765869141 0.11983871459960938 0.10091590881347656 0.0546875
0.7429637908935547 0.12402915954589844 0.10175704956054688 0.03125
0.7429637908935547 0.12450218200683594 0.10128402709960938 0.03125
0.7457447052001953 0.1267852783203125 0.10403251647949219 0.0234375
0.7195262908935547 0.12203598022460938 0.10375022888183594 0.0546875
0.6620578765869141 0.1181640625 0.10259056091308594 0.1171875
0.7195262908935547 0.12481689453125 0.10096931457519531 0.0546875
0.7117137908935547 0.12295341491699219 0.10283279418945312 0.0625
0.7507762908935547 0.12459564208984375 0.10119056701660156 0.0234375
0.7401828765869141 0.12014198303222656 0.10061264038085938 0.0390625
0.7379322052001953 0.12743186950683594 0.10338592529296875 0.03125
0.7351512908935547 0.1225128173828125 0.10327339172363281 0.0390625
0.7507762908935547 0.12380409240722656 0.10198211669921875 0.0234375
0.6776828765869141 0.12011337280273438 0.10064125061035156 0.1015625
0.7351512908935547 0.12410926818847656 0.10167694091796875 0.0390625
0.6854953765869141 0.11818695068359375 0.10256767272949219 0.09375
0.7429637908935547 0.12403106689453125 0.10175514221191406 0.03125
0.7195262908935547 0.12307929992675781 0.1027069091796875 0.0546875
0.7429637908935547 0.12239837646484375 0.10338783264160156 0.03125
0.7011203765869141 0.1192779541015625 0.10147666931152344 0.078125
0.7245578765869141 0.12034034729003906 0.10041427612304688 0.0546875
0.7401828765869141 0.11999130249023438 0.10076332092285156 0.0390625
0.7195262908935547 0.12247276306152344 0.10331344604492188 0.0546875
0.7351512908935547 0.12212562561035156 0.10366058349609375 0.0390625
0.7273387908935547 0.1221771240234375 0.10360908508300781 0.046875
0.7273387908935547 0.12366294860839844 0.10212326049804688 0.046875
0.7167453765869141 0.11844062805175781 0.10231399536132812 0.0625
0.6854953765869141 0.11809921264648438 0.10265541076660156 0.09375
0.7195262908935547 0.12291717529296875 0.10286903381347656 0.0546875
0.7011203765869141 0.11956214904785156 0.10119247436523438 0.078125
0.7479953765869141 0.12063789367675781 0.10011672973632812 0.03125
0.7011203765869141 0.11815071105957031 0.10260391235351562 0.078125
0.7429637908935547 0.123199462890625 0.10258674621582031 0.03125
0.7507762908935547 0.12392997741699219 0.10185623168945312 0.0234375
0.6854953765869141 0.11714744567871094 0.103607177734375 0.09375
0.7401828765869141 0.11958694458007812 0.10116767883300781 0.0390625
0.6670894622802734 0.11370086669921875 0.10202217102050781 0.1171875
0.7608394622802734 0.11361885070800781 0.10210418701171875 0.0234375
0.7245578765869141 0.11866569519042969 0.10208892822265625 0.0546875
0.7089328765869141 0.12037849426269531 0.10037612915039062 0.0703125
0.7089328765869141 0.11909103393554688 0.10166358947753906 0.0703125
0.7167453765869141 0.11878013610839844 0.1019744873046875 0.0625
0.7245578765869141 0.11938858032226562 0.10136604309082031 0.0546875
0.7401828765869141 0.11887741088867188 0.10187721252441406 0.0390625
0.7429637908935547 0.12267494201660156 0.10311126708984375 0.03125
0.6749019622802734 0.11473464965820312 0.10098838806152344 0.109375
0.7089328765869141 0.11734390258789062 0.10341072082519531 0.0703125
0.6827144622802734 0.11396598815917969 0.10175704956054688 0.1015625
0.7401828765869141 0.11884880065917969 0.10190582275390625 0.0390625
0.4629020690917969 0.08322525024414062 0.1023101806640625 0.3515625
0.7530269622802734 0.11544609069824219 0.10027694702148438 0.03125
0.6905269622802734 0.11458969116210938 0.10113334655761719 0.09375
0.5571823120117188 0.09806251525878906 0.10256767272949219 0.2421875
0.7479953765869141 0.11850547790527344 0.1022491455078125 0.03125
0.687744140625 0.11061859130859375 0.10007476806640625 0.1015625
0.7295894622802734 0.1146087646484375 0.10111427307128906 0.0546875
0.7479953765869141 0.11827850341796875 0.10247611999511719 0.03125
0.7374019622802734 0.11552810668945312 0.10019493103027344 0.046875
0.7374019622802734 0.11357307434082031 0.10214996337890625 0.046875
0.7139644622802734 0.11404228210449219 0.10168075561523438 0.0703125
0.7479953765869141 0.11678886413574219 0.10396575927734375 0.03125
0.7558078765869141 0.11774253845214844 0.1030120849609375 0.0234375
0.7217769622802734 0.11330223083496094 0.10242080688476562 0.0625
time 30.53
error 8774.90625
14 self_attn.q_proj
Quantizing the layer self_attn.q_proj ...
0.7608356475830078 0.11297607421875 0.10275077819824219 0.0234375
0.6927757263183594 0.10511207580566406 0.10054969787597656 0.1015625
0.7530269622802734 0.11163520812988281 0.10408782958984375 0.03125
0.7608394622802734 0.11221885681152344 0.10350418090820312 0.0234375
0.7530269622802734 0.11239242553710938 0.10333061218261719 0.03125
0.695556640625 0.10670280456542969 0.10399055480957031 0.09375
0.695556640625 0.10693168640136719 0.10376167297363281 0.09375
0.726806640625 0.108917236328125 0.101776123046875 0.0625
0.758056640625 0.11012458801269531 0.10056877136230469 0.03125
0.7608394622802734 0.112701416015625 0.10302162170410156 0.0234375
0.765869140625 0.11053848266601562 0.10015487670898438 0.0234375
0.758056640625 0.10956001281738281 0.10113334655761719 0.03125
0.758056640625 0.11062812805175781 0.10006523132324219 0.03125
0.6090888977050781 0.09529495239257812 0.10030364990234375 0.1953125
0.7530269622802734 0.11176872253417969 0.10395431518554688 0.03125
0.726806640625 0.10806083679199219 0.10263252258300781 0.0625
0.7686519622802734 0.11227607727050781 0.10344696044921875 0.015625
0.773681640625 0.11045074462890625 0.10024261474609375 0.015625
0.7686519622802734 0.11187362670898438 0.10384941101074219 0.015625
0.765869140625 0.10968589782714844 0.10100746154785156 0.0234375
0.7608394622802734 0.11202621459960938 0.10369682312011719 0.0234375
0.7686519622802734 0.11273193359375 0.10299110412597656 0.015625
0.7686519622802734 0.112030029296875 0.10369300842285156 0.015625
0.5750579833984375 0.08996772766113281 0.10059928894042969 0.234375
0.758056640625 0.10956001281738281 0.10113334655761719 0.03125
0.773681640625 0.1103973388671875 0.1002960205078125 0.015625
0.773681640625 0.11017036437988281 0.10052299499511719 0.015625
0.773681640625 0.109405517578125 0.101287841796875 0.015625
0.765869140625 0.11035919189453125 0.10033416748046875 0.0234375
0.6325263977050781 0.094940185546875 0.10065841674804688 0.171875
0.758056640625 0.10920524597167969 0.10148811340332031 0.03125
0.765869140625 0.10871505737304688 0.10197830200195312 0.0234375
time 11.58
error 188997.78125
14 self_attn.k_proj
Quantizing the layer self_attn.k_proj ...
0.773681640625 0.10986709594726562 0.10082626342773438 0.015625
0.7005882263183594 0.10412788391113281 0.10153388977050781 0.09375
0.758056640625 0.10703277587890625 0.10366058349609375 0.03125
0.765869140625 0.10916519165039062 0.10152816772460938 0.0234375
0.765869140625 0.10951042175292969 0.10118293762207031 0.0234375
0.7162132263183594 0.10416221618652344 0.10149955749511719 0.078125
0.758056640625 0.10804367065429688 0.10264968872070312 0.03125
0.758056640625 0.10826492309570312 0.10242843627929688 0.03125
0.765869140625 0.10836410522460938 0.10232925415039062 0.0234375
0.765869140625 0.10847282409667969 0.10222053527832031 0.0234375
0.773681640625 0.10971641540527344 0.10097694396972656 0.015625
0.758056640625 0.10770034790039062 0.10299301147460938 0.03125
0.765869140625 0.10867881774902344 0.10201454162597656 0.0234375
0.7005882263183594 0.10282325744628906 0.10283851623535156 0.09375
0.765869140625 0.1082000732421875 0.1024932861328125 0.0234375
0.750244140625 0.10720252990722656 0.10349082946777344 0.0390625
0.773681640625 0.10842323303222656 0.10227012634277344 0.015625
0.773681640625 0.10810470581054688 0.10258865356445312 0.015625
0.773681640625 0.10828208923339844 0.10241127014160156 0.015625
0.773681640625 0.10796737670898438 0.10272598266601562 0.015625
0.773681640625 0.10833168029785156 0.10236167907714844 0.015625
0.773681640625 0.10825347900390625 0.10243988037109375 0.015625
0.773681640625 0.10816001892089844 0.10253334045410156 0.015625
0.6247138977050781 0.09279441833496094 0.10280418395996094 0.1796875
0.7474632263183594 0.10501861572265625 0.10064315795898438 0.046875
0.773681640625 0.10751914978027344 0.10317420959472656 0.015625
0.773681640625 0.10764312744140625 0.10305023193359375 0.015625
0.758056640625 0.10665130615234375 0.10404205322265625 0.03125
0.765869140625 0.10708045959472656 0.10361289978027344 0.0234375
0.7396507263183594 0.10301589965820312 0.1026458740234375 0.0546875
0.7709007263183594 0.10534858703613281 0.10031318664550781 0.0234375
0.7709007263183594 0.10471534729003906 0.10094642639160156 0.0234375
time 11.42
error 194125.34375
14 self_attn.v_proj
Quantizing the layer self_attn.v_proj ...
0.7250785827636719 0.13322830200195312 0.102630615234375 0.0390625
0.5967769622802734 0.11489486694335938 0.10082817077636719 0.1875
0.7485256195068359 0.13336944580078125 0.10247993469238281 0.015625
0.7250881195068359 0.13232994079589844 0.10351943969726562 0.0390625
0.7172756195068359 0.1318531036376953 0.10399627685546875 0.046875
0.6045894622802734 0.11540031433105469 0.10032272338867188 0.1796875
0.5811519622802734 0.11263465881347656 0.10308837890625 0.203125
0.47905731201171875 0.09658622741699219 0.10404396057128906 0.3203125
0.586181640625 0.11024665832519531 0.10044670104980469 0.203125
0.7144947052001953 0.12962722778320312 0.10119056701660156 0.0546875
0.7250881195068359 0.13180923461914062 0.10404014587402344 0.0390625
0.6202144622802734 0.11425971984863281 0.10146331787109375 0.1640625
0.7301197052001953 0.13016700744628906 0.10065078735351562 0.0390625
0.4762763977050781 0.0946044921875 0.10099411010742188 0.328125
0.7223072052001953 0.1301555633544922 0.1006622314453125 0.046875
0.6229953765869141 0.11646842956542969 0.10428619384765625 0.15625
0.7379322052001953 0.13047409057617188 0.10034370422363281 0.03125
0.7144947052001953 0.1276531219482422 0.1031646728515625 0.0546875
0.7301197052001953 0.12900733947753906 0.10181045532226562 0.0390625
0.7301197052001953 0.1279621124267578 0.10285568237304688 0.0390625
0.7379322052001953 0.12925338745117188 0.10156440734863281 0.03125
0.7301197052001953 0.12841415405273438 0.10240364074707031 0.0390625
0.7379322052001953 0.1291980743408203 0.10161972045898438 0.03125
0.6202144622802734 0.11274337768554688 0.10297966003417969 0.1640625
0.5443382263183594 0.10103607177734375 0.10462570190429688 0.25
0.7379322052001953 0.12722015380859375 0.10359764099121094 0.03125
0.7273387908935547 0.12504005432128906 0.10074615478515625 0.046875
0.7117137908935547 0.12362861633300781 0.1021575927734375 0.0625
0.7457447052001953 0.12720680236816406 0.10361099243164062 0.0234375
0.7039012908935547 0.12181282043457031 0.103973388671875 0.0703125
0.7089328765869141 0.12014007568359375 0.10061454772949219 0.0703125
0.7507762908935547 0.12511062622070312 0.10067558288574219 0.0234375
time 11.25
error 73475.71875
14 self_attn.o_proj
Quantizing the layer self_attn.o_proj ...
0.6413784027099609 0.12488937377929688 0.10091972351074219 0.1328125
0.6910572052001953 0.1307544708251953 0.10006332397460938 0.078125
0.7250881195068359 0.13578224182128906 0.100067138671875 0.0390625
0.7407131195068359 0.13543128967285156 0.1004180908203125 0.0234375
0.7066822052001953 0.1295928955078125 0.10122489929199219 0.0625
0.6910572052001953 0.12963485717773438 0.10118293762207031 0.078125
0.7066822052001953 0.12853622436523438 0.10228157043457031 0.0625
0.7172756195068359 0.13443756103515625 0.10141181945800781 0.046875
0.7172756195068359 0.13248634338378906 0.103363037109375 0.046875
0.7407131195068359 0.13483810424804688 0.10101127624511719 0.0234375
0.7329006195068359 0.1346607208251953 0.10118865966796875 0.03125
0.6648387908935547 0.1255512237548828 0.1002349853515625 0.109375
0.7066822052001953 0.1290912628173828 0.10172653198242188 0.0625
0.7172756195068359 0.13254356384277344 0.10330581665039062 0.046875
0.7250881195068359 0.1341075897216797 0.10174179077148438 0.0390625
0.7301197052001953 0.1306915283203125 0.10012626647949219 0.0390625
0.7379322052001953 0.1284618377685547 0.10235595703125 0.03125
0.6988697052001953 0.1275310516357422 0.1032867431640625 0.0703125
0.6910572052001953 0.12799835205078125 0.10281944274902344 0.078125
0.7223072052001953 0.1296825408935547 0.10113525390625 0.046875
0.7301197052001953 0.13049697875976562 0.10032081604003906 0.0390625
0.7329006195068359 0.13252830505371094 0.10332107543945312 0.03125
0.7356815338134766 0.13808059692382812 0.10280036926269531 0.0234375
0.7011203765869141 0.11937904357910156 0.10137557983398438 0.078125
0.7273387908935547 0.12434196472167969 0.10144424438476562 0.046875
0.7457447052001953 0.12767791748046875 0.10313987731933594 0.0234375
0.7329006195068359 0.13165283203125 0.10419654846191406 0.03125
0.6464309692382812 0.11680984497070312 0.10394668579101562 0.1328125
0.7195262908935547 0.12491226196289062 0.10087394714355469 0.0546875
0.6960887908935547 0.12217330932617188 0.10361289978027344 0.078125
0.7195262908935547 0.12482833862304688 0.10095787048339844 0.0546875
0.7479953765869141 0.11928939819335938 0.10146522521972656 0.03125
time 11.31
error 4677.39453125
14 mlp.gate_proj
Quantizing the layer mlp.gate_proj ...
0.7328867316246033 0.13229511678218842 0.10356814414262772 0.03125
0.5627455711364746 0.10954958945512772 0.10114235430955887 0.2265625
0.7301195859909058 0.1301461160182953 0.10067181289196014 0.0390625
0.7379320859909058 0.13070039451122284 0.100117526948452 0.03125
0.7329009175300598 0.13225892186164856 0.10359014570713043 0.03125
0.6882764101028442 0.12518523633480072 0.10060083866119385 0.0859375
0.7066820859909058 0.12775367498397827 0.10306424647569656 0.0625
0.6882764101028442 0.12493754178285599 0.10084853321313858 0.0859375
0.6386200785636902 0.11790146678686142 0.10285346210002899 0.140625
0.7379320859909058 0.13016030192375183 0.100657619535923 0.03125
0.7407134175300598 0.13185368478298187 0.10399539023637772 0.0234375
0.6648381948471069 0.12172255665063858 0.10406423360109329 0.109375
0.7457445859909058 0.13043780624866486 0.10038012266159058 0.0234375
0.48687106370925903 0.09575138241052628 0.10487756133079529 0.3125
0.7379320859909058 0.12931929528713226 0.10149862617254257 0.03125
0.5521516799926758 0.10432540625333786 0.10133539140224457 0.2421875
0.7379320859909058 0.12889985740184784 0.101918064057827 0.03125
0.7457445859909058 0.1290084421634674 0.10180947929620743 0.0234375
0.7379320859909058 0.12796801328659058 0.10284991562366486 0.03125
0.7457445859909058 0.12863300740718842 0.10218491405248642 0.0234375
0.7457445859909058 0.12895096838474274 0.10186696797609329 0.0234375
0.7379320859909058 0.12854643166065216 0.10227150470018387 0.03125
0.7457445859909058 0.1282767355442047 0.10254119336605072 0.0234375
0.5861830711364746 0.10711740702390671 0.10357452929019928 0.203125
0.6018073558807373 0.10916918516159058 0.10152346640825272 0.1875
0.7457445859909058 0.12759754061698914 0.1032203882932663 0.0234375
0.7429639101028442 0.12552234530448914 0.10026372969150543 0.03125
0.7195264101028442 0.12329526990652084 0.10249080508947372 0.0546875
0.7457445859909058 0.12668555974960327 0.10413236171007156 0.0234375
0.6436511874198914 0.11274755001068115 0.1029762476682663 0.140625
0.7429639101028442 0.12397588789463043 0.10181018710136414 0.03125
0.7507764101028442 0.12355928868055344 0.10222678631544113 0.0234375
time 12.84
error 136744.4375
14 mlp.up_proj
Quantizing the layer mlp.up_proj ...
0.7250820398330688 0.13583515584468842 0.10002029687166214 0.0390625
0.6179639101028442 0.12179494649171829 0.10399112850427628 0.15625
0.7016509175300598 0.13177631795406342 0.10407274961471558 0.0625
0.7250884175300598 0.1349075734615326 0.100941501557827 0.0390625
0.7172759175300598 0.13415101170539856 0.10169805586338043 0.046875
0.6179631948471069 0.12171758711338043 0.10406919568777084 0.15625
0.5917450785636902 0.11640539765357971 0.1043495386838913 0.1875
0.6414006948471069 0.12320443242788315 0.10258235782384872 0.1328125
0.5627455711364746 0.11008045077323914 0.10061148554086685 0.2265625
0.5471205711364746 0.10861631482839584 0.10207562148571014 0.2421875
0.7250884175300598 0.13361091911792755 0.10223814100027084 0.0390625
0.5889636874198914 0.113362155854702 0.10236163437366486 0.1953125
0.7329009175300598 0.1341240406036377 0.1017250269651413 0.03125
0.6229950785636902 0.11916262656450272 0.10159230977296829 0.15625
0.7329009175300598 0.13397571444511414 0.10187335312366486 0.03125
0.6229950785636902 0.11837130039930344 0.10238363593816757 0.15625
0.7250884175300598 0.13222557306289673 0.10362350195646286 0.0390625
0.7329009175300598 0.13239802420139313 0.10345104336738586 0.03125
0.7223070859909058 0.13043993711471558 0.10037799179553986 0.046875
0.7329009175300598 0.13219575583934784 0.10365331172943115 0.03125
0.7329009175300598 0.13255345821380615 0.10329561680555344 0.03125
0.7301195859909058 0.13068266212940216 0.10013527423143387 0.0390625
0.7329009175300598 0.13199704885482788 0.10385202616453171 0.03125
0.5783705711364746 0.1088157445192337 0.10187619179487228 0.2109375
0.5861823558807373 0.10977456718683243 0.10091808438301086 0.203125
0.7379320859909058 0.12971673905849457 0.10110118985176086 0.03125
0.7223070859909058 0.12824906408786774 0.10256887227296829 0.046875
0.6960881948471069 0.12383252382278442 0.10195425897836685 0.078125
0.7457445859909058 0.129831001162529 0.10098692029714584 0.0234375
0.6698700785636902 0.11901571601629257 0.10173922032117844 0.109375
0.7273374795913696 0.12530091404914856 0.10048657655715942 0.046875
0.7457445859909058 0.12710358202457428 0.10371434688568115 0.0234375
time 12.97
error 129420.640625
14 mlp.down_proj
Quantizing the layer mlp.down_proj ...
0.7351493835449219 0.12538528442382812 0.10040283203125 0.0390625
0.7351512908935547 0.12386322021484375 0.10192298889160156 0.0390625
0.7273387908935547 0.12375259399414062 0.10203361511230469 0.046875
0.7195262908935547 0.12291145324707031 0.102874755859375 0.0546875
0.6492137908935547 0.12187957763671875 0.10390663146972656 0.125
0.7039012908935547 0.12256240844726562 0.10322380065917969 0.0703125
0.7223072052001953 0.1271686553955078 0.10364913940429688 0.046875
0.6386203765869141 0.11748504638671875 0.10326957702636719 0.140625
0.7507762908935547 0.12461280822753906 0.10117340087890625 0.0234375
0.7323703765869141 0.12062263488769531 0.10013198852539062 0.046875
0.6776828765869141 0.12016677856445312 0.10058784484863281 0.1015625
0.7507762908935547 0.1254444122314453 0.100341796875 0.0234375
0.7223072052001953 0.12697410583496094 0.10384368896484375 0.046875
0.7323703765869141 0.12022209167480469 0.10053253173828125 0.046875
0.6776828765869141 0.11923789978027344 0.1015167236328125 0.1015625
0.7273387908935547 0.12373161315917969 0.10205459594726562 0.046875
0.7195262908935547 0.1250171661376953 0.10076904296875 0.0546875
0.7429637908935547 0.12427520751953125 0.10151100158691406 0.03125
0.7195262908935547 0.1251544952392578 0.1006317138671875 0.0546875
0.7429637908935547 0.12516212463378906 0.10062408447265625 0.03125
0.7429637908935547 0.12345504760742188 0.10233116149902344 0.03125
0.6960887908935547 0.12227058410644531 0.103515625 0.078125
0.7351512908935547 0.12331962585449219 0.10246658325195312 0.0390625
0.7195262908935547 0.12449073791503906 0.10129547119140625 0.0546875
0.6776828765869141 0.11745643615722656 0.10329818725585938 0.1015625
0.6960887908935547 0.12322235107421875 0.10256385803222656 0.078125
0.7429637908935547 0.12557220458984375 0.10021400451660156 0.03125
0.7429637908935547 0.12297248840332031 0.102813720703125 0.03125
0.7273387908935547 0.12291145324707031 0.102874755859375 0.046875
0.6542453765869141 0.11731529235839844 0.1034393310546875 0.125
0.7245559692382812 0.11966705322265625 0.1010894775390625 0.0546875
0.7273387908935547 0.1222381591796875 0.10354804992675781 0.046875
0.6620578765869141 0.11739349365234375 0.10336112976074219 0.1171875
0.7457447052001953 0.1273670196533203 0.10345077514648438 0.0234375
0.6464328765869141 0.1169281005859375 0.10382652282714844 0.1328125
0.7351512908935547 0.12318611145019531 0.10260009765625 0.0390625
0.601806640625 0.11029243469238281 0.10040092468261719 0.1875
0.7301197052001953 0.1267528533935547 0.10406494140625 0.0390625
0.7558078765869141 0.11993980407714844 0.1008148193359375 0.0234375
0.7011203765869141 0.12014198303222656 0.10061264038085938 0.078125
0.6854953765869141 0.1178131103515625 0.10294151306152344 0.09375
0.7245578765869141 0.11915397644042969 0.10160064697265625 0.0546875
0.7167453765869141 0.12058067321777344 0.1001739501953125 0.0625
0.7117137908935547 0.12294387817382812 0.10284233093261719 0.0625
0.7039012908935547 0.12176322937011719 0.10402297973632812 0.0703125
0.7195262908935547 0.12217521667480469 0.10361099243164062 0.0546875
0.7195243835449219 0.12273597717285156 0.10305213928222656 0.0546875
0.7323703765869141 0.12023162841796875 0.10052299499511719 0.046875
0.7351512908935547 0.12229156494140625 0.10349464416503906 0.0390625
0.7167453765869141 0.119476318359375 0.10127830505371094 0.0625
0.7273387908935547 0.12267875671386719 0.10310745239257812 0.046875
0.7429637908935547 0.12452125549316406 0.10126495361328125 0.03125
0.7479953765869141 0.12017250061035156 0.10058212280273438 0.03125
0.7195262908935547 0.12198638916015625 0.10379981994628906 0.0546875
0.7558078765869141 0.12020492553710938 0.10054969787597656 0.0234375
0.6905269622802734 0.11562538146972656 0.10009765625 0.09375
0.7039012908935547 0.12150764465332031 0.104278564453125 0.0703125
0.7245578765869141 0.11818885803222656 0.10256576538085938 0.0546875
0.7273387908935547 0.12174415588378906 0.10404205322265625 0.046875
0.6514644622802734 0.11278724670410156 0.102935791015625 0.1328125
0.7479953765869141 0.11911392211914062 0.10164070129394531 0.03125
0.7558078765869141 0.1181182861328125 0.10263633728027344 0.0234375
0.7401828765869141 0.11997413635253906 0.10078048706054688 0.0390625
0.7167453765869141 0.12004280090332031 0.10071182250976562 0.0625
0.7479953765869141 0.12000465393066406 0.10074996948242188 0.03125
0.7245578765869141 0.1192779541015625 0.10147666931152344 0.0546875
0.7245578765869141 0.11877059936523438 0.10198402404785156 0.0546875
0.7401828765869141 0.12072563171386719 0.10002899169921875 0.0390625
0.6827144622802734 0.11456298828125 0.10116004943847656 0.1015625
0.7061519622802734 0.11530303955078125 0.10041999816894531 0.078125
0.7167453765869141 0.11716079711914062 0.10359382629394531 0.0625
0.7429637908935547 0.12189292907714844 0.10389328002929688 0.03125
0.6592769622802734 0.11243057250976562 0.10329246520996094 0.125
0.7452144622802734 0.11561965942382812 0.10010337829589844 0.0390625
0.7167453765869141 0.1188507080078125 0.10190391540527344 0.0625
0.7479953765869141 0.11928558349609375 0.10146903991699219 0.03125
0.7479953765869141 0.1190643310546875 0.10169029235839844 0.03125
0.7558078765869141 0.11879348754882812 0.10196113586425781 0.0234375
0.7323703765869141 0.11760330200195312 0.10315132141113281 0.046875
0.7167453765869141 0.11668968200683594 0.10406494140625 0.0625
0.656494140625 0.10773849487304688 0.10295486450195312 0.1328125
0.6983394622802734 0.11445999145507812 0.10126304626464844 0.0859375
0.7479953765869141 0.1168670654296875 0.10388755798339844 0.03125
0.6905269622802734 0.11194038391113281 0.10378265380859375 0.09375
0.672119140625 0.10797691345214844 0.10271644592285156 0.1171875
0.7139644622802734 0.11287117004394531 0.10285186767578125 0.0703125
time 30.55
error 10657.814453125
15 self_attn.q_proj
Quantizing the layer self_attn.q_proj ...
0.7608280181884766 0.11535453796386719 0.10037994384765625 0.0234375
0.6302757263183594 0.10297584533691406 0.10268592834472656 0.1640625
0.7530269622802734 0.11366081237792969 0.10206222534179688 0.03125
0.7608394622802734 0.11508750915527344 0.10063552856445312 0.0234375
0.7608375549316406 0.11501502990722656 0.10070991516113281 0.0234375
0.7374019622802734 0.11287879943847656 0.10284423828125 0.046875
0.6302757263183594 0.10209846496582031 0.10356330871582031 0.1640625
0.7374019622802734 0.11433601379394531 0.10138702392578125 0.046875
0.7530269622802734 0.11448478698730469 0.10123825073242188 0.03125
0.7608394622802734 0.11513519287109375 0.10058784484863281 0.0234375
0.7608394622802734 0.11514854431152344 0.10057449340820312 0.0234375
0.7608394622802734 0.11446380615234375 0.10125923156738281 0.0234375
0.7608394622802734 0.11452102661132812 0.10120201110839844 0.0234375
0.6040573120117188 0.09790802001953125 0.10272216796875 0.1953125
0.7608394622802734 0.11489295959472656 0.100830078125 0.0234375
0.7452144622802734 0.11331558227539062 0.10240745544433594 0.0390625
0.7686519622802734 0.1142730712890625 0.10144996643066406 0.015625
0.7686519622802734 0.11395645141601562 0.10176658630371094 0.015625
0.7686519622802734 0.11440849304199219 0.10131454467773438 0.015625
0.7608394622802734 0.11400985717773438 0.10171318054199219 0.0234375
0.7686519622802734 0.11459732055664062 0.10112571716308594 0.015625
0.7686519622802734 0.11377525329589844 0.10194778442382812 0.015625
0.7686519622802734 0.11406135559082031 0.10166168212890625 0.015625
0.718994140625 0.10892105102539062 0.10177230834960938 0.0703125
0.7530269622802734 0.11286163330078125 0.10286140441894531 0.03125
0.7686519622802734 0.11391639709472656 0.101806640625 0.015625
0.7686519622802734 0.11343955993652344 0.10228347778320312 0.015625
0.7686519622802734 0.11334037780761719 0.10238265991210938 0.015625
0.7608394622802734 0.11253929138183594 0.10318374633789062 0.0234375
0.742431640625 0.10917282104492188 0.10152053833007812 0.046875
0.7608394622802734 0.11243057250976562 0.10329246520996094 0.0234375
0.7608394622802734 0.11192703247070312 0.10379600524902344 0.0234375
time 11.38
error 178727.21875
15 self_attn.k_proj
Quantizing the layer self_attn.k_proj ...
0.7658634185791016 0.11039161682128906 0.10030746459960938 0.0234375
0.6615257263183594 0.10201072692871094 0.10365104675292969 0.1328125
0.758056640625 0.10926055908203125 0.10143280029296875 0.03125
0.7686519622802734 0.11232948303222656 0.1033935546875 0.015625
0.7608394622802734 0.11184310913085938 0.10387992858886719 0.0234375
0.726806640625 0.10762405395507812 0.10306930541992188 0.0625
0.742431640625 0.10946846008300781 0.10122489929199219 0.046875
0.750244140625 0.10944557189941406 0.10124778747558594 0.0390625
0.7686519622802734 0.11175727844238281 0.10396575927734375 0.015625
0.7608394622802734 0.11160850524902344 0.10411453247070312 0.0234375
0.7608394622802734 0.11159896850585938 0.10412406921386719 0.0234375
0.758056640625 0.10908889770507812 0.10160446166992188 0.03125
0.765869140625 0.11055946350097656 0.10013389587402344 0.0234375
0.6693382263183594 0.10200881958007812 0.1036529541015625 0.125
0.765869140625 0.10924720764160156 0.10144615173339844 0.0234375
0.734619140625 0.10795021057128906 0.10274314880371094 0.0546875
0.765869140625 0.1092529296875 0.1014404296875 0.0234375
0.773681640625 0.11025428771972656 0.10043907165527344 0.015625
0.773681640625 0.10965156555175781 0.10104179382324219 0.015625
0.773681640625 0.10959243774414062 0.10110092163085938 0.015625
0.773681640625 0.10982322692871094 0.10087013244628906 0.015625
0.773681640625 0.10990142822265625 0.10079193115234375 0.015625
0.773681640625 0.10990715026855469 0.10078620910644531 0.015625
0.750244140625 0.10845184326171875 0.10224151611328125 0.0390625
0.7502422332763672 0.1085357666015625 0.10215950012207031 0.0390625
0.773681640625 0.10976982116699219 0.10092353820800781 0.015625
0.773681640625 0.10940933227539062 0.10128402709960938 0.015625
0.765869140625 0.10847091674804688 0.10222244262695312 0.0234375
0.773681640625 0.10933685302734375 0.10135650634765625 0.015625
0.7396507263183594 0.10508155822753906 0.10058021545410156 0.0546875
0.765869140625 0.10795402526855469 0.10273933410644531 0.0234375
0.765869140625 0.10731887817382812 0.10337448120117188 0.0234375
time 11.28
error 189800.1875
15 self_attn.v_proj
Quantizing the layer self_attn.v_proj ...
0.7250633239746094 0.13393211364746094 0.10194206237792969 0.0390625
0.6151828765869141 0.11874961853027344 0.1020050048828125 0.1640625
0.7485256195068359 0.134613037109375 0.10123634338378906 0.015625
0.7329006195068359 0.13335227966308594 0.10249710083007812 0.03125
0.7144947052001953 0.12998390197753906 0.10083389282226562 0.0546875
0.6229953765869141 0.11838340759277344 0.1023712158203125 0.15625
0.5365257263183594 0.10544776916503906 0.10021400451660156 0.2578125
0.5967769622802734 0.11477851867675781 0.10094451904296875 0.1875
0.4266204833984375 0.08669662475585938 0.10387039184570312 0.3828125
0.7223072052001953 0.13030052185058594 0.10051727294921875 0.046875
0.7301197052001953 0.13068199157714844 0.10013580322265625 0.0390625
0.5443382263183594 0.10492324829101562 0.100738525390625 0.25
0.7329006195068359 0.13241958618164062 0.10342979431152344 0.03125
0.5889644622802734 0.11238670349121094 0.10333633422851562 0.1953125
0.7223072052001953 0.12958908081054688 0.10122871398925781 0.046875
0.6202144622802734 0.11561203002929688 0.10011100769042969 0.1640625
0.7379322052001953 0.1303882598876953 0.10042953491210938 0.03125
0.7223072052001953 0.12904930114746094 0.10176849365234375 0.046875
0.7379322052001953 0.1303234100341797 0.100494384765625 0.03125
0.7379322052001953 0.12872314453125 0.10209465026855469 0.03125
0.7379322052001953 0.12988853454589844 0.10092926025390625 0.03125
0.7379322052001953 0.12980079650878906 0.10101699829101562 0.03125
0.7379322052001953 0.12896156311035156 0.10185623168945312 0.03125
0.5967769622802734 0.11189460754394531 0.10382843017578125 0.1875
0.601806640625 0.11010932922363281 0.10058403015136719 0.1875
0.7379322052001953 0.128753662109375 0.10206413269042969 0.03125
0.7301197052001953 0.12784385681152344 0.10297393798828125 0.0390625
0.6698703765869141 0.11785507202148438 0.10289955139160156 0.109375
0.7457447052001953 0.1280498504638672 0.1027679443359375 0.0234375
0.5493698120117188 0.099700927734375 0.10092926025390625 0.25
0.7273387908935547 0.12364959716796875 0.10213661193847656 0.046875
0.7507762908935547 0.12494277954101562 0.10084342956542969 0.0234375
time 11.38
error 77405.078125
15 self_attn.o_proj
Quantizing the layer self_attn.o_proj ...
0.7328987121582031 0.13407325744628906 0.10177803039550781 0.03125
0.7356815338134766 0.13729476928710938 0.10358619689941406 0.0234375
0.7094631195068359 0.1324024200439453 0.10344696044921875 0.0546875
0.7278690338134766 0.13710403442382812 0.10377693176269531 0.03125
0.7172756195068359 0.1325092315673828 0.10334014892578125 0.046875
0.7094631195068359 0.1336994171142578 0.10214996337890625 0.0546875
0.6570262908935547 0.12209129333496094 0.10369491577148438 0.1171875
0.7329006195068359 0.13401412963867188 0.10183525085449219 0.03125
0.6335887908935547 0.12440299987792969 0.10138320922851562 0.140625
0.7066822052001953 0.13037109375 0.10044670104980469 0.0625
0.6726512908935547 0.125579833984375 0.10020637512207031 0.1015625
0.7250881195068359 0.13195419311523438 0.10389518737792969 0.0390625
0.7250881195068359 0.1340503692626953 0.10179901123046875 0.0390625
0.7094631195068359 0.13228416442871094 0.10356521606445312 0.0546875
0.7144947052001953 0.12802505493164062 0.10279273986816406 0.0546875
0.5599632263183594 0.10508918762207031 0.10057258605957031 0.234375
0.7329006195068359 0.1325855255126953 0.10326385498046875 0.03125
0.6960887908935547 0.12577247619628906 0.10001373291015625 0.078125
0.7172756195068359 0.1328411102294922 0.10300827026367188 0.046875
0.5967769622802734 0.1150360107421875 0.10068702697753906 0.1875
0.6648387908935547 0.12333488464355469 0.10245132446289062 0.109375
0.5415573120117188 0.10025215148925781 0.10037803649902344 0.2578125
0.7172756195068359 0.13223838806152344 0.10361099243164062 0.046875
0.7379322052001953 0.12950515747070312 0.10131263732910156 0.03125
0.7301197052001953 0.1290416717529297 0.101776123046875 0.0390625
0.5967769622802734 0.11369132995605469 0.10203170776367188 0.1875
0.5024948120117188 0.09957122802734375 0.1010589599609375 0.296875
0.7039012908935547 0.12485313415527344 0.10093307495117188 0.0703125
0.7250881195068359 0.1322460174560547 0.10360336303710938 0.0390625
0.7245578765869141 0.11802482604980469 0.10272979736328125 0.0546875
0.7273387908935547 0.12330245971679688 0.10248374938964844 0.046875
0.7351512908935547 0.1215057373046875 0.10428047180175781 0.0390625
time 11.32
error 5415.61328125
15 mlp.gate_proj
Quantizing the layer mlp.gate_proj ...
0.7329009175300598 0.13221776485443115 0.10363131016492844 0.03125
0.6386193633079529 0.119099460542202 0.10165618360042572 0.140625
0.7379320859909058 0.13005030155181885 0.10076761990785599 0.03125
0.7379320859909058 0.13033702969551086 0.10048089921474457 0.03125
0.7407134175300598 0.1323554515838623 0.10349362343549728 0.0234375
0.7223070859909058 0.12928807735443115 0.10152985155582428 0.046875
0.6620575785636902 0.12075095623731613 0.10000397264957428 0.1171875
0.6202136874198914 0.11491784453392029 0.10080594569444656 0.1640625
0.6698700785636902 0.12050610780715942 0.10024882107973099 0.109375
0.7379320859909058 0.13001197576522827 0.10080594569444656 0.03125
0.7379320859909058 0.12979552149772644 0.10102240741252899 0.03125
0.7301195859909058 0.12888212502002716 0.10193581134080887 0.0390625
0.7457445859909058 0.13022418320178986 0.10059374570846558 0.0234375
0.6124011874198914 0.11364603787660599 0.10207775235176086 0.171875
0.7379320859909058 0.12835693359375 0.10246099531650543 0.03125
0.5627455711364746 0.1063942164182663 0.10429772734642029 0.2265625
0.7379320859909058 0.12854784727096558 0.10227008163928986 0.03125
0.7457445859909058 0.12878844141960144 0.10202948749065399 0.0234375
0.7379320859909058 0.12813478708267212 0.10268313437700272 0.03125
0.7457445859909058 0.1290283203125 0.10178960859775543 0.0234375
0.7457445859909058 0.12827886641025543 0.1025390625 0.0234375
0.7379320859909058 0.12785588204860687 0.10296204686164856 0.03125
0.7457445859909058 0.12802407145500183 0.102793850004673 0.0234375
0.6933075785636902 0.12070199102163315 0.10005294531583786 0.0859375
0.6698700785636902 0.11796605587005615 0.10278888046741486 0.109375
0.7457445859909058 0.12737610936164856 0.10344181209802628 0.0234375
0.7351506948471069 0.12484173476696014 0.10094504803419113 0.0390625
0.7117139101028442 0.12203624844551086 0.1037498265504837 0.0625
0.7457445859909058 0.12669336795806885 0.10412455350160599 0.0234375
0.6592761874198914 0.11332028359174728 0.10240350663661957 0.125
0.7429639101028442 0.12404117733240128 0.10174489766359329 0.03125
0.7507764101028442 0.12334069609642029 0.10244537889957428 0.0234375
time 12.95
error 148895.96875
15 mlp.up_proj
Quantizing the layer mlp.up_proj ...
0.7250770926475525 0.13501259684562683 0.10084781795740128 0.0390625
0.6414014101028442 0.12384955585002899 0.10193651914596558 0.1328125
0.6754320859909058 0.12826253473758698 0.10255538672208786 0.09375
0.7329009175300598 0.13574360311031342 0.10010546445846558 0.03125
0.7250884175300598 0.1344306468963623 0.10141842812299728 0.0390625
0.5811511874198914 0.11502429842948914 0.10069949179887772 0.203125
0.6676195859909058 0.12747831642627716 0.10333961993455887 0.1015625
0.6308075785636902 0.120686374604702 0.10006855428218842 0.1484375
0.5733386874198914 0.11241469532251358 0.10330910235643387 0.2109375
0.7329009175300598 0.13442780077457428 0.10142126679420471 0.03125
0.7329009175300598 0.13390474021434784 0.10194432735443115 0.03125
0.44224584102630615 0.08989343047142029 0.10067322850227356 0.3671875
0.7329009175300598 0.13425250351428986 0.10159656405448914 0.03125
0.5967761874198914 0.11466731876134872 0.10105647891759872 0.1875
0.7250884175300598 0.13307438790798187 0.10277468711137772 0.0390625
0.6308075785636902 0.11936560273170471 0.1013893336057663 0.1484375
0.7329009175300598 0.13344556093215942 0.10240350663661957 0.03125
0.7329009175300598 0.13259178400039673 0.10325729101896286 0.03125
0.7066820859909058 0.12874513864517212 0.10207278281450272 0.0625
0.7329009175300598 0.132253959774971 0.10359511524438858 0.03125
0.7329009175300598 0.13236325979232788 0.10348581522703171 0.03125
0.7329009175300598 0.13227525353431702 0.10357382148504257 0.03125
0.7379320859909058 0.13073162734508514 0.10008630156517029 0.03125
0.6620575785636902 0.12065728008747101 0.10009765625 0.1171875
0.6464325785636902 0.11836419999599457 0.10239072889089584 0.1328125
0.7457445859909058 0.1307373046875 0.10008062422275543 0.0234375
0.7379320859909058 0.1297493875026703 0.10106854140758514 0.03125
0.7039014101028442 0.12451101094484329 0.10127506405115128 0.0703125
0.7457445859909058 0.12947259843349457 0.10134533047676086 0.0234375
0.6620575785636902 0.11814276874065399 0.10261216014623642 0.1171875
0.7273389101028442 0.12554363906383514 0.10024243593215942 0.046875
0.7457445859909058 0.1273903101682663 0.10342761874198914 0.0234375
time 12.73
error 141153.8125
15 mlp.down_proj
Quantizing the layer mlp.down_proj ...
0.7585830688476562 0.12569618225097656 0.10009574890136719 0.015625
0.6698703765869141 0.12006568908691406 0.10068893432617188 0.109375
0.7089309692382812 0.11805152893066406 0.10270500183105469 0.0703125
0.7167453765869141 0.12058830261230469 0.10016632080078125 0.0625
0.7351512908935547 0.12204933166503906 0.10373687744140625 0.0390625
0.6776828765869141 0.11933326721191406 0.10142135620117188 0.1015625
0.7273387908935547 0.12299537658691406 0.10279083251953125 0.046875
0.6308078765869141 0.11676216125488281 0.10399246215820312 0.1484375
0.6358394622802734 0.11550140380859375 0.10022163391113281 0.1484375
0.7429637908935547 0.12420272827148438 0.10158348083496094 0.03125
0.7245578765869141 0.12049293518066406 0.10026168823242188 0.0546875
0.7479953765869141 0.1206817626953125 0.10007286071777344 0.03125
0.7351512908935547 0.12279129028320312 0.10299491882324219 0.0390625
0.6620578765869141 0.11754608154296875 0.10320854187011719 0.1171875
0.6933078765869141 0.1202392578125 0.10051536560058594 0.0859375
0.7245578765869141 0.11963844299316406 0.10111618041992188 0.0546875
0.7429637908935547 0.12549591064453125 0.10029029846191406 0.03125
0.7195262908935547 0.12182044982910156 0.10396575927734375 0.0546875
0.6960887908935547 0.12346649169921875 0.10231971740722656 0.078125
0.7195262908935547 0.12361717224121094 0.10216903686523438 0.0546875
0.6542453765869141 0.11855316162109375 0.10220146179199219 0.125
0.7401828765869141 0.11963653564453125 0.10111808776855469 0.0390625
0.6358394622802734 0.11535453796386719 0.10036849975585938 0.1484375
0.7507762908935547 0.12520790100097656 0.10057830810546875 0.0234375
0.7167453765869141 0.11936569213867188 0.10138893127441406 0.0625
0.6124019622802734 0.11293411254882812 0.10278892517089844 0.171875
0.7011203765869141 0.12003135681152344 0.1007232666015625 0.078125
0.7245578765869141 0.12063026428222656 0.10012435913085938 0.0546875
0.7535572052001953 0.12778091430664062 0.10303688049316406 0.015625
0.6620578765869141 0.11732673645019531 0.10342788696289062 0.1171875
0.6776828765869141 0.11844825744628906 0.10230636596679688 0.1015625
0.7429637908935547 0.12512969970703125 0.10065650939941406 0.03125
0.6854953765869141 0.11868476867675781 0.10206985473632812 0.09375
0.7636203765869141 0.12047386169433594 0.10028076171875 0.015625
0.7429637908935547 0.12271308898925781 0.1030731201171875 0.03125
0.7479953765869141 0.11993026733398438 0.10082435607910156 0.03125
0.7401828765869141 0.11910629272460938 0.10164833068847656 0.0390625
0.7089328765869141 0.11978721618652344 0.1009674072265625 0.0703125
0.7245578765869141 0.11699295043945312 0.10376167297363281 0.0546875
0.7245578765869141 0.12001228332519531 0.10074234008789062 0.0546875
0.7273387908935547 0.12358856201171875 0.10219764709472656 0.046875
0.7089328765869141 0.11935615539550781 0.10139846801757812 0.0703125
0.7585887908935547 0.12348175048828125 0.10230445861816406 0.015625
0.7401828765869141 0.12022209167480469 0.10053253173828125 0.0390625
0.7089328765869141 0.11931037902832031 0.10144424438476562 0.0703125
0.7245578765869141 0.12048530578613281 0.10026931762695312 0.0546875
0.7245578765869141 0.120513916015625 0.10024070739746094 0.0546875
0.6933078765869141 0.11883544921875 0.10191917419433594 0.0859375
0.7011203765869141 0.11697578430175781 0.10377883911132812 0.078125
0.7479953765869141 0.12000465393066406 0.10074996948242188 0.03125
0.7479953765869141 0.12007522583007812 0.10067939758300781 0.03125
0.7323703765869141 0.12021255493164062 0.10054206848144531 0.046875
0.7245578765869141 0.12029457092285156 0.10046005249023438 0.0546875
0.7089328765869141 0.119415283203125 0.10133934020996094 0.0703125
0.7323684692382812 0.12008476257324219 0.10067176818847656 0.046875
0.7429637908935547 0.12378692626953125 0.10199928283691406 0.03125
0.7323703765869141 0.11862945556640625 0.10212516784667969 0.046875
0.7401809692382812 0.12035942077636719 0.10039710998535156 0.0390625
0.7089328765869141 0.11876296997070312 0.10199165344238281 0.0703125
0.7245578765869141 0.12013626098632812 0.10061836242675781 0.0546875
0.6933078765869141 0.11751174926757812 0.10324287414550781 0.0859375
0.7089328765869141 0.11783409118652344 0.1029205322265625 0.0703125
0.7245578765869141 0.11794090270996094 0.102813720703125 0.0546875
0.7429637908935547 0.12265205383300781 0.1031341552734375 0.03125
0.7295894622802734 0.11561393737792969 0.10010910034179688 0.0546875
0.7167453765869141 0.11924552917480469 0.10150909423828125 0.0625
0.7011203765869141 0.11844444274902344 0.1023101806640625 0.078125
0.664306640625 0.11035919189453125 0.10033416748046875 0.125
0.7479934692382812 0.11917686462402344 0.10157966613769531 0.03125
0.6827144622802734 0.11339759826660156 0.102325439453125 0.1015625
0.7401828765869141 0.11891365051269531 0.10184097290039062 0.0390625
0.7295894622802734 0.11525154113769531 0.10047149658203125 0.0546875
0.7217769622802734 0.11568832397460938 0.10003471374511719 0.0625
0.648681640625 0.10816764831542969 0.10252571105957031 0.140625
0.7245578765869141 0.11781501770019531 0.10293960571289062 0.0546875
0.7245578765869141 0.11701393127441406 0.10374069213867188 0.0546875
0.7479953765869141 0.11934852600097656 0.10140609741210938 0.03125
0.7374019622802734 0.11199378967285156 0.103729248046875 0.046875
0.7139644622802734 0.11435508728027344 0.10136795043945312 0.0703125
0.656494140625 0.10756492614746094 0.10312843322753906 0.1328125
0.7374019622802734 0.11347198486328125 0.10225105285644531 0.046875
0.7295894622802734 0.11208915710449219 0.10363388061523438 0.0546875
0.7374019622802734 0.11382484436035156 0.101898193359375 0.046875
0.7479953765869141 0.11867523193359375 0.10207939147949219 0.03125
0.7452144622802734 0.11371994018554688 0.10200309753417969 0.0390625
0.7374019622802734 0.11254310607910156 0.103179931640625 0.046875
time 30.35
error 13886.826171875
16 self_attn.q_proj
Quantizing the layer self_attn.q_proj ...
0.760833740234375 0.11416816711425781 0.10156059265136719 0.0234375
0.6459007263183594 0.10215568542480469 0.10350608825683594 0.1484375
0.7530269622802734 0.11316490173339844 0.10255813598632812 0.03125
0.7608394622802734 0.11311721801757812 0.10260581970214844 0.0234375
0.7530269622802734 0.11319732666015625 0.10252571105957031 0.03125
0.6615257263183594 0.10331535339355469 0.10234642028808594 0.1328125
0.6537132263183594 0.10253715515136719 0.10312461853027344 0.140625
0.7374019622802734 0.1120147705078125 0.10370826721191406 0.046875
0.7530250549316406 0.11300277709960938 0.10272216796875 0.03125
0.7608394622802734 0.11344528198242188 0.10227775573730469 0.0234375
0.7608394622802734 0.11310958862304688 0.10261344909667969 0.0234375
0.7530269622802734 0.11227989196777344 0.10344314575195312 0.03125
0.7608394622802734 0.11336517333984375 0.10235786437988281 0.0234375
0.5778388977050781 0.09367179870605469 0.10192680358886719 0.2265625
0.7608394622802734 0.11263656616210938 0.10308647155761719 0.0234375
0.7530269622802734 0.111663818359375 0.10405921936035156 0.03125
0.7686519622802734 0.11282157897949219 0.10290145874023438 0.015625
0.7686519622802734 0.11208534240722656 0.1036376953125 0.015625
0.7686519622802734 0.11286354064941406 0.1028594970703125 0.015625
0.7608394622802734 0.11281776428222656 0.1029052734375 0.0234375
0.7686519622802734 0.11290168762207031 0.10282135009765625 0.015625
0.7686519622802734 0.11264801025390625 0.10307502746582031 0.015625
0.7686519622802734 0.11272811889648438 0.10299491882324219 0.015625
0.6849613189697266 0.10369110107421875 0.10197257995605469 0.109375
0.750244140625 0.10991477966308594 0.10077857971191406 0.0390625
0.773681640625 0.11067008972167969 0.10002326965332031 0.015625
0.7686519622802734 0.11182403564453125 0.10389900207519531 0.015625
0.7686519622802734 0.11245346069335938 0.10326957702636719 0.015625
0.765869140625 0.11011695861816406 0.10057640075683594 0.0234375
0.6587448120117188 0.09917640686035156 0.10145378112792969 0.140625
0.765869140625 0.10958290100097656 0.10111045837402344 0.0234375
0.765869140625 0.10886955261230469 0.10182380676269531 0.0234375
time 11.22
error 184742.53125
16 self_attn.k_proj
Quantizing the layer self_attn.k_proj ...
0.7658519744873047 0.10853385925292969 0.10217666625976562 0.0234375
0.6587448120117188 0.09819793701171875 0.1024322509765625 0.140625
0.758056640625 0.10761833190917969 0.10307502746582031 0.03125
0.765869140625 0.10795402526855469 0.10273933410644531 0.0234375
0.765869140625 0.10898017883300781 0.10171318054199219 0.0234375
0.6927757263183594 0.10216140747070312 0.1035003662109375 0.1015625
0.7396507263183594 0.10561561584472656 0.10004615783691406 0.0546875
0.750244140625 0.10767173767089844 0.10302162170410156 0.0390625
0.773681640625 0.10906410217285156 0.10162925720214844 0.015625
0.765869140625 0.10805320739746094 0.10264015197753906 0.0234375
0.773681640625 0.10796737670898438 0.10272598266601562 0.015625
0.758056640625 0.10750198364257812 0.10319137573242188 0.03125
0.765869140625 0.10794639587402344 0.10274696350097656 0.0234375
0.734619140625 0.10697174072265625 0.10372161865234375 0.0546875
0.765869140625 0.10844802856445312 0.10224533081054688 0.0234375
0.7396507263183594 0.10556602478027344 0.10009574890136719 0.0546875
0.765869140625 0.10751533508300781 0.10317802429199219 0.0234375
0.773681640625 0.1083526611328125 0.1023406982421875 0.015625
0.773681640625 0.10765647888183594 0.10303688049316406 0.015625
0.773681640625 0.10788917541503906 0.10280418395996094 0.015625
0.773681640625 0.10795021057128906 0.10274314880371094 0.015625
0.773681640625 0.10750389099121094 0.10318946838378906 0.015625
0.773681640625 0.10765647888183594 0.10303688049316406 0.015625
0.7396507263183594 0.10370445251464844 0.10195732116699219 0.0546875
0.750244140625 0.10682868957519531 0.10386466979980469 0.0390625
0.773681640625 0.1073455810546875 0.1033477783203125 0.015625
0.773681640625 0.10787582397460938 0.10281753540039062 0.015625
0.765869140625 0.10675048828125 0.10394287109375 0.0234375
0.773681640625 0.1073150634765625 0.1033782958984375 0.015625
0.7396507263183594 0.10301399230957031 0.10264778137207031 0.0546875
0.7630882263183594 0.10541915893554688 0.10024261474609375 0.03125
0.7709007263183594 0.10484123229980469 0.10082054138183594 0.0234375
time 11.23
error 192840.6875
16 self_attn.v_proj
Quantizing the layer self_attn.v_proj ...
0.7250766754150391 0.13381004333496094 0.10205078125 0.0390625
0.6648387908935547 0.1251659393310547 0.10062026977539062 0.109375
0.7485256195068359 0.13497352600097656 0.1008758544921875 0.015625
0.7250881195068359 0.13334274291992188 0.10250663757324219 0.0390625
0.7329006195068359 0.13440704345703125 0.10144233703613281 0.03125
0.6754322052001953 0.1270904541015625 0.10372734069824219 0.09375
0.6151828765869141 0.11737442016601562 0.10338020324707031 0.1640625
0.6073703765869141 0.116912841796875 0.10384178161621094 0.171875
0.6202144622802734 0.11569595336914062 0.10002708435058594 0.1640625
0.6910572052001953 0.1273937225341797 0.103424072265625 0.078125
0.7329006195068359 0.13301658630371094 0.10283279418945312 0.03125
0.6202144622802734 0.11504364013671875 0.10067939758300781 0.1640625
0.7329006195068359 0.1329212188720703 0.10292816162109375 0.03125
0.6570262908935547 0.12272071838378906 0.10306549072265625 0.1171875
0.7250881195068359 0.131744384765625 0.10410499572753906 0.0390625
0.6124019622802734 0.11540603637695312 0.10031700134277344 0.171875
0.7301197052001953 0.13046646118164062 0.10035133361816406 0.0390625
0.7223072052001953 0.12932395935058594 0.10149383544921875 0.046875
0.7223072052001953 0.12898826599121094 0.10182952880859375 0.046875
0.7379322052001953 0.13028717041015625 0.10053062438964844 0.03125
0.7379322052001953 0.12969017028808594 0.10112762451171875 0.03125
0.7379322052001953 0.1298999786376953 0.10091781616210938 0.03125
0.7379322052001953 0.12978363037109375 0.10103416442871094 0.03125
0.6202144622802734 0.11308097839355469 0.10264205932617188 0.1640625
0.6124019622802734 0.11302375793457031 0.10269927978515625 0.171875
0.7379322052001953 0.12842941284179688 0.10238838195800781 0.03125
0.7223072052001953 0.1266155242919922 0.1042022705078125 0.046875
0.6960887908935547 0.12243080139160156 0.10335540771484375 0.078125
0.7457447052001953 0.12813377380371094 0.10268402099609375 0.0234375
0.6514644622802734 0.11435317993164062 0.10136985778808594 0.1328125
0.7351512908935547 0.124847412109375 0.10093879699707031 0.0390625
0.7507762908935547 0.12536048889160156 0.10042572021484375 0.0234375
time 10.99
error 88327.984375
16 self_attn.o_proj
Quantizing the layer self_attn.o_proj ...
0.4634113311767578 0.096923828125 0.10372734069824219 0.3359375
0.6257762908935547 0.12287139892578125 0.10291481018066406 0.1484375
0.7329006195068359 0.13558197021484375 0.10026741027832031 0.03125
0.47124481201171875 0.09869003295898438 0.10194015502929688 0.328125
0.7172756195068359 0.13265228271484375 0.10319709777832031 0.046875
0.7016506195068359 0.13179588317871094 0.10405349731445312 0.0625
0.6726512908935547 0.12335205078125 0.10243415832519531 0.1015625
0.7172756195068359 0.13458824157714844 0.10126113891601562 0.046875
0.6676197052001953 0.12787246704101562 0.10294532775878906 0.1015625
0.7094631195068359 0.13187408447265625 0.10397529602050781 0.0546875
0.7329006195068359 0.1333637237548828 0.10248565673828125 0.03125
0.7329006195068359 0.13541603088378906 0.100433349609375 0.03125
0.7407131195068359 0.13435935974121094 0.10149002075195312 0.0234375
0.7172756195068359 0.13298606872558594 0.10286331176757812 0.046875
0.6519947052001953 0.1268157958984375 0.10400199890136719 0.1171875
0.7250881195068359 0.13434219360351562 0.10150718688964844 0.0390625
0.7250881195068359 0.13404083251953125 0.10180854797363281 0.0390625
0.7066822052001953 0.1289386749267578 0.10187911987304688 0.0625
0.6386203765869141 0.1205291748046875 0.10022544860839844 0.140625
0.7094631195068359 0.13313865661621094 0.10271072387695312 0.0546875
0.6620578765869141 0.11948013305664062 0.10127449035644531 0.1171875
0.7301197052001953 0.12891769409179688 0.10190010070800781 0.0390625
0.6726512908935547 0.12471771240234375 0.10106849670410156 0.1015625
0.7429637908935547 0.12527847290039062 0.10050773620605469 0.03125
0.7457447052001953 0.1303272247314453 0.10049057006835938 0.0234375
0.7273387908935547 0.122772216796875 0.10301399230957031 0.046875
0.7195262908935547 0.12137413024902344 0.10441207885742188 0.0546875
0.6776828765869141 0.12064743041992188 0.10010719299316406 0.1015625
0.7401828765869141 0.11799812316894531 0.10275650024414062 0.0390625
0.7066822052001953 0.1306324005126953 0.10018539428710938 0.0625
0.7066822052001953 0.1279296875 0.10288810729980469 0.0625
0.7323703765869141 0.12000465393066406 0.10074996948242188 0.046875
time 11.08
error 7076.75390625
16 mlp.gate_proj
Quantizing the layer mlp.gate_proj ...
0.732879638671875 0.13274294137954712 0.10312741249799728 0.03125
0.6570256948471069 0.12320443242788315 0.10258235782384872 0.1171875
0.7329009175300598 0.13201051950454712 0.10383854061365128 0.03125
0.7407134175300598 0.13268758356571198 0.10316147655248642 0.0234375
0.7407134175300598 0.13277843594551086 0.10307063907384872 0.0234375
0.6308075785636902 0.11796250194311142 0.10279242694377899 0.1484375
0.6804639101028442 0.12440597265958786 0.10138010233640671 0.09375
0.6804639101028442 0.12411144375801086 0.1016746312379837 0.09375
0.518121063709259 0.10018423944711685 0.10044470429420471 0.28125
0.7223070859909058 0.12929943203926086 0.10151849687099457 0.046875
0.7379320859909058 0.13021565973758698 0.10060226172208786 0.03125
0.6804639101028442 0.12364587187767029 0.10214020311832428 0.09375
0.7457445859909058 0.13070394098758698 0.10011398047208786 0.0234375
0.6045886874198914 0.11318118125200272 0.10254260897636414 0.1796875
0.7379320859909058 0.12943072617053986 0.10138720273971558 0.03125
0.5287141799926758 0.10187689960002899 0.10378389805555344 0.265625
0.7301195859909058 0.128183051943779 0.10263486951589584 0.0390625
0.7379320859909058 0.12879127264022827 0.10202664881944656 0.03125
0.7301195859909058 0.12763728201389313 0.10318063944578171 0.0390625
0.7457445859909058 0.1295272409915924 0.10129068046808243 0.0234375
0.7457445859909058 0.12899495661258698 0.10182296484708786 0.0234375
0.7379320859909058 0.12822777032852173 0.1025901585817337 0.03125
0.7457445859909058 0.12853151559829712 0.10228640586137772 0.0234375
0.7039006948471069 0.12339676171541214 0.10239002108573914 0.0703125
0.6960889101028442 0.12222076952457428 0.10356530547142029 0.078125
0.7457445859909058 0.12772883474826813 0.10308908671140671 0.0234375
0.7379320859909058 0.12713764607906342 0.10368027538061142 0.03125
0.7273381948471069 0.12388575077056885 0.10190103203058243 0.046875
0.7507764101028442 0.1253555715084076 0.10043051093816757 0.0234375
0.7117139101028442 0.12164590507745743 0.10414016991853714 0.0625
0.7429631948471069 0.12445990741252899 0.10132687538862228 0.03125
0.7507764101028442 0.12347695976495743 0.10230911523103714 0.0234375
time 12.80
error 165834.96875
16 mlp.up_proj
Quantizing the layer mlp.up_proj ...
0.7172716856002808 0.13485433161258698 0.10099899023771286 0.046875
0.5917450785636902 0.11785178631544113 0.10290314257144928 0.1875
0.7094634175300598 0.13345478475093842 0.10239428281784058 0.0546875
0.7172759175300598 0.13442780077457428 0.10142126679420471 0.046875
0.7329009175300598 0.13563573360443115 0.10021334141492844 0.03125
0.6676195859909058 0.1278069019317627 0.10301101952791214 0.1015625
0.48965170979499817 0.10149791836738586 0.10416287928819656 0.3046875
0.5889636874198914 0.11519534140825272 0.10052844882011414 0.1953125
0.5314955711364746 0.10638995468616486 0.10430198162794113 0.2578125
0.4450272023677826 0.09205520898103714 0.10354259610176086 0.359375
0.7250877022743225 0.13365989923477173 0.10218988358974457 0.0390625
0.6229950785636902 0.11875312030315399 0.10200180858373642 0.15625
0.7329009175300598 0.13400977849960327 0.10183928906917572 0.03125
0.5733386874198914 0.11209177225828171 0.10363201797008514 0.2109375
0.7172759175300598 0.13216595351696014 0.10368311405181885 0.046875
0.5471205711364746 0.10823733359575272 0.10245461016893387 0.2421875
0.7250884175300598 0.13299275934696198 0.10285630077123642 0.0390625
0.7223070859909058 0.13032282888889313 0.10049509257078171 0.046875
0.7066820859909058 0.12856274843215942 0.10225518047809601 0.0625
0.5365266799926758 0.10389461368322372 0.1017661839723587 0.2578125
0.7329009175300598 0.1327010691165924 0.10314799100160599 0.03125
0.7301195859909058 0.13069401681423187 0.10012391209602356 0.0390625
0.7329009175300598 0.1323036402463913 0.10354543477296829 0.03125
0.6202136874198914 0.11487454921007156 0.10084924101829529 0.1640625
0.5967761874198914 0.11148355156183243 0.10424023866653442 0.1875
0.7379320859909058 0.13058613240718842 0.10023178905248642 0.03125
0.6124011874198914 0.11244805157184601 0.10327573865652084 0.171875
0.6726514101028442 0.12157848477363586 0.1042075902223587 0.1015625
0.7457445859909058 0.12937110662460327 0.10144681483507156 0.0234375
0.5443391799926758 0.10071155428886414 0.10494924336671829 0.25
0.7273389101028442 0.125192329287529 0.10059374570846558 0.046875
0.7457445859909058 0.1270028054714203 0.10381512343883514 0.0234375
time 12.76
error 153496.75
16 mlp.down_proj
Quantizing the layer mlp.down_proj ...
0.7479953765869141 0.11767578125 0.10307884216308594 0.03125
0.6698703765869141 0.11943435668945312 0.10132026672363281 0.109375
0.7167453765869141 0.12041854858398438 0.10033607482910156 0.0625
0.7351512908935547 0.12526512145996094 0.10052108764648438 0.0390625
0.7167453765869141 0.11854743957519531 0.10220718383789062 0.0625
0.6620578765869141 0.11821556091308594 0.1025390625 0.1171875
0.6698703765869141 0.11849212646484375 0.10226249694824219 0.109375
0.7351512908935547 0.12394332885742188 0.10184288024902344 0.0390625
0.7379322052001953 0.12735366821289062 0.10346412658691406 0.03125
0.7117137908935547 0.12299346923828125 0.10279273986816406 0.0625
0.7195262908935547 0.12566184997558594 0.10012435913085938 0.0546875
0.7429637908935547 0.124664306640625 0.10112190246582031 0.03125
0.7507743835449219 0.12403297424316406 0.10175514221191406 0.0234375
0.7273387908935547 0.12266921997070312 0.10311698913574219 0.046875
0.6854953765869141 0.11941337585449219 0.10134124755859375 0.09375
0.7429637908935547 0.12294578552246094 0.10284042358398438 0.03125
0.6776828765869141 0.1201171875 0.10063743591308594 0.1015625
0.7195262908935547 0.12214279174804688 0.10364341735839844 0.0546875
0.7323703765869141 0.12059783935546875 0.10015678405761719 0.046875
0.7195262908935547 0.12305259704589844 0.10273361206054688 0.0546875
0.7195262908935547 0.12262344360351562 0.10316276550292969 0.0546875
0.7195262908935547 0.12315559387207031 0.102630615234375 0.0546875
0.7039012908935547 0.12300872802734375 0.10277748107910156 0.0703125
0.7273387908935547 0.12255287170410156 0.10323333740234375 0.046875
0.7089328765869141 0.12043571472167969 0.10031890869140625 0.0703125
0.6960887908935547 0.12273788452148438 0.10304832458496094 0.078125
0.7323703765869141 0.12047576904296875 0.10027885437011719 0.046875
0.7117118835449219 0.12216377258300781 0.10362434387207031 0.0625
0.7273387908935547 0.12403106689453125 0.10175514221191406 0.046875
0.7273387908935547 0.12188720703125 0.10389900207519531 0.046875
0.5181198120117188 0.09687042236328125 0.103759765625 0.28125
0.7167453765869141 0.11835670471191406 0.10239791870117188 0.0625
0.7245578765869141 0.12039375305175781 0.10036087036132812 0.0546875
0.7585887908935547 0.12403106689453125 0.10175514221191406 0.015625
0.7167453765869141 0.11939239501953125 0.10136222839355469 0.0625
0.7245578765869141 0.12053298950195312 0.10022163391113281 0.0546875
0.7401828765869141 0.11880874633789062 0.10194587707519531 0.0390625
0.7323703765869141 0.1191558837890625 0.10159873962402344 0.046875
0.7636203765869141 0.12042427062988281 0.10033035278320312 0.015625
0.7323703765869141 0.1198272705078125 0.10092735290527344 0.046875
0.7507762908935547 0.1252613067626953 0.10052490234375 0.0234375
0.7429637908935547 0.12215042114257812 0.10363578796386719 0.03125
0.6436519622802734 0.11412239074707031 0.10160064697265625 0.140625
0.640869140625 0.11052131652832031 0.10017204284667969 0.1484375
0.7195262908935547 0.12216758728027344 0.10361862182617188 0.0546875
0.7374019622802734 0.11521148681640625 0.10051155090332031 0.046875
0.6827144622802734 0.11377906799316406 0.1019439697265625 0.1015625
0.7245578765869141 0.11792564392089844 0.1028289794921875 0.0546875
0.7479953765869141 0.1177825927734375 0.10297203063964844 0.03125
0.7011203765869141 0.12034416198730469 0.10041046142578125 0.078125
0.7401828765869141 0.11973190307617188 0.10102272033691406 0.0390625
0.7401828765869141 0.12018966674804688 0.10056495666503906 0.0390625
0.7479953765869141 0.12019157409667969 0.10056304931640625 0.03125
0.6514644622802734 0.11444473266601562 0.10127830505371094 0.1328125
0.7323703765869141 0.12013626098632812 0.10061836242675781 0.046875
0.7011203765869141 0.11712265014648438 0.10363197326660156 0.078125
0.7167453765869141 0.1198577880859375 0.10089683532714844 0.0625
0.7401828765869141 0.11896705627441406 0.10178756713867188 0.0390625
0.7323703765869141 0.11857032775878906 0.10218429565429688 0.046875
0.7351512908935547 0.12303543090820312 0.10275077819824219 0.0390625
0.7608394622802734 0.114105224609375 0.10161781311035156 0.0234375
0.7479953765869141 0.12038040161132812 0.10037422180175781 0.03125
0.6983394622802734 0.1138916015625 0.10183143615722656 0.0859375
0.7323703765869141 0.11989784240722656 0.10085678100585938 0.046875
0.7479953765869141 0.11966133117675781 0.10109329223632812 0.03125
0.640869140625 0.10811424255371094 0.10257911682128906 0.1484375
0.7245578765869141 0.11982536315917969 0.10092926025390625 0.0546875
0.7636203765869141 0.11949729919433594 0.10125732421875 0.015625
0.7401828765869141 0.12048530578613281 0.10026931762695312 0.0390625
0.7245578765869141 0.11946678161621094 0.101287841796875 0.0546875
0.7401828765869141 0.11890602111816406 0.10184860229492188 0.0390625
0.7245578765869141 0.1178131103515625 0.10294151306152344 0.0546875
0.6905269622802734 0.11340141296386719 0.10232162475585938 0.09375
0.7558078765869141 0.11932563781738281 0.10142898559570312 0.0234375
0.7479953765869141 0.11952018737792969 0.10123443603515625 0.03125
0.7452144622802734 0.11441993713378906 0.1013031005859375 0.0390625
0.7323703765869141 0.11825180053710938 0.10250282287597656 0.046875
0.7401828765869141 0.1178436279296875 0.10291099548339844 0.0390625
0.7452144622802734 0.11447906494140625 0.10124397277832031 0.0390625
0.7530269622802734 0.11550521850585938 0.10021781921386719 0.03125
0.7479953765869141 0.11867332458496094 0.102081298828125 0.03125
0.7167453765869141 0.11682319641113281 0.10393142700195312 0.0625
0.7558078765869141 0.11774253845214844 0.1030120849609375 0.0234375
0.7295894622802734 0.11302757263183594 0.10269546508789062 0.0546875
0.7295894622802734 0.11339187622070312 0.10233116149902344 0.0546875
0.7608394622802734 0.11314773559570312 0.10257530212402344 0.0234375
time 30.67
error 17682.64453125
17 self_attn.q_proj
Quantizing the layer self_attn.q_proj ...
0.7557945251464844 0.11792373657226562 0.10284423828125 0.0234375
0.4969329833984375 0.0872344970703125 0.10333251953125 0.3125
0.7479953765869141 0.11728858947753906 0.10346603393554688 0.03125
0.7636203765869141 0.1174468994140625 0.10330772399902344 0.015625
0.7530269622802734 0.11522293090820312 0.10050010681152344 0.03125
0.7295894622802734 0.11428070068359375 0.10144233703613281 0.0546875
0.5962448120117188 0.09920310974121094 0.10142707824707031 0.203125
0.7374019622802734 0.11506462097167969 0.10065841674804688 0.046875
0.7558059692382812 0.11678886413574219 0.10396766662597656 0.0234375
0.7608394622802734 0.11533737182617188 0.10038566589355469 0.0234375
0.7558078765869141 0.11713600158691406 0.10361862182617188 0.0234375
0.7530269622802734 0.11426544189453125 0.10145759582519531 0.03125
0.7558078765869141 0.11679649353027344 0.1039581298828125 0.0234375
0.6224632263183594 0.10132217407226562 0.104339599609375 0.171875
0.7558078765869141 0.11668777465820312 0.10406684875488281 0.0234375
0.7217769622802734 0.11244583129882812 0.10327720642089844 0.0625
0.7636203765869141 0.11708831787109375 0.10366630554199219 0.015625
0.7686519622802734 0.11521720886230469 0.10050582885742188 0.015625
0.7686519622802734 0.11497688293457031 0.10074615478515625 0.015625
0.7608394622802734 0.11486625671386719 0.10085678100585938 0.0234375
0.7686519622802734 0.11559867858886719 0.10012435913085938 0.015625
0.7686519622802734 0.11544418334960938 0.10027885437011719 0.015625
0.7686519622802734 0.1154937744140625 0.10022926330566406 0.015625
0.5125579833984375 0.08558464050292969 0.10498237609863281 0.296875
0.7452144622802734 0.11341476440429688 0.10230827331542969 0.0390625
0.7686519622802734 0.11415481567382812 0.10156822204589844 0.015625
0.7686519622802734 0.11525344848632812 0.10046958923339844 0.015625
0.7686519622802734 0.11386680603027344 0.10185623168945312 0.015625
0.7608394622802734 0.11328697204589844 0.10243606567382812 0.0234375
0.5594329833984375 0.0894775390625 0.1010894775390625 0.25
0.7608394622802734 0.11285781860351562 0.10286521911621094 0.0234375
0.7608394622802734 0.11196136474609375 0.10376167297363281 0.0234375
time 11.42
error 181351.3125
17 self_attn.k_proj
Quantizing the layer self_attn.k_proj ...
0.7608356475830078 0.11384201049804688 0.10188484191894531 0.0234375
0.687744140625 0.10772895812988281 0.10296440124511719 0.1015625
0.7530269622802734 0.11270904541015625 0.10301399230957031 0.03125
0.7686519622802734 0.11407279968261719 0.10165023803710938 0.015625
0.7608394622802734 0.11393356323242188 0.10178947448730469 0.0234375
0.711181640625 0.1093292236328125 0.1013641357421875 0.078125
0.7374019622802734 0.11199569702148438 0.10372734069824219 0.046875
0.7452144622802734 0.11190223693847656 0.10382080078125 0.0390625
0.7686519622802734 0.11400032043457031 0.10172271728515625 0.015625
0.7608394622802734 0.11381721496582031 0.10190582275390625 0.0234375
0.7686519622802734 0.11465644836425781 0.10106658935546875 0.015625
0.7530269622802734 0.1128692626953125 0.10285377502441406 0.03125
0.7608394622802734 0.11344718933105469 0.10227584838867188 0.0234375
0.5856513977050781 0.09419059753417969 0.10140800476074219 0.21875
0.7608394622802734 0.11377716064453125 0.10194587707519531 0.0234375
0.711181640625 0.10815811157226562 0.10253524780273438 0.078125
0.7608394622802734 0.11280441284179688 0.10291862487792969 0.0234375
0.7686519622802734 0.11297416687011719 0.10274887084960938 0.015625
0.7686519622802734 0.11257171630859375 0.10315132141113281 0.015625
0.7686519622802734 0.11222267150878906 0.1035003662109375 0.015625
0.7686519622802734 0.11308479309082031 0.10263824462890625 0.015625
0.7686519622802734 0.11371231079101562 0.10201072692871094 0.015625
0.7686500549316406 0.11215972900390625 0.10356521606445312 0.015625
0.6771507263183594 0.10278129577636719 0.10288047790527344 0.1171875
0.734619140625 0.107940673828125 0.102752685546875 0.0546875
0.7686519622802734 0.11166191101074219 0.10406112670898438 0.015625
0.7686519622802734 0.11221504211425781 0.10350799560546875 0.015625
0.765869140625 0.10992050170898438 0.10077285766601562 0.0234375
0.765869140625 0.11022186279296875 0.10047149658203125 0.0234375
0.5934638977050781 0.09183692932128906 0.10376167297363281 0.2109375
0.758056640625 0.10889816284179688 0.10179519653320312 0.03125
0.765869140625 0.10857200622558594 0.10212135314941406 0.0234375
time 11.27
error 188216.453125
17 self_attn.v_proj
Quantizing the layer self_attn.v_proj ...
0.7328968048095703 0.13519668579101562 0.10065650939941406 0.03125
0.6754322052001953 0.1285839080810547 0.10223388671875 0.09375
0.7407131195068359 0.13500595092773438 0.10084342956542969 0.0234375
0.7250881195068359 0.13389205932617188 0.10195732116699219 0.0390625
0.7329006195068359 0.13449859619140625 0.10135078430175781 0.03125
0.6492137908935547 0.12355422973632812 0.10223197937011719 0.125
0.6570262908935547 0.12419509887695312 0.10159111022949219 0.1171875
0.6386203765869141 0.12029457092285156 0.10046005249023438 0.140625
0.5733394622802734 0.11209297180175781 0.10363006591796875 0.2109375
0.7066822052001953 0.13015174865722656 0.10066604614257812 0.0625
0.7329006195068359 0.13387107849121094 0.10197830200195312 0.03125
0.562744140625 0.10794639587402344 0.10274696350097656 0.2265625
0.7329006195068359 0.13294219970703125 0.10290718078613281 0.03125
0.5209007263183594 0.10359954833984375 0.10206222534179688 0.2734375
0.7329006195068359 0.1327838897705078 0.10306549072265625 0.03125
0.6464328765869141 0.1201324462890625 0.10062217712402344 0.1328125
0.7329006195068359 0.1321887969970703 0.10366058349609375 0.03125
0.7301197052001953 0.1307506561279297 0.100067138671875 0.0390625
0.7379322052001953 0.13042259216308594 0.10039520263671875 0.03125
0.7379322052001953 0.1304950714111328 0.10032272338867188 0.03125
0.7457447052001953 0.13065147399902344 0.10016632080078125 0.0234375
0.7407131195068359 0.13251876831054688 0.10333061218261719 0.0234375
0.7379322052001953 0.1294879913330078 0.10132980346679688 0.03125
0.5365257263183594 0.10099601745605469 0.10466575622558594 0.2578125
0.6124019622802734 0.1123046875 0.10341835021972656 0.171875
0.7457447052001953 0.12938308715820312 0.10143470764160156 0.0234375
0.7301197052001953 0.12768173217773438 0.10313606262207031 0.0390625
0.6960887908935547 0.12291717529296875 0.10286903381347656 0.078125
0.7457447052001953 0.1284961700439453 0.10232162475585938 0.0234375
0.6436519622802734 0.1138763427734375 0.10184669494628906 0.140625
0.7351512908935547 0.12460136413574219 0.10118484497070312 0.0390625
0.7507762908935547 0.1254730224609375 0.10031318664550781 0.0234375
time 11.24
error 88037.265625
17 self_attn.o_proj
Quantizing the layer self_attn.o_proj ...
0.6988697052001953 0.1296520233154297 0.101165771484375 0.0703125
0.7356815338134766 0.13776779174804688 0.10311317443847656 0.0234375
0.6754322052001953 0.12946128845214844 0.10135650634765625 0.09375
0.7356815338134766 0.13770675659179688 0.10317420959472656 0.0234375
0.6179637908935547 0.12178611755371094 0.10400009155273438 0.15625
0.4896507263183594 0.10092926025390625 0.10473251342773438 0.3046875
0.7250881195068359 0.13312721252441406 0.10272216796875 0.0390625
0.4294013977050781 0.09045982360839844 0.10513877868652344 0.375
0.7250881195068359 0.1334991455078125 0.10235023498535156 0.0390625
0.6832447052001953 0.12861251831054688 0.10220527648925781 0.0859375
0.7329006195068359 0.13543319702148438 0.10041618347167969 0.03125
0.6229953765869141 0.11985015869140625 0.10090446472167969 0.15625
0.7223072052001953 0.1301441192626953 0.10067367553710938 0.046875
0.7094631195068359 0.13187789916992188 0.10397148132324219 0.0546875
0.7172756195068359 0.13379859924316406 0.10205078125 0.046875
0.7329006195068359 0.1331462860107422 0.10270309448242188 0.03125
0.6832447052001953 0.12787246704101562 0.10294532775878906 0.0859375
0.7172756195068359 0.13298606872558594 0.10286331176757812 0.046875
0.6229953765869141 0.11901664733886719 0.10173797607421875 0.15625
0.7172756195068359 0.13266754150390625 0.10318183898925781 0.046875
0.6933078765869141 0.11911201477050781 0.10164260864257812 0.0859375
0.7016506195068359 0.13243675231933594 0.10341262817382812 0.0625
0.6519947052001953 0.12723350524902344 0.10358428955078125 0.1171875
0.7379322052001953 0.13036346435546875 0.10045433044433594 0.03125
0.7250881195068359 0.13323593139648438 0.10261344909667969 0.0390625
0.7273387908935547 0.1228179931640625 0.10296821594238281 0.046875
0.5387763977050781 0.09506988525390625 0.10052871704101562 0.265625
0.7039012908935547 0.12357330322265625 0.10221290588378906 0.0703125
0.7195262908935547 0.12395095825195312 0.10183525085449219 0.0546875
0.7223072052001953 0.1282176971435547 0.10260009765625 0.046875
0.7457447052001953 0.12988662719726562 0.10093116760253906 0.0234375
0.6882762908935547 0.12182044982910156 0.10396575927734375 0.0859375
time 11.30
error 5207.83203125
17 mlp.gate_proj
Quantizing the layer mlp.gate_proj ...
0.7328817844390869 0.13324116170406342 0.10262706875801086 0.03125
0.6492139101028442 0.12252949178218842 0.10325658321380615 0.125
0.7329009175300598 0.13239093124866486 0.10345813632011414 0.03125
0.7301195859909058 0.13081465661525726 0.10000326484441757 0.0390625
0.7329009175300598 0.1322638988494873 0.10358517616987228 0.03125
0.5811511874198914 0.11240049451589584 0.10332329571247101 0.203125
0.6570264101028442 0.12251885235309601 0.10326722264289856 0.1171875
0.6960881948471069 0.12554931640625 0.10023746639490128 0.078125
0.6308075785636902 0.11733298748731613 0.10342194139957428 0.1484375
0.6229950785636902 0.11722298711538315 0.10353194922208786 0.15625
0.7379320859909058 0.13059961795806885 0.10021830350160599 0.03125
0.6960881948471069 0.12492547929286957 0.10086130350828171 0.078125
0.7379320859909058 0.13045625388622284 0.100361667573452 0.03125
0.45005905628204346 0.08917094022035599 0.10139501094818115 0.359375
0.7301195859909058 0.12948821485042572 0.10132971405982971 0.0390625
0.510308563709259 0.09883862733840942 0.10179031640291214 0.2890625
0.7379320859909058 0.12920290231704712 0.10161501914262772 0.03125
0.7379320859909058 0.1292121410369873 0.10160579532384872 0.03125
0.7301195859909058 0.1280020773410797 0.10281585156917572 0.0390625
0.7379320859909058 0.12853577733039856 0.10228214412927628 0.03125
0.7379320859909058 0.12867985665798187 0.10213807225227356 0.03125
0.7301195859909058 0.12787361443042755 0.10294430702924728 0.0390625
0.7379320859909058 0.12832783162593842 0.10249008983373642 0.03125
0.6698700785636902 0.11931521445512772 0.10143972188234329 0.109375
0.6542450785636902 0.11696606874465942 0.10378886014223099 0.125
0.7379320859909058 0.12739740312099457 0.10342052578926086 0.03125
0.7117139101028442 0.12317746132612228 0.10260861366987228 0.0625
0.7273381948471069 0.12414337694644928 0.101643405854702 0.046875
0.7457445859909058 0.12669336795806885 0.10412455350160599 0.0234375
0.6096205711364746 0.10813087970018387 0.10256106406450272 0.1796875
0.7117139101028442 0.12163596600294113 0.10415010899305344 0.0625
0.7507756948471069 0.1238807886838913 0.10190600156784058 0.0234375
time 12.89
error 189203.09375
17 mlp.up_proj
Quantizing the layer mlp.up_proj ...
0.4450058937072754 0.09505019336938858 0.10056890547275543 0.359375
0.6335889101028442 0.12386801093816757 0.101918064057827 0.140625
0.6598070859909058 0.12721997499465942 0.10359795391559601 0.109375
0.7016509175300598 0.13309355080127716 0.10275552421808243 0.0625
0.5733386874198914 0.11438201367855072 0.10134177654981613 0.2109375
0.5995575785636902 0.1180015355348587 0.10275339335203171 0.1796875
0.5471205711364746 0.10969720780849457 0.10099472850561142 0.2421875
0.5549330711364746 0.110443115234375 0.10024882107973099 0.234375
0.6073700785636902 0.11801005154848099 0.10274487733840942 0.171875
0.5917450785636902 0.11644088476896286 0.10431405156850815 0.1875
0.7094634175300598 0.13257616758346558 0.10327289998531342 0.0546875
0.6335889101028442 0.12153448164463043 0.10425159335136414 0.140625
0.7250884175300598 0.13382597267627716 0.10202310234308243 0.0390625
0.5314955711364746 0.10615149140357971 0.10454044491052628 0.2578125
0.7094634175300598 0.13214394450187683 0.10370511561632156 0.0546875
0.6151825785636902 0.11788443475961685 0.10287049412727356 0.1640625
0.7066820859909058 0.12931717932224274 0.10150075703859329 0.0625
0.7329009175300598 0.13322626054286957 0.10262280702590942 0.03125
0.6648389101028442 0.12336979061365128 0.10241628438234329 0.109375
0.7250884175300598 0.13210633397102356 0.10374273359775543 0.0390625
0.7301195859909058 0.13079692423343658 0.10002100467681885 0.0390625
0.5365266799926758 0.10337155312299728 0.10228924453258514 0.2578125
0.7329009175300598 0.13210704922676086 0.10374202579259872 0.03125
0.6308075785636902 0.11742525547742844 0.10332968086004257 0.1484375
0.6882756948471069 0.12419518828392029 0.10159159451723099 0.0859375
0.7301195859909058 0.12933917343616486 0.10147875547409058 0.0390625
0.6202136874198914 0.11417477577924728 0.10154901444911957 0.1640625
0.6882764101028442 0.12341734021902084 0.10236873477697372 0.0859375
0.7379320859909058 0.12923839688301086 0.10157953202724457 0.03125
0.6698700785636902 0.11961045116186142 0.10114447772502899 0.109375
0.7223070859909058 0.12656420469284058 0.10425372421741486 0.046875
0.7379320859909058 0.1269339621067047 0.10388396680355072 0.03125
time 12.92
error 170903.0
17 mlp.down_proj
Quantizing the layer mlp.down_proj ...
0.6882762908935547 0.12379074096679688 0.10199546813964844 0.0859375
0.7117137908935547 0.12388420104980469 0.10190200805664062 0.0625
0.7429637908935547 0.12508201599121094 0.10070419311523438 0.03125
0.7195262908935547 0.12506484985351562 0.10072135925292969 0.0546875
0.7066822052001953 0.1272563934326172 0.1035614013671875 0.0625
0.7144947052001953 0.12697792053222656 0.10383987426757812 0.0546875
0.7351512908935547 0.12346649169921875 0.10231971740722656 0.0390625
0.7351512908935547 0.12340164184570312 0.10238456726074219 0.0390625
0.7558078765869141 0.11989974975585938 0.10085487365722656 0.0234375
0.7273387908935547 0.12514305114746094 0.10064315795898438 0.046875
0.7117137908935547 0.12376976013183594 0.10201644897460938 0.0625
0.6960887908935547 0.123870849609375 0.10191535949707031 0.078125
0.7117137908935547 0.12244224548339844 0.10334396362304688 0.0625
0.7117137908935547 0.12555313110351562 0.10023307800292969 0.0625
0.7301197052001953 0.12709999084472656 0.10371780395507812 0.0390625
0.6280269622802734 0.11336898803710938 0.10235404968261719 0.15625
0.7273387908935547 0.1245574951171875 0.10122871398925781 0.046875
0.7301197052001953 0.12688636779785156 0.10393142700195312 0.0390625
0.7301197052001953 0.1289081573486328 0.10190963745117188 0.0390625
0.6960887908935547 0.12327957153320312 0.10250663757324219 0.078125
0.6698703765869141 0.12045478820800781 0.10029983520507812 0.109375
0.6698703765869141 0.11907196044921875 0.10168266296386719 0.109375
0.7273387908935547 0.1227264404296875 0.10305976867675781 0.046875
0.6698703765869141 0.11789703369140625 0.10285758972167969 0.109375
0.7117137908935547 0.12343406677246094 0.10235214233398438 0.0625
0.7273387908935547 0.1243896484375 0.10139656066894531 0.046875
0.7273387908935547 0.12558937072753906 0.10019683837890625 0.046875
0.7429637908935547 0.12552452087402344 0.10026168823242188 0.03125
0.7273387908935547 0.12252426147460938 0.10326194763183594 0.046875
0.7117137908935547 0.12197303771972656 0.10381317138671875 0.0625
0.5889644622802734 0.11176490783691406 0.1039581298828125 0.1953125
0.7223072052001953 0.1273345947265625 0.10348320007324219 0.046875
0.7429637908935547 0.1250019073486328 0.1007843017578125 0.03125
0.7351512908935547 0.12497329711914062 0.10081291198730469 0.0390625
0.6960887908935547 0.12152481079101562 0.10426139831542969 0.078125
0.7351512908935547 0.12390327453613281 0.1018829345703125 0.0390625
0.7479953765869141 0.12020301818847656 0.10055160522460938 0.03125
0.7245578765869141 0.12031364440917969 0.10044097900390625 0.0546875
0.6620578765869141 0.11808586120605469 0.10266876220703125 0.1171875
0.7323703765869141 0.1204376220703125 0.10031700134277344 0.046875
0.7429637908935547 0.12259483337402344 0.10319137573242188 0.03125
0.7195262908935547 0.12233161926269531 0.10345458984375 0.0546875
0.6280269622802734 0.11306953430175781 0.10265350341796875 0.15625
0.7351512908935547 0.12248611450195312 0.10330009460449219 0.0390625
0.7195262908935547 0.12356185913085938 0.10222434997558594 0.0546875
0.7011203765869141 0.11782646179199219 0.10292816162109375 0.078125
0.7323703765869141 0.11986351013183594 0.10089111328125 0.046875
0.7636203765869141 0.12026023864746094 0.100494384765625 0.015625
0.7351512908935547 0.12439537048339844 0.10139083862304688 0.0390625
0.7167453765869141 0.12053871154785156 0.10021591186523438 0.0625
0.7351512908935547 0.12442398071289062 0.10136222839355469 0.0390625
0.7479953765869141 0.12065696716308594 0.10009765625 0.03125
0.7429637908935547 0.12347030639648438 0.10231590270996094 0.03125
0.7245578765869141 0.11884117126464844 0.1019134521484375 0.0546875
0.6776828765869141 0.1179656982421875 0.10278892517089844 0.1015625
0.7323703765869141 0.12050437927246094 0.100250244140625 0.046875
0.7401809692382812 0.12062263488769531 0.10013389587402344 0.0390625
0.7323703765869141 0.11728096008300781 0.10347366333007812 0.046875
0.7167453765869141 0.11804962158203125 0.10270500183105469 0.0625
0.7558078765869141 0.11855506896972656 0.10219955444335938 0.0234375
0.6854953765869141 0.11708450317382812 0.10367012023925781 0.09375
0.7273387908935547 0.12258720397949219 0.10319900512695312 0.046875
0.7167453765869141 0.12068748474121094 0.100067138671875 0.0625
0.7117137908935547 0.12200546264648438 0.10378074645996094 0.0625
0.7245559692382812 0.11820602416992188 0.10255050659179688 0.0546875
0.7351512908935547 0.12228202819824219 0.10350418090820312 0.0390625
0.6670894622802734 0.112060546875 0.10366249084472656 0.1171875
0.7401828765869141 0.11844062805175781 0.10231399536132812 0.0390625
0.7507762908935547 0.12203216552734375 0.10375404357910156 0.0234375
0.7479953765869141 0.11800765991210938 0.10274696350097656 0.03125
0.7273387908935547 0.1231231689453125 0.10266304016113281 0.046875
0.7245578765869141 0.12027168273925781 0.10048294067382812 0.0546875
0.7245578765869141 0.12064933776855469 0.10010528564453125 0.0546875
0.7351512908935547 0.12313461303710938 0.10265159606933594 0.0390625
0.6670894622802734 0.11439323425292969 0.10132980346679688 0.1171875
0.6983394622802734 0.11565399169921875 0.10006904602050781 0.0859375
0.7401828765869141 0.11914253234863281 0.10161209106445312 0.0390625
0.7323703765869141 0.11837577819824219 0.10237884521484375 0.046875
0.7245578765869141 0.11867713928222656 0.10207748413085938 0.0546875
0.7401828765869141 0.11765861511230469 0.10309600830078125 0.0390625
0.6749019622802734 0.11301231384277344 0.10271072387695312 0.109375
0.7139644622802734 0.11450767517089844 0.10121536254882812 0.0703125
0.7374019622802734 0.11546516418457031 0.10025787353515625 0.046875
0.7401828765869141 0.11851882934570312 0.10223579406738281 0.0390625
0.7295894622802734 0.11526107788085938 0.10046195983886719 0.0546875
0.7479953765869141 0.117340087890625 0.10341453552246094 0.03125
time 30.34
error 18748.783203125
18 self_attn.q_proj
Quantizing the layer self_attn.q_proj ...
0.7558021545410156 0.11922454833984375 0.10153579711914062 0.0234375
0.664306640625 0.11042213439941406 0.10027122497558594 0.125
0.7479934692382812 0.11834907531738281 0.10240745544433594 0.03125
0.7636203765869141 0.11931228637695312 0.10144233703613281 0.015625
0.7479953765869141 0.11841964721679688 0.10233497619628906 0.03125
0.640869140625 0.10723495483398438 0.10345840454101562 0.1484375
0.5493698120117188 0.09611701965332031 0.10451316833496094 0.25
0.7139644622802734 0.11469078063964844 0.10103225708007812 0.0703125
0.7558078765869141 0.11914253234863281 0.10161209106445312 0.0234375
0.7558078765869141 0.11844635009765625 0.10230827331542969 0.0234375
0.7558078765869141 0.11940574645996094 0.101348876953125 0.0234375
0.7479953765869141 0.11723709106445312 0.10351753234863281 0.03125
0.7479953765869141 0.11777114868164062 0.10298347473144531 0.03125
0.6068382263183594 0.10105514526367188 0.10460662841796875 0.1875
0.7479953765869141 0.11836433410644531 0.10239028930664062 0.03125
0.7139644622802734 0.11319351196289062 0.10252952575683594 0.0703125
0.7636203765869141 0.11937522888183594 0.10137939453125 0.015625
0.7636203765869141 0.11788177490234375 0.10287284851074219 0.015625
0.7636203765869141 0.11798286437988281 0.10277175903320312 0.015625
0.7558078765869141 0.11784934997558594 0.1029052734375 0.0234375
0.7558078765869141 0.11739730834960938 0.10335731506347656 0.0234375
0.7636203765869141 0.1180877685546875 0.10266685485839844 0.015625
0.7636203765869141 0.1177978515625 0.10295677185058594 0.015625
0.6040573120117188 0.09860038757324219 0.10202980041503906 0.1953125
0.7452144622802734 0.11388015747070312 0.10184288024902344 0.0390625
0.7636203765869141 0.11698341369628906 0.10377120971679688 0.015625
0.7636203765869141 0.11684417724609375 0.10391044616699219 0.015625
0.7686519622802734 0.11504936218261719 0.10067367553710938 0.015625
0.7608394622802734 0.11509513854980469 0.10062789916992188 0.0234375
0.6537132263183594 0.10348129272460938 0.10218048095703125 0.140625
0.7530269622802734 0.1131134033203125 0.10260963439941406 0.03125
0.7608394622802734 0.11336898803710938 0.10235404968261719 0.0234375
time 11.21
error 191163.5
18 self_attn.k_proj
Quantizing the layer self_attn.k_proj ...
0.760833740234375 0.11559486389160156 0.10013389587402344 0.0234375
0.672119140625 0.10761451721191406 0.10307884216308594 0.1171875
0.7530269622802734 0.11429786682128906 0.1014251708984375 0.03125
0.7636203765869141 0.11733055114746094 0.103424072265625 0.015625
0.7558059692382812 0.116790771484375 0.10396575927734375 0.0234375
0.711181640625 0.11013221740722656 0.10056114196777344 0.078125
0.7374019622802734 0.11422920227050781 0.10149383544921875 0.046875
0.7374019622802734 0.11373138427734375 0.10199165344238281 0.046875
0.7636203765869141 0.11697578430175781 0.10377883911132812 0.015625
0.7608394622802734 0.11507034301757812 0.10065269470214844 0.0234375
0.7608394622802734 0.11520767211914062 0.10051536560058594 0.0234375
0.7530269622802734 0.11361885070800781 0.10210418701171875 0.03125
0.7608394622802734 0.11490631103515625 0.10081672668457031 0.0234375
0.703369140625 0.10914421081542969 0.10154914855957031 0.0859375
0.7608394622802734 0.11494827270507812 0.10077476501464844 0.0234375
0.6693382263183594 0.10493850708007812 0.1007232666015625 0.125
0.7686519622802734 0.1143951416015625 0.10132789611816406 0.015625
0.7686519622802734 0.1150970458984375 0.10062599182128906 0.015625
0.7686519622802734 0.11484336853027344 0.10087966918945312 0.015625
0.7686519622802734 0.11452865600585938 0.10119438171386719 0.015625
0.7686519622802734 0.113861083984375 0.10186195373535156 0.015625
0.7686519622802734 0.11463165283203125 0.10109138488769531 0.015625
0.7686519622802734 0.11396598815917969 0.10175704956054688 0.015625
0.6693382263183594 0.10379791259765625 0.10186386108398438 0.125
0.734619140625 0.11013984680175781 0.10055351257324219 0.0546875
0.7686519622802734 0.11376953125 0.10195350646972656 0.015625
0.7686519622802734 0.11359214782714844 0.10213088989257812 0.015625
0.7608394622802734 0.11287689208984375 0.10284614562988281 0.0234375
0.7608394622802734 0.11232757568359375 0.10339546203613281 0.0234375
0.5750579833984375 0.09046173095703125 0.10010528564453125 0.234375
0.758056640625 0.11062431335449219 0.10006904602050781 0.03125
0.7608394622802734 0.1116180419921875 0.10410499572753906 0.0234375
time 11.35
error 199601.625
18 self_attn.v_proj
Quantizing the layer self_attn.v_proj ...
0.7250804901123047 0.13423538208007812 0.10162162780761719 0.0390625
0.6414012908935547 0.12304115295410156 0.10274505615234375 0.1328125
0.7407131195068359 0.13434410095214844 0.10150527954101562 0.0234375
0.7250881195068359 0.13334274291992188 0.10250663757324219 0.0390625
0.7250881195068359 0.13383865356445312 0.10201072692871094 0.0390625
0.6229953765869141 0.11897850036621094 0.101776123046875 0.15625
0.6648387908935547 0.12468528747558594 0.10110092163085938 0.109375
0.4606513977050781 0.09394073486328125 0.10165786743164062 0.34375
0.562744140625 0.10900688171386719 0.10168647766113281 0.2265625
0.6804637908935547 0.1256999969482422 0.10008621215820312 0.09375
0.7250881195068359 0.13297080993652344 0.10287857055664062 0.0390625
0.6542453765869141 0.12028312683105469 0.10047149658203125 0.125
0.7250881195068359 0.13228607177734375 0.10356330871582031 0.0390625
0.5209007263183594 0.10311698913574219 0.10254478454589844 0.2734375
0.7172756195068359 0.1317272186279297 0.10412216186523438 0.046875
0.5365257263183594 0.10372352600097656 0.10193824768066406 0.2578125
0.7301197052001953 0.13048362731933594 0.10033416748046875 0.0390625
0.7301197052001953 0.13037490844726562 0.10044288635253906 0.0390625
0.7301197052001953 0.13047218322753906 0.10034561157226562 0.0390625
0.7379322052001953 0.1298847198486328 0.10093307495117188 0.03125
0.7379322052001953 0.13048553466796875 0.10033226013183594 0.03125
0.7379322052001953 0.13060379028320312 0.10021400451660156 0.03125
0.7379322052001953 0.1295013427734375 0.10131645202636719 0.03125
0.6726512908935547 0.12183570861816406 0.10395050048828125 0.1015625
0.7117137908935547 0.12532997131347656 0.10045623779296875 0.0625
0.7457447052001953 0.1292591094970703 0.10155868530273438 0.0234375
0.7301197052001953 0.12841796875 0.10239982604980469 0.0390625
0.6960887908935547 0.12288284301757812 0.10290336608886719 0.078125
0.7457447052001953 0.12720489501953125 0.10361289978027344 0.0234375
0.609619140625 0.10919952392578125 0.10149383544921875 0.1796875
0.7195262908935547 0.12251663208007812 0.10326957702636719 0.0546875
0.7507762908935547 0.12500953674316406 0.10077667236328125 0.0234375
time 11.11
error 106746.265625
18 self_attn.o_proj
Quantizing the layer self_attn.o_proj ...
0.6151714324951172 0.12058067321777344 0.10018539428710938 0.1640625
0.7016506195068359 0.13269424438476562 0.10315513610839844 0.0625
0.6676197052001953 0.128326416015625 0.10249137878417969 0.1015625
0.7301197052001953 0.1305561065673828 0.10026168823242188 0.0390625
0.7172756195068359 0.13318824768066406 0.1026611328125 0.046875
0.7407131195068359 0.13504600524902344 0.10080337524414062 0.0234375
0.6910572052001953 0.13046836853027344 0.10034942626953125 0.078125
0.4422454833984375 0.09006309509277344 0.10050392150878906 0.3671875
0.6308078765869141 0.11800003051757812 0.10275459289550781 0.1484375
0.6335887908935547 0.12269210815429688 0.10309410095214844 0.140625
0.7329006195068359 0.13362884521484375 0.10222053527832031 0.03125
0.554931640625 0.10605430603027344 0.10463905334472656 0.234375
0.7172756195068359 0.1329975128173828 0.10285186767578125 0.046875
0.6988697052001953 0.12877655029296875 0.10204124450683594 0.0703125
0.6960887908935547 0.12466812133789062 0.10111808776855469 0.078125
0.7066822052001953 0.12856483459472656 0.10225296020507812 0.0625
0.6648387908935547 0.1245574951171875 0.10122871398925781 0.109375
0.7379322052001953 0.12828636169433594 0.10253143310546875 0.03125
0.6492137908935547 0.12309646606445312 0.10268974304199219 0.125
0.6676197052001953 0.126922607421875 0.10389518737792969 0.1015625
0.7066822052001953 0.12741661071777344 0.10340118408203125 0.0625
0.7250881195068359 0.132080078125 0.10376930236816406 0.0390625
0.7195243835449219 0.12456703186035156 0.10122108459472656 0.0546875
0.7066822052001953 0.13010787963867188 0.10070991516113281 0.0625
0.7379322052001953 0.1274700164794922 0.1033477783203125 0.03125
0.7351512908935547 0.12186622619628906 0.10391998291015625 0.0390625
0.7329006195068359 0.13367843627929688 0.10217094421386719 0.03125
0.7379322052001953 0.12808990478515625 0.10272789001464844 0.03125
0.7379322052001953 0.12906265258789062 0.10175514221191406 0.03125
0.6905269622802734 0.11537742614746094 0.10034561157226562 0.09375
0.7457447052001953 0.1299724578857422 0.1008453369140625 0.0234375
0.7301197052001953 0.1287078857421875 0.10210990905761719 0.0390625
time 11.21
error 6120.171875
18 mlp.gate_proj
Quantizing the layer mlp.gate_proj ...
0.7172737717628479 0.13206304609775543 0.10378815233707428 0.046875
0.6414014101028442 0.122090183198452 0.10369589179754257 0.1328125
0.7329009175300598 0.13273584842681885 0.10311321914196014 0.03125
0.7223070859909058 0.13051515817642212 0.10030276328325272 0.046875
0.7223070859909058 0.13035832345485687 0.10045960545539856 0.046875
0.7223070859909058 0.13022346794605255 0.10059445351362228 0.046875
0.5365266799926758 0.10545171797275543 0.100209079682827 0.2578125
0.6308075785636902 0.11861898750066757 0.10213594883680344 0.1484375
0.6308075785636902 0.11801856756210327 0.10273636132478714 0.1484375
0.5811511874198914 0.11198602616786957 0.10373776406049728 0.203125
0.7301195859909058 0.13020430505275726 0.10061361640691757 0.0390625
0.7301195859909058 0.1294144093990326 0.10140352696180344 0.0390625
0.7379320859909058 0.13068903982639313 0.10012888163328171 0.03125
0.43443405628204346 0.08656559139490128 0.10400035977363586 0.375
0.7301195859909058 0.12931150197982788 0.10150643438100815 0.0390625
0.6308075785636902 0.11670276522636414 0.10405216366052628 0.1484375
0.7379320859909058 0.1293753683567047 0.10144256055355072 0.03125
0.7301195859909058 0.12840165197849274 0.10241628438234329 0.0390625
0.7223063707351685 0.1281135082244873 0.10270513594150543 0.046875
0.7379320859909058 0.12902335822582245 0.10179457813501358 0.03125
0.7379320859909058 0.12912270426750183 0.101695217192173 0.03125
0.7301195859909058 0.127969428896904 0.10284849256277084 0.0390625
0.7457445859909058 0.1290077418088913 0.10181018710136414 0.0234375
0.6882764101028442 0.12244787812232971 0.10333819687366486 0.0859375
0.6698700785636902 0.11902777850627899 0.10172715038061142 0.109375
0.7379320859909058 0.1272590160369873 0.10355892032384872 0.03125
0.6280261874198914 0.11229971796274185 0.103424072265625 0.15625
0.7117131948471069 0.12313416600227356 0.10265261679887772 0.0625
0.7457445859909058 0.12704963982105255 0.10376828163862228 0.0234375
0.6749011874198914 0.11569497734308243 0.10002881288528442 0.109375
0.7351506948471069 0.12350747734308243 0.10227930545806885 0.0390625
0.7507756948471069 0.12372535467147827 0.102061428129673 0.0234375
time 12.86
error 209791.96875
18 mlp.up_proj
Quantizing the layer mlp.up_proj ...
0.5236802101135254 0.10817700624465942 0.10251776874065399 0.265625
0.6598063707351685 0.1282951831817627 0.10252344608306885 0.109375
0.4215897023677826 0.09033557772636414 0.10526222735643387 0.3828125
0.6938384175300598 0.13247184455394745 0.10337723046541214 0.0703125
0.5917450785636902 0.11799373477697372 0.10276120156049728 0.1875
0.6414014101028442 0.12377007305622101 0.10201600193977356 0.1328125
0.5995575785636902 0.11822012811899185 0.10253480076789856 0.1796875
0.5811511874198914 0.11505268514156342 0.10067110508680344 0.203125
0.43443405628204346 0.08975929766893387 0.10080666095018387 0.375
0.6414014101028442 0.12379703670740128 0.10198903828859329 0.1328125
0.7016509175300598 0.1320296823978424 0.10381937772035599 0.0625
0.42662155628204346 0.08715607225894928 0.10340987890958786 0.3828125
0.7172759175300598 0.1332291066646576 0.102619968354702 0.046875
0.6492139101028442 0.12334991991519928 0.10243615508079529 0.125
0.7172759175300598 0.13287708163261414 0.10297198593616486 0.046875
0.6648381948471069 0.12482541054487228 0.10096137225627899 0.109375
0.6910570859909058 0.12816105782985687 0.10265687108039856 0.078125
0.510308563709259 0.09979958087205887 0.10082937031984329 0.2890625
0.5443391799926758 0.10518273711204529 0.10047806054353714 0.25
0.7223070859909058 0.1305641382932663 0.10025379061698914 0.046875
0.7329009175300598 0.13298353552818298 0.10286553204059601 0.03125
0.4840897023677826 0.09472017735242844 0.10087762773036957 0.3203125
0.7301195859909058 0.1305549144744873 0.10026302188634872 0.0390625
0.6386200785636902 0.11849833279848099 0.10225659608840942 0.140625
0.6542450785636902 0.11967077851295471 0.1010841578245163 0.125
0.7301195859909058 0.1301993429660797 0.10061858594417572 0.0390625
0.6386200785636902 0.11696961522102356 0.10378531366586685 0.140625
0.6698700785636902 0.12023712694644928 0.10051780194044113 0.109375
0.7379320859909058 0.12934769690036774 0.10147023946046829 0.03125
0.6620575785636902 0.11873254179954529 0.10202239453792572 0.1171875
0.7273389101028442 0.12570331990718842 0.10008275508880615 0.046875
0.7379320859909058 0.12655426561832428 0.10426366329193115 0.03125
time 12.68
error 184334.28125
18 mlp.down_proj
Quantizing the layer mlp.down_proj ...
0.6464252471923828 0.11895751953125 0.10180473327636719 0.1328125
0.7457447052001953 0.12825393676757812 0.10256385803222656 0.0234375
0.7301197052001953 0.1275787353515625 0.10323905944824219 0.0390625
0.7195262908935547 0.12495231628417969 0.10083389282226562 0.0546875
0.6933078765869141 0.11972808837890625 0.10102653503417969 0.0859375
0.7195262908935547 0.12563133239746094 0.10015487670898438 0.0546875
0.7117137908935547 0.12524032592773438 0.10054588317871094 0.0625
0.7039012908935547 0.12399101257324219 0.10179519653320312 0.0703125
0.7273368835449219 0.12438011169433594 0.10140800476074219 0.046875
0.7429637908935547 0.12516212463378906 0.10062408447265625 0.03125
0.7301197052001953 0.12857818603515625 0.10223960876464844 0.0390625
0.7351512908935547 0.12578392028808594 0.10000228881835938 0.0390625
0.7401828765869141 0.12063980102539062 0.10011482238769531 0.0390625
0.6960887908935547 0.12328910827636719 0.10249710083007812 0.078125
0.6960887908935547 0.12320518493652344 0.10258102416992188 0.078125
0.6882762908935547 0.12257575988769531 0.10321044921875 0.0859375
0.7223072052001953 0.1272735595703125 0.10354423522949219 0.046875
0.7039012908935547 0.123504638671875 0.10228157043457031 0.0703125
0.7273387908935547 0.12447929382324219 0.10130691528320312 0.046875
0.7195262908935547 0.12467002868652344 0.10111618041992188 0.0546875
0.7479953765869141 0.11986351013183594 0.10089111328125 0.03125
0.7039012908935547 0.12359046936035156 0.10219573974609375 0.0703125
0.7507762908935547 0.12260246276855469 0.10318374633789062 0.0234375
0.7558078765869141 0.11845016479492188 0.10230445861816406 0.0234375
0.6464328765869141 0.11707115173339844 0.1036834716796875 0.1328125
0.7273387908935547 0.12276649475097656 0.10301971435546875 0.046875
0.6620578765869141 0.11923408508300781 0.10152053833007812 0.1171875
0.7457447052001953 0.12823867797851562 0.10257911682128906 0.0234375
0.7301197052001953 0.12761497497558594 0.10320281982421875 0.0390625
0.7273387908935547 0.1254749298095703 0.100311279296875 0.046875
0.7117137908935547 0.12449836730957031 0.101287841796875 0.0625
0.7273387908935547 0.12430572509765625 0.10148048400878906 0.046875
0.7351512908935547 0.12454414367675781 0.1012420654296875 0.0390625
0.7039012908935547 0.12304115295410156 0.10274505615234375 0.0703125
0.7351512908935547 0.12316322326660156 0.10262298583984375 0.0390625
0.7144947052001953 0.12691688537597656 0.10390090942382812 0.0546875
0.7273387908935547 0.12469291687011719 0.10109329223632812 0.046875
0.7636203765869141 0.1199798583984375 0.10077476501464844 0.015625
0.7351512908935547 0.1243743896484375 0.10141181945800781 0.0390625
0.7223072052001953 0.12677383422851562 0.10404396057128906 0.046875
0.7507762908935547 0.122894287109375 0.10289192199707031 0.0234375
0.7585887908935547 0.12225341796875 0.10353279113769531 0.015625
0.7011203765869141 0.11736297607421875 0.10339164733886719 0.078125
0.7011203765869141 0.1204681396484375 0.10028648376464844 0.078125
0.7351512908935547 0.12288475036621094 0.10290145874023438 0.0390625
0.7479953765869141 0.120391845703125 0.10036277770996094 0.03125
0.7351512908935547 0.12199020385742188 0.10379600524902344 0.0390625
0.6698703765869141 0.11725234985351562 0.10350227355957031 0.109375
0.7245578765869141 0.11966514587402344 0.1010894775390625 0.0546875
0.6960887908935547 0.122161865234375 0.10362434387207031 0.078125
0.7273387908935547 0.12235069274902344 0.10343551635742188 0.046875
0.7323703765869141 0.12073135375976562 0.10002326965332031 0.046875
0.7401828765869141 0.11870574951171875 0.10204887390136719 0.0390625
0.7323703765869141 0.12005805969238281 0.10069656372070312 0.046875
0.7558078765869141 0.11908721923828125 0.10166740417480469 0.0234375
0.7351512908935547 0.12230110168457031 0.103485107421875 0.0390625
0.7245578765869141 0.11953353881835938 0.10122108459472656 0.0546875
0.7401828765869141 0.11916732788085938 0.10158729553222656 0.0390625
0.7039012908935547 0.12158775329589844 0.10419845581054688 0.0703125
0.7273387908935547 0.12249755859375 0.10328865051269531 0.046875
0.7011203765869141 0.11847877502441406 0.10227584838867188 0.078125
0.7479953765869141 0.12052536010742188 0.10022926330566406 0.03125
0.7686519622802734 0.11529350280761719 0.10042953491210938 0.015625
0.7245578765869141 0.12058258056640625 0.10017204284667969 0.0546875
0.7167453765869141 0.11847114562988281 0.10228347778320312 0.0625
0.7089328765869141 0.11999320983886719 0.10076141357421875 0.0703125
0.7507762908935547 0.12314414978027344 0.10264205932617188 0.0234375
0.7351512908935547 0.12192726135253906 0.10385894775390625 0.0390625
0.7479953765869141 0.11914443969726562 0.10161018371582031 0.03125
0.7401828765869141 0.11907768249511719 0.10167694091796875 0.0390625
0.7479953765869141 0.11894607543945312 0.10180854797363281 0.03125
0.7323703765869141 0.11876487731933594 0.10198974609375 0.046875
0.7167453765869141 0.1191253662109375 0.10162925720214844 0.0625
0.7507762908935547 0.12231063842773438 0.10347557067871094 0.0234375
0.7401828765869141 0.11715888977050781 0.10359573364257812 0.0390625
0.6592769622802734 0.11281776428222656 0.1029052734375 0.125
0.7479953765869141 0.11919593811035156 0.10155868530273438 0.03125
0.7139644622802734 0.11396980285644531 0.10175323486328125 0.0703125
0.7429637908935547 0.12237739562988281 0.1034088134765625 0.03125
0.7558078765869141 0.11774253845214844 0.1030120849609375 0.0234375
0.7479953765869141 0.12042617797851562 0.10032844543457031 0.03125
0.7479953765869141 0.11827659606933594 0.10247802734375 0.03125
0.7089328765869141 0.11680984497070312 0.10394477844238281 0.0703125
0.7558078765869141 0.11890411376953125 0.10185050964355469 0.0234375
0.7558059692382812 0.11747550964355469 0.10328102111816406 0.0234375
0.7295894622802734 0.11263275146484375 0.10309028625488281 0.0546875
time 30.34
error 22386.201171875
19 self_attn.q_proj
Quantizing the layer self_attn.q_proj ...
0.75579833984375 0.11760520935058594 0.10315895080566406 0.0234375
0.7061519622802734 0.11232948303222656 0.1033935546875 0.078125
0.7479953765869141 0.11666679382324219 0.10408782958984375 0.03125
0.7636203765869141 0.11815643310546875 0.10259819030761719 0.015625
0.7558059692382812 0.11771392822265625 0.1030426025390625 0.0234375
0.7217769622802734 0.11273574829101562 0.10298728942871094 0.0625
0.6459007263183594 0.104522705078125 0.10113906860351562 0.1484375
0.7295894622802734 0.11342239379882812 0.10230064392089844 0.0546875
0.7558078765869141 0.11692619323730469 0.10382843017578125 0.0234375
0.7558078765869141 0.11735153198242188 0.10340309143066406 0.0234375
0.7558078765869141 0.11725997924804688 0.10349464416503906 0.0234375
0.7530269622802734 0.11464500427246094 0.10107803344726562 0.03125
0.7530269622802734 0.11418724060058594 0.10153579711914062 0.03125
0.695556640625 0.10975265502929688 0.10094070434570312 0.09375
0.7608394622802734 0.1146087646484375 0.10111427307128906 0.0234375
0.7374019622802734 0.11366653442382812 0.10205650329589844 0.046875
0.7686519622802734 0.11569023132324219 0.10003280639648438 0.015625
0.7686519622802734 0.11528205871582031 0.10044097900390625 0.015625
0.7686519622802734 0.1149139404296875 0.10080909729003906 0.015625
0.7608394622802734 0.11533927917480469 0.10038375854492188 0.0234375
0.7686519622802734 0.1155242919921875 0.10019874572753906 0.015625
0.7686519622802734 0.11467170715332031 0.10105133056640625 0.015625
0.7686519622802734 0.11498451232910156 0.100738525390625 0.015625
0.703369140625 0.10873985290527344 0.10195350646972656 0.0859375
0.7452144622802734 0.11293601989746094 0.10278701782226562 0.0390625
0.7686519622802734 0.11421585083007812 0.10150718688964844 0.015625
0.7686519622802734 0.11441993713378906 0.1013031005859375 0.015625
0.7686519622802734 0.11408233642578125 0.10164070129394531 0.015625
0.7608394622802734 0.11340904235839844 0.10231399536132812 0.0234375
0.6615257263183594 0.10239601135253906 0.10326576232910156 0.1328125
0.7530269622802734 0.11187553405761719 0.10384750366210938 0.03125
0.7686519622802734 0.112274169921875 0.10344886779785156 0.015625
time 11.52
error 181145.484375
19 self_attn.k_proj
Quantizing the layer self_attn.k_proj ...
0.7686443328857422 0.11420440673828125 0.10152626037597656 0.015625
0.726806640625 0.11008071899414062 0.10061264038085938 0.0625
0.7608394622802734 0.11300468444824219 0.10271835327148438 0.0234375
0.7686519622802734 0.11406326293945312 0.10165977478027344 0.015625
0.7608394622802734 0.11337089538574219 0.10235214233398438 0.0234375
0.711181640625 0.10841941833496094 0.10227394104003906 0.078125
0.726806640625 0.10948371887207031 0.10120964050292969 0.0625
0.7452144622802734 0.11237144470214844 0.10335159301757812 0.0390625
0.7686519622802734 0.11351966857910156 0.102203369140625 0.015625
0.7608394622802734 0.11292457580566406 0.1027984619140625 0.0234375
0.7608394622802734 0.11278533935546875 0.10293769836425781 0.0234375
0.7530269622802734 0.11231613159179688 0.10340690612792969 0.03125
0.7608394622802734 0.11252212524414062 0.10320091247558594 0.0234375
0.6693382263183594 0.10341262817382812 0.1022491455078125 0.125
0.7608394622802734 0.1124725341796875 0.10325050354003906 0.0234375
0.6012763977050781 0.09421920776367188 0.10137939453125 0.203125
0.7608394622802734 0.11251068115234375 0.10321235656738281 0.0234375
0.7686519622802734 0.11287117004394531 0.10285186767578125 0.015625
0.7686519622802734 0.11271858215332031 0.10300445556640625 0.015625
0.7686519622802734 0.11208534240722656 0.1036376953125 0.015625
0.7686519622802734 0.11231231689453125 0.10341072082519531 0.015625
0.7686519622802734 0.11219215393066406 0.1035308837890625 0.015625
0.7686519622802734 0.11193275451660156 0.103790283203125 0.015625
0.6509323120117188 0.09797286987304688 0.10265731811523438 0.1484375
0.726806640625 0.10741615295410156 0.10327720642089844 0.0625
0.773681640625 0.10990142822265625 0.10079193115234375 0.015625
0.7686519622802734 0.1115264892578125 0.10419654846191406 0.015625
0.765869140625 0.10956192016601562 0.10113143920898438 0.0234375
0.765869140625 0.11008834838867188 0.10060501098632812 0.0234375
0.6665573120117188 0.09904098510742188 0.10158920288085938 0.1328125
0.758056640625 0.10862922668457031 0.10206413269042969 0.03125
0.773681640625 0.10866737365722656 0.10202598571777344 0.015625
time 11.33
error 186584.34375
19 self_attn.v_proj
Quantizing the layer self_attn.v_proj ...
0.7328910827636719 0.1347370147705078 0.10112190246582031 0.03125
0.48686981201171875 0.09960174560546875 0.1010284423828125 0.3125
0.7407131195068359 0.1338348388671875 0.10201454162597656 0.0234375
0.7329006195068359 0.13360023498535156 0.1022491455078125 0.03125
0.7329006195068359 0.1334857940673828 0.10236358642578125 0.03125
0.6676197052001953 0.12659645080566406 0.10422134399414062 0.1015625
0.6073703765869141 0.11659812927246094 0.104156494140625 0.171875
0.5733394622802734 0.111724853515625 0.10399818420410156 0.2109375
0.6045894622802734 0.11452674865722656 0.1011962890625 0.1796875
0.7066822052001953 0.12980079650878906 0.10101699829101562 0.0625
0.7329006195068359 0.13299560546875 0.10285377502441406 0.03125
0.6648387908935547 0.12296676635742188 0.10281944274902344 0.109375
0.7329006195068359 0.13254737854003906 0.103302001953125 0.03125
0.6804637908935547 0.1252422332763672 0.10054397583007812 0.09375
0.7223072052001953 0.13028907775878906 0.10052871704101562 0.046875
0.4762763977050781 0.09419441223144531 0.10140419006347656 0.328125
0.7223072052001953 0.1293315887451172 0.1014862060546875 0.046875
0.7301197052001953 0.13016891479492188 0.10064888000488281 0.0390625
0.7379322052001953 0.13065719604492188 0.10016059875488281 0.03125
0.7301197052001953 0.12872695922851562 0.10209083557128906 0.0390625
0.7379322052001953 0.13075828552246094 0.10005950927734375 0.03125
0.7379322052001953 0.1293621063232422 0.1014556884765625 0.03125
0.7379322052001953 0.12945556640625 0.10136222839355469 0.03125
0.6464328765869141 0.11784744262695312 0.10290718078613281 0.1328125
0.6804637908935547 0.12194442749023438 0.10384178161621094 0.09375
0.7379322052001953 0.12799453735351562 0.10282325744628906 0.03125
0.7379322052001953 0.12858200073242188 0.10223579406738281 0.03125
0.7195262908935547 0.12575149536132812 0.10003471374511719 0.0546875
0.7457447052001953 0.1280231475830078 0.10279464721679688 0.0234375
0.5571823120117188 0.09978866577148438 0.10084152221679688 0.2421875
0.7195262908935547 0.12320518493652344 0.10258102416992188 0.0546875
0.7507762908935547 0.12527847290039062 0.10050773620605469 0.0234375
time 11.30
error 105718.8515625
19 self_attn.o_proj
Quantizing the layer self_attn.o_proj ...
0.7016506195068359 0.13202857971191406 0.10382080078125 0.0625
0.7172756195068359 0.1339874267578125 0.10186195373535156 0.046875
0.7172756195068359 0.13289451599121094 0.10295486450195312 0.046875
0.6988697052001953 0.13039588928222656 0.10042190551757812 0.0703125
0.5995578765869141 0.1173553466796875 0.10339927673339844 0.1796875
0.7278690338134766 0.13741493225097656 0.10346603393554688 0.03125
0.6414012908935547 0.12400054931640625 0.10178565979003906 0.1328125
0.5995578765869141 0.11830902099609375 0.10244560241699219 0.1796875
0.6910572052001953 0.12944793701171875 0.10136985778808594 0.078125
0.5917453765869141 0.11702346801757812 0.10373115539550781 0.1875
0.5811519622802734 0.11507987976074219 0.10064315795898438 0.203125
0.6492137908935547 0.12258720397949219 0.10319900512695312 0.125
0.7016506195068359 0.13286972045898438 0.10297966003417969 0.0625
0.6988697052001953 0.1275463104248047 0.103271484375 0.0703125
0.6073703765869141 0.11692619323730469 0.10382843017578125 0.171875
0.5103073120117188 0.09922599792480469 0.10140419006347656 0.2890625
0.7250881195068359 0.13262939453125 0.10321998596191406 0.0390625
0.6882762908935547 0.12361526489257812 0.10217094421386719 0.0859375
0.5967769622802734 0.11245155334472656 0.103271484375 0.1875
0.6804637908935547 0.12340927124023438 0.10237693786621094 0.09375
0.7379322052001953 0.12788009643554688 0.10293769836425781 0.03125
0.6124000549316406 0.11429405212402344 0.10143089294433594 0.171875
0.7223072052001953 0.12837600708007812 0.10244178771972656 0.046875
0.6386203765869141 0.11777496337890625 0.10297966003417969 0.140625
0.6832447052001953 0.12775421142578125 0.10306358337402344 0.0859375
0.6988697052001953 0.12987899780273438 0.10093879699707031 0.0703125
0.6280269622802734 0.11332321166992188 0.10239982604980469 0.15625
0.6726512908935547 0.12455940246582031 0.101226806640625 0.1015625
0.7089328765869141 0.117950439453125 0.10280418395996094 0.0703125
0.6988697052001953 0.12964439392089844 0.10117340087890625 0.0703125
0.7167453765869141 0.11834716796875 0.10240745544433594 0.0625
0.7379322052001953 0.12786293029785156 0.10295486450195312 0.03125
time 11.33
error 4912.28857421875
19 mlp.gate_proj
Quantizing the layer mlp.gate_proj ...
0.7172624468803406 0.13267765939235687 0.10318490117788315 0.046875
0.6492139101028442 0.12301564961671829 0.10277042537927628 0.125
0.7250884175300598 0.13275785744190216 0.10309121757745743 0.0390625
0.7250884175300598 0.13234692811965942 0.10350213944911957 0.0390625
0.6832445859909058 0.1275428980588913 0.10327503085136414 0.0859375
0.5549330711364746 0.10916279256343842 0.10152914375066757 0.234375
0.5811511874198914 0.11259424686431885 0.103129543364048 0.203125
0.6804631948471069 0.12531369924545288 0.10047309100627899 0.09375
0.5365266799926758 0.10417494922876358 0.10148584842681885 0.2578125
0.6492131948471069 0.121876560151577 0.10391022264957428 0.125
0.7329009175300598 0.13253144919872284 0.10331761837005615 0.03125
0.5287141799926758 0.10322393476963043 0.102436862885952 0.265625
0.7379320859909058 0.13067342340946198 0.10014449805021286 0.03125
0.6124011874198914 0.11489513516426086 0.10082865506410599 0.171875
0.7223070859909058 0.12916246056556702 0.10165546834468842 0.046875
0.6960889101028442 0.1252342015504837 0.10055187344551086 0.078125
0.7301195859909058 0.1292426586151123 0.10157527774572372 0.0390625
0.7301195859909058 0.12881611287593842 0.10200180858373642 0.0390625
0.6804631948471069 0.12268350273370743 0.10310328006744385 0.09375
0.7379320859909058 0.12976357340812683 0.101054348051548 0.03125
0.7379320859909058 0.12950098514556885 0.10131693631410599 0.03125
0.7301195859909058 0.12847261130809784 0.102345310151577 0.0390625
0.7457445859909058 0.12916813790798187 0.10164979100227356 0.0234375
0.6776825785636902 0.12041952461004257 0.10033541172742844 0.1015625
0.6202136874198914 0.11250979453325272 0.10321399569511414 0.1640625
0.7379320859909058 0.12805671989917755 0.10276120156049728 0.03125
0.7195256948471069 0.12478069961071014 0.10100608319044113 0.0546875
0.7011200785636902 0.12073108553886414 0.10002384334802628 0.078125
0.7457445859909058 0.12772032618522644 0.10309760272502899 0.0234375
0.6933075785636902 0.119384765625 0.10137017071247101 0.0859375
0.7351514101028442 0.12411995977163315 0.10166611522436142 0.0390625
0.7507764101028442 0.12442655116319656 0.101359523832798 0.0234375
time 12.87
error 222104.09375
19 mlp.up_proj
Quantizing the layer mlp.up_proj ...
0.4478071331977844 0.09624463319778442 0.10438573360443115 0.3515625
0.5577136874198914 0.11319608241319656 0.10252770781517029 0.2265625
0.7094634175300598 0.13346117734909058 0.10238789021968842 0.0546875
0.6492139101028442 0.12536762654781342 0.10041844844818115 0.125
0.5314955711364746 0.10834237188100815 0.10234957188367844 0.2578125
0.6151825785636902 0.12030597031116486 0.10044896602630615 0.1640625
0.6335889101028442 0.12298441678285599 0.10280165821313858 0.140625
0.6832445859909058 0.12983739376068115 0.10098053514957428 0.0859375
0.48687106370925903 0.09918354451656342 0.10144539922475815 0.3125
0.6492139101028442 0.1240333765745163 0.10175270587205887 0.125
0.7172759175300598 0.1337691843509674 0.10207987576723099 0.046875
0.6570264101028442 0.12398937344551086 0.1017967015504837 0.1171875
0.7172759175300598 0.13335472345352173 0.10249435156583786 0.046875
0.6151825785636902 0.11907178163528442 0.10168314725160599 0.1640625
0.6910570859909058 0.12854856252670288 0.10226937383413315 0.078125
0.6910570859909058 0.12894953787326813 0.10186838358640671 0.078125
0.6151825785636902 0.11760623008012772 0.10314870625734329 0.1640625
0.42662155628204346 0.08536476641893387 0.10520119220018387 0.3828125
0.42662155628204346 0.08565503358840942 0.10491091758012772 0.3828125
0.42662155628204346 0.08585517108440399 0.10471078008413315 0.3828125
0.7223070859909058 0.13048109412193298 0.10033682733774185 0.046875
0.431652694940567 0.08529520779848099 0.100239597260952 0.3828125
0.7329009175300598 0.13187354803085327 0.10397551953792572 0.03125
0.5705580711364746 0.10840695351362228 0.1022849828004837 0.21875
0.6386200785636902 0.11811438202857971 0.1026405543088913 0.140625
0.7329009175300598 0.13171741366386414 0.10413165390491486 0.03125
0.45005905628204346 0.08690767735242844 0.1036582738161087 0.359375
0.6804639101028442 0.12289215624332428 0.10289391875267029 0.09375
0.7379320859909058 0.12982390820980072 0.10099402070045471 0.03125
0.6698700785636902 0.11928611248731613 0.10146881639957428 0.109375
0.7117131948471069 0.12430448085069656 0.10148230195045471 0.0625
0.7379320859909058 0.12660962343215942 0.10420830547809601 0.03125
time 12.94
error 193178.796875
19 mlp.down_proj
Quantizing the layer mlp.down_proj ...
0.7457351684570312 0.12825393676757812 0.10257339477539062 0.0234375
0.7301197052001953 0.12746047973632812 0.10335731506347656 0.0390625
0.7301197052001953 0.12699127197265625 0.10382652282714844 0.0390625
0.7117137908935547 0.12457275390625 0.10121345520019531 0.0625
0.6386203765869141 0.11747169494628906 0.10328292846679688 0.140625
0.7457447052001953 0.1270580291748047 0.103759765625 0.0234375
0.7273387908935547 0.12301826477050781 0.1027679443359375 0.046875
0.7066822052001953 0.1272411346435547 0.10357666015625 0.0625
0.6620578765869141 0.12026405334472656 0.10049057006835938 0.1171875
0.7379322052001953 0.12740135192871094 0.10341644287109375 0.03125
0.7144947052001953 0.12737464904785156 0.10344314575195312 0.0546875
0.7223072052001953 0.12808990478515625 0.10272789001464844 0.046875
0.7195262908935547 0.12424850463867188 0.10153770446777344 0.0546875
0.7351512908935547 0.1252613067626953 0.10052490234375 0.0390625
0.7066822052001953 0.12714004516601562 0.10367774963378906 0.0625
0.6386203765869141 0.11758041381835938 0.10317420959472656 0.140625
0.7351512908935547 0.12525367736816406 0.10053253173828125 0.0390625
0.7195262908935547 0.12501907348632812 0.10076713562011719 0.0546875
0.7117137908935547 0.12524986267089844 0.10053634643554688 0.0625
0.7117137908935547 0.12318229675292969 0.10260391235351562 0.0625
0.7195262908935547 0.12528419494628906 0.10050201416015625 0.0546875
0.7301197052001953 0.12873458862304688 0.10208320617675781 0.0390625
0.7507762908935547 0.12368011474609375 0.10210609436035156 0.0234375
0.7429637908935547 0.12548255920410156 0.10030364990234375 0.03125
0.7273387908935547 0.12324905395507812 0.10253715515136719 0.046875
0.7223072052001953 0.12850189208984375 0.10231590270996094 0.046875
0.7117137908935547 0.12364959716796875 0.10213661193847656 0.0625
0.7351512908935547 0.12311363220214844 0.10267257690429688 0.0390625
0.7223072052001953 0.1289234161376953 0.10189437866210938 0.046875
0.7223072052001953 0.12863922119140625 0.10217857360839844 0.046875
0.7457447052001953 0.12795639038085938 0.10286140441894531 0.0234375
0.7457447052001953 0.1271381378173828 0.10367965698242188 0.0234375
0.7585887908935547 0.12273979187011719 0.10304641723632812 0.015625
0.7429637908935547 0.1254444122314453 0.100341796875 0.03125
0.7223072052001953 0.1270885467529297 0.103729248046875 0.046875
0.7351512908935547 0.12416839599609375 0.10161781311035156 0.0390625
0.7195262908935547 0.12447929382324219 0.10130691528320312 0.0546875
0.7089328765869141 0.12067413330078125 0.10008049011230469 0.0703125
0.7379322052001953 0.1280517578125 0.10276603698730469 0.03125
0.7039012908935547 0.12238883972167969 0.10339736938476562 0.0703125
0.7429637908935547 0.12504005432128906 0.10074615478515625 0.03125
0.7273387908935547 0.12277793884277344 0.10300827026367188 0.046875
0.7351512908935547 0.12450599670410156 0.10128021240234375 0.0390625
0.7195262908935547 0.12333106994628906 0.10245513916015625 0.0546875
0.7273387908935547 0.12554168701171875 0.10024452209472656 0.046875
0.7039012908935547 0.1252307891845703 0.100555419921875 0.0703125
0.7429637908935547 0.1231689453125 0.10261726379394531 0.03125
0.7195262908935547 0.12449073791503906 0.10129547119140625 0.0546875
0.7351512908935547 0.12442779541015625 0.10135841369628906 0.0390625
0.7167453765869141 0.1197509765625 0.10100364685058594 0.0625
0.7273387908935547 0.12337875366210938 0.10240745544433594 0.046875
0.7401828765869141 0.12070655822753906 0.10004806518554688 0.0390625
0.7195262908935547 0.12226295471191406 0.10352325439453125 0.0546875
0.7273387908935547 0.12429046630859375 0.10149574279785156 0.046875
0.7195262908935547 0.12261199951171875 0.10317420959472656 0.0546875
0.7089328765869141 0.12041282653808594 0.100341796875 0.0703125
0.7351512908935547 0.12351608276367188 0.10227012634277344 0.0390625
0.7429637908935547 0.12564659118652344 0.10013961791992188 0.03125
0.6358394622802734 0.11340141296386719 0.10232162475585938 0.1484375
0.7351512908935547 0.12284469604492188 0.10294151306152344 0.0390625
0.7479953765869141 0.12047767639160156 0.10027694702148438 0.03125
0.7351512908935547 0.12395668029785156 0.10182952880859375 0.0390625
0.6933059692382812 0.11907768249511719 0.10167884826660156 0.0859375
0.7351512908935547 0.12262535095214844 0.10316085815429688 0.0390625
0.7273387908935547 0.1223297119140625 0.10345649719238281 0.046875
0.7479953765869141 0.12043190002441406 0.10032272338867188 0.03125
0.7585887908935547 0.12209510803222656 0.10369110107421875 0.015625
0.7323703765869141 0.1202850341796875 0.10046958923339844 0.046875
0.7273387908935547 0.12266349792480469 0.10312271118164062 0.046875
0.7351512908935547 0.12486076354980469 0.10092544555664062 0.0390625
0.6933078765869141 0.11846351623535156 0.10229110717773438 0.0859375
0.7167453765869141 0.1197967529296875 0.10095787048339844 0.0625
0.6854934692382812 0.11886405944824219 0.10189247131347656 0.09375
0.7558059692382812 0.119476318359375 0.10128021240234375 0.0234375
0.7323703765869141 0.11991119384765625 0.10084342956542969 0.046875
0.7011203765869141 0.11703300476074219 0.10372161865234375 0.078125
0.7401828765869141 0.11962127685546875 0.10113334655761719 0.0390625
0.6854953765869141 0.11642646789550781 0.10432815551757812 0.09375
0.7351512908935547 0.12242317199707031 0.103363037109375 0.0390625
0.7558078765869141 0.11756706237792969 0.10318756103515625 0.0234375
0.7089328765869141 0.11737632751464844 0.1033782958984375 0.0703125
0.7479953765869141 0.11921501159667969 0.10153961181640625 0.03125
0.7401828765869141 0.11761856079101562 0.10313606262207031 0.0390625
0.7061519622802734 0.11388397216796875 0.10183906555175781 0.078125
0.7245578765869141 0.11714744567871094 0.103607177734375 0.0546875
0.7479953765869141 0.11684989929199219 0.10390472412109375 0.03125
time 30.51
error 23025.494140625
20 self_attn.q_proj
Quantizing the layer self_attn.q_proj ...
0.7608356475830078 0.1148681640625 0.10085868835449219 0.0234375
0.5544013977050781 0.0921783447265625 0.10342025756835938 0.25
0.7530269622802734 0.1142578125 0.10146522521972656 0.03125
0.7686519622802734 0.11550140380859375 0.10022163391113281 0.015625
0.7608375549316406 0.11444854736328125 0.10127639770507812 0.0234375
0.718994140625 0.10998153686523438 0.10071182250976562 0.0703125
0.687744140625 0.10841178894042969 0.10228157043457031 0.1015625
0.703369140625 0.10875320434570312 0.10194015502929688 0.0859375
0.7608394622802734 0.11455345153808594 0.10116958618164062 0.0234375
0.7608394622802734 0.11453437805175781 0.10118865966796875 0.0234375
0.7608394622802734 0.11424636840820312 0.10147666931152344 0.0234375
0.7452144622802734 0.11220359802246094 0.10351943969726562 0.0390625
0.7452125549316406 0.11258697509765625 0.10313796997070312 0.0390625
0.6615257263183594 0.1028289794921875 0.10283279418945312 0.1328125
0.7608394622802734 0.11383438110351562 0.10188865661621094 0.0234375
0.734619140625 0.110626220703125 0.100067138671875 0.0546875
0.7686519622802734 0.11405372619628906 0.1016693115234375 0.015625
0.7686519622802734 0.11363410949707031 0.10208892822265625 0.015625
0.7686519622802734 0.11337089538574219 0.10235214233398438 0.015625
0.7608394622802734 0.11379432678222656 0.1019287109375 0.0234375
0.7608394622802734 0.1124420166015625 0.10328102111816406 0.0234375
0.7686519622802734 0.11339187622070312 0.10233116149902344 0.015625
0.7608394622802734 0.1129608154296875 0.10276222229003906 0.0234375
0.5934638977050781 0.09316062927246094 0.10243797302246094 0.2109375
0.718994140625 0.1071624755859375 0.1035308837890625 0.0703125
0.7686519622802734 0.11237716674804688 0.10334587097167969 0.015625
0.7686519622802734 0.11307907104492188 0.10264396667480469 0.015625
0.7686519622802734 0.11205863952636719 0.10366439819335938 0.015625
0.7608375549316406 0.11229324340820312 0.10343170166015625 0.0234375
0.6771507263183594 0.10152626037597656 0.10413551330566406 0.1171875
0.758056640625 0.10926628112792969 0.10142707824707031 0.03125
0.773681640625 0.1098785400390625 0.1008148193359375 0.015625
time 11.44
error 184037.484375
20 self_attn.k_proj
Quantizing the layer self_attn.k_proj ...
0.7608299255371094 0.11226463317871094 0.10346794128417969 0.0234375
0.711181640625 0.10701751708984375 0.10367584228515625 0.078125
0.765869140625 0.1101226806640625 0.1005706787109375 0.0234375
0.7686519622802734 0.11231040954589844 0.10341262817382812 0.015625
0.7608394622802734 0.11247634887695312 0.10324668884277344 0.0234375
0.742431640625 0.10893440246582031 0.10175895690917969 0.046875
0.718994140625 0.10790252685546875 0.10279083251953125 0.0703125
0.742431640625 0.10850334167480469 0.10219001770019531 0.046875
0.7686519622802734 0.11220741271972656 0.103515625 0.015625
0.7608394622802734 0.11169815063476562 0.10402488708496094 0.0234375
0.7608394622802734 0.11186790466308594 0.10385513305664062 0.0234375
0.758056640625 0.10972976684570312 0.10096359252929688 0.03125
0.7608394622802734 0.11127471923828125 0.10444831848144531 0.0234375
0.6927757263183594 0.10370635986328125 0.10195541381835938 0.1015625
0.765869140625 0.11041450500488281 0.10027885437011719 0.0234375
0.7162132263183594 0.10444068908691406 0.10122108459472656 0.078125
0.773681640625 0.11018753051757812 0.10050582885742188 0.015625
0.773681640625 0.10947990417480469 0.10121345520019531 0.015625
0.7686519622802734 0.11174583435058594 0.10397720336914062 0.015625
0.773681640625 0.1104888916015625 0.1002044677734375 0.015625
0.773681640625 0.1098175048828125 0.1008758544921875 0.015625
0.773681640625 0.1103515625 0.100341796875 0.015625
0.765869140625 0.10937690734863281 0.10131645202636719 0.0234375
0.6927757263183594 0.1021575927734375 0.10350418090820312 0.1015625
0.7318382263183594 0.10558700561523438 0.10007476806640625 0.0625
0.773681640625 0.10965728759765625 0.10103607177734375 0.015625
0.773681640625 0.10906410217285156 0.10162925720214844 0.015625
0.765869140625 0.10824394226074219 0.10244941711425781 0.0234375
0.765869140625 0.1082000732421875 0.1024932861328125 0.0234375
0.7162132263183594 0.10310554504394531 0.10255622863769531 0.078125
0.758056640625 0.10735702514648438 0.10333633422851562 0.03125
0.7787132263183594 0.10559844970703125 0.10006332397460938 0.015625
time 11.50
error 189660.34375
20 self_attn.v_proj
Quantizing the layer self_attn.v_proj ...
0.725067138671875 0.13514137268066406 0.10072898864746094 0.0390625
0.6257762908935547 0.121917724609375 0.10386848449707031 0.1484375
0.7407131195068359 0.13573265075683594 0.10011672973632812 0.0234375
0.7250881195068359 0.13474273681640625 0.10110664367675781 0.0390625
0.7329006195068359 0.1357250213623047 0.10012435913085938 0.03125
0.6335887908935547 0.12300682067871094 0.10277938842773438 0.140625
0.531494140625 0.10718345642089844 0.10350990295410156 0.2578125
0.5967769622802734 0.11557769775390625 0.10014533996582031 0.1875
0.6648387908935547 0.12477493286132812 0.10101127624511719 0.109375
0.6151828765869141 0.11922073364257812 0.10153388977050781 0.1640625
0.7250881195068359 0.13441085815429688 0.10143852233886719 0.0390625
0.5365257263183594 0.10412788391113281 0.10153388977050781 0.2578125
0.7250881195068359 0.1337909698486328 0.10205841064453125 0.0390625
0.5209007263183594 0.10284423828125 0.10281753540039062 0.2734375
0.7172756195068359 0.1329021453857422 0.10294723510742188 0.046875
0.6124019622802734 0.11562347412109375 0.10009956359863281 0.171875
0.7144947052001953 0.13042449951171875 0.10039329528808594 0.0546875
0.7250881195068359 0.13167190551757812 0.10417747497558594 0.0390625
0.6804637908935547 0.12481880187988281 0.1009674072265625 0.09375
0.7223072052001953 0.12941741943359375 0.10140037536621094 0.046875
0.7329006195068359 0.13197708129882812 0.10387229919433594 0.03125
0.7329006195068359 0.13256263732910156 0.1032867431640625 0.03125
0.7329006195068359 0.13205337524414062 0.10379600524902344 0.03125
0.6229953765869141 0.11646461486816406 0.10429000854492188 0.15625
0.578369140625 0.10839653015136719 0.10229682922363281 0.2109375
0.7379322052001953 0.12994956970214844 0.10086822509765625 0.03125
0.7223072052001953 0.12744903564453125 0.10336875915527344 0.046875
0.7039012908935547 0.12375259399414062 0.10203361511230469 0.0703125
0.7457447052001953 0.12944412231445312 0.10137367248535156 0.0234375
0.601806640625 0.10841560363769531 0.10227775573730469 0.1875
0.7273387908935547 0.1252727508544922 0.10051345825195312 0.046875
0.7457447052001953 0.1269207000732422 0.1038970947265625 0.0234375
time 11.20
error 109029.625
20 self_attn.o_proj
Quantizing the layer self_attn.o_proj ...
0.4818134307861328 0.10181617736816406 0.10387039184570312 0.3125
0.6910572052001953 0.12952232360839844 0.10129547119140625 0.078125
0.539306640625 0.10938644409179688 0.10130691528320312 0.25
0.5733394622802734 0.11465835571289062 0.10106468200683594 0.2109375
0.6938381195068359 0.13239479064941406 0.10345458984375 0.0703125
0.6910572052001953 0.12934303283691406 0.10147476196289062 0.078125
0.4528388977050781 0.09449386596679688 0.101104736328125 0.3515625
0.6124019622802734 0.11365318298339844 0.10206985473632812 0.171875
0.6754322052001953 0.1291484832763672 0.1016693115234375 0.09375
0.4344329833984375 0.09046363830566406 0.10010337829589844 0.375
0.547119140625 0.10838508605957031 0.10230827331542969 0.2421875
0.5995578765869141 0.11880874633789062 0.10194587707519531 0.1796875
0.6676197052001953 0.1267242431640625 0.10409355163574219 0.1015625
0.6832447052001953 0.12867355346679688 0.10214424133300781 0.0859375
0.6229953765869141 0.11829376220703125 0.10246086120605469 0.15625
0.7016506195068359 0.13199996948242188 0.10384941101074219 0.0625
0.7329006195068359 0.1328296661376953 0.10301971435546875 0.03125
0.7223072052001953 0.12927627563476562 0.10154151916503906 0.046875
0.7379322052001953 0.1283893585205078 0.10242843627929688 0.03125
0.6988697052001953 0.12839698791503906 0.10242080688476562 0.0703125
0.7250881195068359 0.13275146484375 0.10309791564941406 0.0390625
0.7401828765869141 0.11982917785644531 0.10092544555664062 0.0390625
0.6698703765869141 0.11829948425292969 0.10245513916015625 0.109375
0.4266204833984375 0.089508056640625 0.1010589599609375 0.3828125
0.7457447052001953 0.1287212371826172 0.1020965576171875 0.0234375
0.6804637908935547 0.12396812438964844 0.10181808471679688 0.09375
0.6754322052001953 0.1277008056640625 0.10311698913574219 0.09375
0.570556640625 0.10975837707519531 0.10093498229980469 0.21875
0.7144947052001953 0.12933921813964844 0.10147857666015625 0.0546875
0.6570262908935547 0.12355422973632812 0.10223197937011719 0.1171875
0.6151828765869141 0.11706924438476562 0.10368537902832031 0.1640625
0.7139644622802734 0.11499595642089844 0.10072708129882812 0.0703125
time 11.25
error 6891.8779296875
20 mlp.gate_proj
Quantizing the layer mlp.gate_proj ...
0.5811391472816467 0.11445298045873642 0.10128287225961685 0.203125
0.6492139101028442 0.12375303357839584 0.10203304141759872 0.125
0.7172759175300598 0.13257616758346558 0.10327289998531342 0.046875
0.7094627022743225 0.13201549649238586 0.10383428633213043 0.0546875
0.5393080711364746 0.10741974413394928 0.10327219218015671 0.25
0.7172759175300598 0.13246473670005798 0.10338433086872101 0.046875
0.6832445859909058 0.12826679646968842 0.10255112498998642 0.0859375
0.49468356370925903 0.09961789101362228 0.10101105272769928 0.3046875
0.510308563709259 0.10046812146902084 0.10016082227230072 0.2890625
0.6229950785636902 0.11852317303419113 0.10223175585269928 0.15625
0.7250877022743225 0.1324264109134674 0.10342336446046829 0.0390625
0.6308075785636902 0.11881628632545471 0.1019386500120163 0.1484375
0.7250884175300598 0.13228093087673187 0.10356814414262772 0.0390625
0.5130891799926758 0.10161998867988586 0.10404080897569656 0.28125
0.7223070859909058 0.1301155984401703 0.10070233047008514 0.046875
0.5705580711364746 0.10970714688301086 0.10098479688167572 0.21875
0.7301195859909058 0.13035832345485687 0.10045960545539856 0.0390625
0.7223070859909058 0.12914329767227173 0.1016746312379837 0.046875
0.6960889101028442 0.12494393438100815 0.10084214061498642 0.078125
0.7379320859909058 0.1306159496307373 0.10020198673009872 0.03125
0.7379320859909058 0.130258247256279 0.10055967420339584 0.03125
0.7144945859909058 0.12787219882011414 0.1029457300901413 0.0546875
0.7379320859909058 0.12938246130943298 0.10143546015024185 0.03125
0.6202136874198914 0.11369501054286957 0.10202877968549728 0.1640625
0.6358386874198914 0.11502429842948914 0.10069949179887772 0.1484375
0.7379320859909058 0.12837468087673187 0.10244324803352356 0.03125
0.6436511874198914 0.11556864529848099 0.10015514492988586 0.140625
0.7195264101028442 0.12526969611644745 0.10051638633012772 0.0546875
0.7457445859909058 0.12819653749465942 0.10262139141559601 0.0234375
0.6933075785636902 0.12023855000734329 0.10051638633012772 0.0859375
0.7273389101028442 0.12391556054353714 0.10187051445245743 0.046875
0.7507764101028442 0.12487296015024185 0.10091311484575272 0.0234375
time 12.79
error 230774.8125
20 mlp.up_proj
Quantizing the layer mlp.up_proj ...
0.5158613324165344 0.10705069452524185 0.10365047305822372 0.2734375
0.6257764101028442 0.12386517226696014 0.10192090272903442 0.1484375
0.4528397023677826 0.09486353397369385 0.10073426365852356 0.3515625
0.7016509175300598 0.13325677812099457 0.10259228944778442 0.0625
0.42662155628204346 0.09043777734041214 0.100128173828125 0.3828125
0.6335889101028442 0.1235756129026413 0.10221046954393387 0.140625
0.6073700785636902 0.11906185001134872 0.10169308632612228 0.171875
0.6414014101028442 0.12419234961271286 0.10159372538328171 0.1328125
0.6073700785636902 0.11835071444511414 0.10240421444177628 0.171875
0.6492139101028442 0.12456423789262772 0.10122183710336685 0.125
0.4606522023677826 0.094685398042202 0.10091240704059601 0.34375
0.47124606370925903 0.09590539336204529 0.10472355037927628 0.328125
0.7172752022743225 0.133636474609375 0.1022133082151413 0.046875
0.6414014101028442 0.1233115941286087 0.10247448086738586 0.1328125
0.7016509175300598 0.132150337100029 0.10369873046875 0.0625
0.6229950785636902 0.11990498006343842 0.100849948823452 0.15625
0.6910570859909058 0.12835480272769928 0.10246312618255615 0.078125
0.6308075785636902 0.118601955473423 0.102152980864048 0.1484375
0.5209016799926758 0.1018272191286087 0.10383357852697372 0.2734375
0.7066820859909058 0.12906025350093842 0.10175766795873642 0.0625
0.7250884175300598 0.13259674608707428 0.10325232148170471 0.0390625
0.4840897023677826 0.09457822889089584 0.10101956874132156 0.3203125
0.7329009175300598 0.13275642693042755 0.10309263318777084 0.03125
0.6308075785636902 0.11758280545473099 0.10317212343215942 0.1484375
0.6882756948471069 0.12542866170406342 0.10035812109708786 0.0859375
0.7144945859909058 0.12858758866786957 0.10223034024238586 0.0546875
0.6124011874198914 0.1129966527223587 0.10272713750600815 0.171875
0.6698700785636902 0.12072966992855072 0.10002526640892029 0.109375
0.7379320859909058 0.12941297888755798 0.10140494257211685 0.03125
0.6776825785636902 0.11996814608573914 0.10078678280115128 0.1015625
0.7117131948471069 0.12457346171140671 0.10121332108974457 0.0625
0.7379320859909058 0.12689350545406342 0.10392441600561142 0.03125
time 12.81
error 199404.15625
20 mlp.down_proj
Quantizing the layer mlp.down_proj ...
0.7300987243652344 0.12999916076660156 0.10083961486816406 0.0390625
0.7223072052001953 0.12715530395507812 0.10366249084472656 0.046875
0.7144947052001953 0.1276836395263672 0.1031341552734375 0.0546875
0.7351512908935547 0.12390327453613281 0.1018829345703125 0.0390625
0.7195262908935547 0.12525367736816406 0.10053253173828125 0.0546875
0.7457447052001953 0.12720108032226562 0.10361671447753906 0.0234375
0.7039012908935547 0.12464141845703125 0.10114479064941406 0.0703125
0.7351512908935547 0.12229728698730469 0.10348892211914062 0.0390625
0.7195262908935547 0.125396728515625 0.10038948059082031 0.0546875
0.7457447052001953 0.12718963623046875 0.10362815856933594 0.0234375
0.7429637908935547 0.12475204467773438 0.10103416442871094 0.03125
0.7457447052001953 0.1299762725830078 0.10084152221679688 0.0234375
0.7066822052001953 0.12725830078125 0.10355949401855469 0.0625
0.6804637908935547 0.12185478210449219 0.10393142700195312 0.09375
0.7195262908935547 0.12359046936035156 0.10219573974609375 0.0546875
0.7507762908935547 0.12353706359863281 0.1022491455078125 0.0234375
0.7273387908935547 0.12577247619628906 0.10001373291015625 0.046875
0.6698703765869141 0.11904525756835938 0.10170936584472656 0.109375
0.7351512908935547 0.12425804138183594 0.10152816772460938 0.0390625
0.7379322052001953 0.12821578979492188 0.10260200500488281 0.03125
0.7429637908935547 0.12469482421875 0.10109138488769531 0.03125
0.7429637908935547 0.12433052062988281 0.1014556884765625 0.03125
0.7301197052001953 0.128753662109375 0.10206413269042969 0.0390625
0.6570262908935547 0.12166023254394531 0.1041259765625 0.1171875
0.7144947052001953 0.12675857543945312 0.10405921936035156 0.0546875
0.7039012908935547 0.12462234497070312 0.10116386413574219 0.0703125
0.7429637908935547 0.12468147277832031 0.101104736328125 0.03125
0.7039012908935547 0.12359428405761719 0.10219192504882812 0.0703125
0.7401828765869141 0.12034416198730469 0.10041046142578125 0.0390625
0.7351512908935547 0.12403678894042969 0.10174942016601562 0.0390625
0.6960887908935547 0.12438201904296875 0.10140419006347656 0.078125
0.7245578765869141 0.12038612365722656 0.10036849975585938 0.0546875
0.6698703765869141 0.11901664733886719 0.10173797607421875 0.109375
0.7429637908935547 0.12566184997558594 0.10012435913085938 0.03125
0.6882762908935547 0.12281227111816406 0.10297393798828125 0.0859375
0.7301197052001953 0.12702178955078125 0.10379600524902344 0.0390625
0.7223072052001953 0.1277637481689453 0.10305404663085938 0.046875
0.7507762908935547 0.12413978576660156 0.10164642333984375 0.0234375
0.7117137908935547 0.12298774719238281 0.1027984619140625 0.0625
0.7167453765869141 0.11919021606445312 0.10156440734863281 0.0625
0.7351512908935547 0.125579833984375 0.10020637512207031 0.0390625
0.7273387908935547 0.12477493286132812 0.10101127624511719 0.046875
0.7429637908935547 0.12504196166992188 0.10074424743652344 0.03125
0.7401828765869141 0.11899757385253906 0.10175704956054688 0.0390625
0.7351512908935547 0.12203407287597656 0.10375213623046875 0.0390625
0.7273387908935547 0.1256694793701172 0.10011672973632812 0.046875
0.7273387908935547 0.12459564208984375 0.10119056701660156 0.046875
0.7273387908935547 0.12201690673828125 0.10376930236816406 0.046875
0.7351512908935547 0.12499809265136719 0.10078811645507812 0.0390625
0.7195262908935547 0.12300491333007812 0.10278129577636719 0.0546875
0.7323703765869141 0.12069129943847656 0.10006332397460938 0.046875
0.7039012908935547 0.12282180786132812 0.10296440124511719 0.0703125
0.7351512908935547 0.1246490478515625 0.10113716125488281 0.0390625
0.7167453765869141 0.1205291748046875 0.10022544860839844 0.0625
0.7223072052001953 0.12728309631347656 0.10353469848632812 0.046875
0.7117137908935547 0.12337684631347656 0.10240936279296875 0.0625
0.7507762908935547 0.12566375732421875 0.10012245178222656 0.0234375
0.7351512908935547 0.12297630310058594 0.10280990600585938 0.0390625
0.7117137908935547 0.12177848815917969 0.10400772094726562 0.0625
0.7351512908935547 0.1245880126953125 0.10119819641113281 0.0390625
0.7089328765869141 0.11964797973632812 0.10110664367675781 0.0703125
0.7039012908935547 0.12184906005859375 0.10393714904785156 0.0703125
0.7585887908935547 0.122344970703125 0.10344123840332031 0.015625
0.7351512908935547 0.12511444091796875 0.10067176818847656 0.0390625
0.7273387908935547 0.12219429016113281 0.1035919189453125 0.046875
0.7089328765869141 0.12065505981445312 0.10009956359863281 0.0703125
0.7195262908935547 0.12174797058105469 0.10403823852539062 0.0546875
0.7117137908935547 0.12442779541015625 0.10135841369628906 0.0625
0.7636203765869141 0.12014007568359375 0.10061454772949219 0.015625
0.7323703765869141 0.11811637878417969 0.10263824462890625 0.046875
0.7245578765869141 0.12030982971191406 0.10044479370117188 0.0546875
0.7429637908935547 0.12272834777832031 0.103057861328125 0.03125
0.7507762908935547 0.12322998046875 0.10255622863769531 0.0234375
0.7507762908935547 0.12456512451171875 0.10122108459472656 0.0234375
0.7429637908935547 0.122283935546875 0.10350227355957031 0.03125
0.6670894622802734 0.1114959716796875 0.10422706604003906 0.1171875
0.7585887908935547 0.12303924560546875 0.10274696350097656 0.015625
0.7479953765869141 0.11932754516601562 0.10142707824707031 0.03125
0.7167453765869141 0.11826515197753906 0.10248947143554688 0.0625
0.7323703765869141 0.119964599609375 0.10079002380371094 0.046875
0.7479953765869141 0.11920547485351562 0.10154914855957031 0.03125
0.7323703765869141 0.12058830261230469 0.10016632080078125 0.046875
0.7401828765869141 0.1201171875 0.10063743591308594 0.0390625
0.7401828765869141 0.11874961853027344 0.1020050048828125 0.0390625
0.7351512908935547 0.121826171875 0.10396003723144531 0.0390625
0.7558078765869141 0.11786270141601562 0.10289192199707031 0.0234375
time 30.25
error 25929.6171875
21 self_attn.q_proj
Quantizing the layer self_attn.q_proj ...
0.760833740234375 0.11440277099609375 0.10132598876953125 0.0234375
0.6118698120117188 0.09931182861328125 0.101318359375 0.1875
0.7608394622802734 0.11391448974609375 0.10180854797363281 0.0234375
0.7686519622802734 0.11446189880371094 0.10126113891601562 0.015625
0.7608394622802734 0.11430168151855469 0.10142135620117188 0.0234375
0.695556640625 0.10665512084960938 0.10403823852539062 0.09375
0.679931640625 0.10729217529296875 0.10340118408203125 0.109375
0.6693382263183594 0.10429573059082031 0.10136604309082031 0.125
0.7608394622802734 0.11415863037109375 0.10156440734863281 0.0234375
0.7608394622802734 0.11381912231445312 0.10190391540527344 0.0234375
0.7608394622802734 0.11322212219238281 0.10250091552734375 0.0234375
0.726806640625 0.10934066772460938 0.10135269165039062 0.0625
0.7452144622802734 0.11198043823242188 0.10374259948730469 0.0390625
0.6693382263183594 0.1042327880859375 0.10142898559570312 0.125
0.7530269622802734 0.11268424987792969 0.10303878784179688 0.03125
0.7374019622802734 0.11188316345214844 0.10383987426757812 0.046875
0.7686519622802734 0.11432456970214844 0.10139846801757812 0.015625
0.7686519622802734 0.11401939392089844 0.10170364379882812 0.015625
0.7686519622802734 0.1132965087890625 0.10242652893066406 0.015625
0.7608394622802734 0.11322593688964844 0.10249710083007812 0.0234375
0.7608394622802734 0.11288261413574219 0.10284042358398438 0.0234375
0.7686519622802734 0.11286163330078125 0.10286140441894531 0.015625
0.7608394622802734 0.11290550231933594 0.10281753540039062 0.0234375
0.7084007263183594 0.10532188415527344 0.10033988952636719 0.0859375
0.7084007263183594 0.10550117492675781 0.10016059875488281 0.0859375
0.7686519622802734 0.11199188232421875 0.10373115539550781 0.015625
0.7686519622802734 0.11219596862792969 0.10352706909179688 0.015625
0.765869140625 0.11028861999511719 0.10040473937988281 0.0234375
0.765869140625 0.11041450500488281 0.10027885437011719 0.0234375
0.6509323120117188 0.09811782836914062 0.10251235961914062 0.1484375
0.758056640625 0.109466552734375 0.101226806640625 0.03125
0.773681640625 0.10951042175292969 0.10118293762207031 0.015625
time 11.41
error 186106.21875
21 self_attn.k_proj
Quantizing the layer self_attn.k_proj ...
0.7686347961425781 0.11286544799804688 0.102874755859375 0.015625
0.6771507263183594 0.10291099548339844 0.10275077819824219 0.1171875
0.765869140625 0.11034202575683594 0.10035133361816406 0.0234375
0.7686500549316406 0.11277198791503906 0.10295295715332031 0.015625
0.7608394622802734 0.11153602600097656 0.10418701171875 0.0234375
0.742431640625 0.10900115966796875 0.10169219970703125 0.046875
0.718994140625 0.10721397399902344 0.10347938537597656 0.0703125
0.742431640625 0.10931015014648438 0.10138320922851562 0.046875
0.7686519622802734 0.11222076416015625 0.10350227355957031 0.015625
0.7608394622802734 0.11175155639648438 0.10397148132324219 0.0234375
0.7686519622802734 0.11214637756347656 0.10357666015625 0.015625
0.7396507263183594 0.10552406311035156 0.10013771057128906 0.0546875
0.765869140625 0.11054420471191406 0.10014915466308594 0.0234375
0.6771507263183594 0.1012725830078125 0.10438919067382812 0.1171875
0.765869140625 0.11062431335449219 0.10006904602050781 0.0234375
0.6587448120117188 0.09884834289550781 0.10178184509277344 0.140625
0.765869140625 0.10930252075195312 0.10139083862304688 0.0234375
0.773681640625 0.10996246337890625 0.10073089599609375 0.015625
0.773681640625 0.11015701293945312 0.10053634643554688 0.015625
0.773681640625 0.109588623046875 0.101104736328125 0.015625
0.773681640625 0.11015892028808594 0.10053443908691406 0.015625
0.773681640625 0.10960960388183594 0.10108375549316406 0.015625
0.765869140625 0.10900497436523438 0.10168838500976562 0.0234375
0.7084007263183594 0.10343360900878906 0.10222816467285156 0.0859375
0.734619140625 0.10631752014160156 0.10437583923339844 0.0546875
0.773681640625 0.10898971557617188 0.10170364379882812 0.015625
0.773681640625 0.10843276977539062 0.10226058959960938 0.015625
0.765869140625 0.10733604431152344 0.10335731506347656 0.0234375
0.765869140625 0.10760116577148438 0.10309219360351562 0.0234375
0.6559638977050781 0.09498977661132812 0.10060882568359375 0.1484375
0.758056640625 0.10624885559082031 0.10444450378417969 0.03125
0.773681640625 0.10725212097167969 0.10344123840332031 0.015625
time 11.40
error 189921.421875
21 self_attn.v_proj
Quantizing the layer self_attn.v_proj ...
0.7250785827636719 0.13447189331054688 0.10138702392578125 0.0390625
0.6151828765869141 0.12039566040039062 0.10035896301269531 0.1640625
0.7329006195068359 0.1342182159423828 0.10163116455078125 0.03125
0.7250881195068359 0.13412094116210938 0.10172843933105469 0.0390625
0.7250881195068359 0.1343231201171875 0.10152626037597656 0.0390625
0.6229953765869141 0.12046051025390625 0.10029411315917969 0.15625
0.6648387908935547 0.12514877319335938 0.10063743591308594 0.109375
0.6648387908935547 0.12512588500976562 0.10066032409667969 0.109375
0.6386203765869141 0.12047386169433594 0.10028076171875 0.140625
0.5733394622802734 0.11300849914550781 0.10271453857421875 0.2109375
0.7094631195068359 0.13180160522460938 0.10404777526855469 0.0546875
0.6124019622802734 0.11515426635742188 0.10056877136230469 0.171875
0.7250881195068359 0.13260650634765625 0.10324287414550781 0.0390625
0.5811519622802734 0.11272430419921875 0.10299873352050781 0.203125
0.7250881195068359 0.1326446533203125 0.10320472717285156 0.0390625
0.5365257263183594 0.10491752624511719 0.10074424743652344 0.2578125
0.7223072052001953 0.13057708740234375 0.10024070739746094 0.046875
0.6648387908935547 0.12247276306152344 0.10331344604492188 0.109375
0.6882762908935547 0.12521743774414062 0.10056877136230469 0.0859375
0.7301197052001953 0.13016319274902344 0.10065460205078125 0.0390625
0.7329006195068359 0.132171630859375 0.10367774963378906 0.03125
0.7379322052001953 0.13072967529296875 0.10008811950683594 0.03125
0.7407131195068359 0.1320819854736328 0.10376739501953125 0.0234375
0.6045894622802734 0.11259651184082031 0.10312652587890625 0.1796875
0.5259323120117188 0.09962081909179688 0.10100936889648438 0.2734375
0.7379322052001953 0.12981605529785156 0.10100173950195312 0.03125
0.7379322052001953 0.12907981872558594 0.10173797607421875 0.03125
0.7039012908935547 0.12447547912597656 0.10131072998046875 0.0703125
0.7457447052001953 0.12917137145996094 0.10164642333984375 0.0234375
0.601806640625 0.10853385925292969 0.10215950012207031 0.1875
0.7117137908935547 0.12328720092773438 0.10249900817871094 0.0625
0.7429637908935547 0.1256542205810547 0.10013198852539062 0.03125
time 11.34
error 123491.6875
21 self_attn.o_proj
Quantizing the layer self_attn.o_proj ...
0.7172679901123047 0.13216781616210938 0.10368919372558594 0.046875
0.6073703765869141 0.12005424499511719 0.10070037841796875 0.171875
0.6124019622802734 0.11567306518554688 0.10004997253417969 0.171875
0.5733394622802734 0.11555671691894531 0.10016632080078125 0.2109375
0.6151828765869141 0.11997604370117188 0.10077857971191406 0.1640625
0.6073703765869141 0.1187286376953125 0.10202598571777344 0.171875
0.6910572052001953 0.1279277801513672 0.1028900146484375 0.078125
0.6726512908935547 0.1254405975341797 0.10034561157226562 0.1015625
0.6910572052001953 0.12906837463378906 0.10174942016601562 0.078125
0.5917453765869141 0.11656951904296875 0.10418510437011719 0.1875
0.7172756195068359 0.13396835327148438 0.10188102722167969 0.046875
0.6754322052001953 0.1274433135986328 0.10337448120117188 0.09375
0.7250881195068359 0.13384246826171875 0.10200691223144531 0.0390625
0.7301197052001953 0.1299896240234375 0.10082817077636719 0.0390625
0.6960887908935547 0.12494468688964844 0.10084152221679688 0.078125
0.6229953765869141 0.11954116821289062 0.10121345520019531 0.15625
0.5967769622802734 0.11547279357910156 0.100250244140625 0.1875
0.7485256195068359 0.1342926025390625 0.10155677795410156 0.015625
0.5649948120117188 0.10046195983886719 0.10016822814941406 0.234375
0.7434940338134766 0.13821029663085938 0.10267066955566406 0.015625
0.6754322052001953 0.12662315368652344 0.10419464111328125 0.09375
0.7379322052001953 0.12977981567382812 0.10103797912597656 0.03125
0.7329006195068359 0.1349945068359375 0.10085487365722656 0.03125
0.531494140625 0.1068572998046875 0.1038360595703125 0.2578125
0.4528388977050781 0.09065818786621094 0.10494041442871094 0.3515625
0.7407131195068359 0.13274765014648438 0.10310173034667969 0.0234375
0.6386203765869141 0.11738967895507812 0.10336494445800781 0.140625
0.6229953765869141 0.11929130554199219 0.10146331787109375 0.15625
0.7039012908935547 0.12425613403320312 0.10153007507324219 0.0703125
0.609619140625 0.11026954650878906 0.10042381286621094 0.1796875
0.6676197052001953 0.12700462341308594 0.10381317138671875 0.1015625
0.7167453765869141 0.11966133117675781 0.10109329223632812 0.0625
time 11.39
error 7212.03515625
21 mlp.gate_proj
Quantizing the layer mlp.gate_proj ...
0.5471006631851196 0.10950558632612228 0.1012062281370163 0.2421875
0.5811511874198914 0.11462686210870743 0.10109692811965942 0.203125
0.7094634175300598 0.1320694386959076 0.103779636323452 0.0546875
0.6648381948471069 0.12521645426750183 0.10057032108306885 0.109375
0.5314955711364746 0.10674410313367844 0.10394784063100815 0.2578125
0.5627455711364746 0.11050840467214584 0.10018353164196014 0.2265625
0.5314955711364746 0.10659576952457428 0.10409616678953171 0.2578125
0.5995575785636902 0.11700652539730072 0.10374841094017029 0.1796875
0.6386200785636902 0.12015338242053986 0.10060155391693115 0.140625
0.44224655628204346 0.09051371365785599 0.10005223751068115 0.3671875
0.7329009175300598 0.13346827030181885 0.10238079726696014 0.03125
0.5967761874198914 0.11448492109775543 0.10123886913061142 0.1875
0.7144945859909058 0.13037109375 0.10044683516025543 0.0546875
0.4684647023677826 0.09417937695980072 0.10141842812299728 0.3359375
0.7144945859909058 0.12976287305355072 0.10105505585670471 0.0546875
0.44224655628204346 0.08903396874666214 0.101531982421875 0.3671875
0.7301195859909058 0.13060033321380615 0.10021759569644928 0.0390625
0.7223070859909058 0.12954498827457428 0.10127294063568115 0.046875
0.6960889101028442 0.12528814375400543 0.10049793124198914 0.078125
0.7223070859909058 0.1288047581911087 0.10201316326856613 0.046875
0.7301195859909058 0.12989558279514313 0.10092233866453171 0.0390625
0.5287141799926758 0.10136661678552628 0.10429418087005615 0.265625
0.7379320859909058 0.1303306370973587 0.10048728436231613 0.03125
0.6882764101028442 0.12369555234909058 0.10209052264690399 0.0859375
0.6280261874198914 0.11503707617521286 0.10068671405315399 0.15625
0.7223070859909058 0.12791620194911957 0.10290172696113586 0.046875
0.5939955711364746 0.10885833203792572 0.10183361172676086 0.1953125
0.7117139101028442 0.12456494569778442 0.10122112929821014 0.0625
0.7457445859909058 0.12916459143161774 0.10165334492921829 0.0234375
0.6854950785636902 0.11975806951522827 0.10099685937166214 0.09375
0.7011200785636902 0.12068566679954529 0.10006926953792572 0.078125
0.7457445859909058 0.12648826837539673 0.1043296605348587 0.0234375
time 12.95
error 243087.03125
21 mlp.up_proj
Quantizing the layer mlp.up_proj ...
0.549896240234375 0.11305059492588043 0.10267816483974457 0.234375
0.6257764101028442 0.12369696795940399 0.10208910703659058 0.1484375
0.5052766799926758 0.10372143983840942 0.101939357817173 0.2890625
0.5158705711364746 0.10699533671140671 0.10369659960269928 0.2734375
0.5236830711364746 0.10737006366252899 0.103321872651577 0.265625
0.5917450785636902 0.11764881014823914 0.10310611873865128 0.1875
0.6151825785636902 0.120371975004673 0.100382961332798 0.1640625
0.6414006948471069 0.12422996014356613 0.10155682265758514 0.1328125
0.6570264101028442 0.12517458200454712 0.10061148554086685 0.1171875
0.49746420979499817 0.10194574296474457 0.10371505469083786 0.296875
0.49468356370925903 0.1003013402223587 0.10032760351896286 0.3046875
0.5995575785636902 0.11637061834335327 0.10438431054353714 0.1796875
0.7016502022743225 0.13224756717681885 0.10360220819711685 0.0625
0.6073700785636902 0.1185203343629837 0.10223459452390671 0.171875
0.4450272023677826 0.09106019139289856 0.10453760623931885 0.359375
0.6151825785636902 0.11866796016693115 0.10208697617053986 0.1640625
0.6832445859909058 0.12783458828926086 0.10298334062099457 0.0859375
0.6151825785636902 0.11692703515291214 0.10382790118455887 0.1640625
0.5549330711364746 0.107716403901577 0.10297553241252899 0.234375
0.7144945859909058 0.13060814142227173 0.1002097874879837 0.0546875
0.7144945859909058 0.13010495901107788 0.10071297734975815 0.0546875
0.4762772023677826 0.09402111172676086 0.10157669335603714 0.328125
0.7250884175300598 0.132150337100029 0.10369873046875 0.0390625
0.6151825785636902 0.11636423319578171 0.1043906956911087 0.1640625
0.5783705711364746 0.11004851758480072 0.10064342617988586 0.2109375
0.4919022023677826 0.09467191249132156 0.10092588514089584 0.3125
0.5443391799926758 0.10261855274438858 0.10304224491119385 0.25
0.5365266799926758 0.10223885625600815 0.10342194139957428 0.2578125
0.7379320859909058 0.12977494299411774 0.10104299336671829 0.03125
0.6882756948471069 0.12326546758413315 0.10252132266759872 0.0859375
0.6698700785636902 0.11901713162660599 0.10173779726028442 0.109375
0.7379320859909058 0.12724623084068298 0.10357169061899185 0.03125
time 12.72
error 206154.65625
21 mlp.down_proj
Quantizing the layer mlp.down_proj ...
0.7144813537597656 0.12697982788085938 0.103851318359375 0.0546875
0.6988697052001953 0.12720298767089844 0.10361480712890625 0.0703125
0.7301197052001953 0.1295948028564453 0.10122299194335938 0.0390625
0.7301197052001953 0.1299915313720703 0.10082626342773438 0.0390625
0.6882762908935547 0.12447547912597656 0.10131072998046875 0.0859375
0.7144947052001953 0.12907981872558594 0.10173797607421875 0.0546875
0.7301197052001953 0.12705039978027344 0.10376739501953125 0.0390625
0.6386203765869141 0.11714744567871094 0.103607177734375 0.140625
0.7144947052001953 0.1275043487548828 0.10331344604492188 0.0546875
0.7301177978515625 0.1279144287109375 0.1029052734375 0.0390625
0.6882762908935547 0.1240997314453125 0.10168647766113281 0.0859375
0.7039012908935547 0.1252574920654297 0.10052871704101562 0.0703125
0.7301197052001953 0.12834930419921875 0.10246849060058594 0.0390625
0.7195262908935547 0.12488746643066406 0.10089874267578125 0.0546875
0.7429637908935547 0.12425804138183594 0.10152816772460938 0.03125
0.7144947052001953 0.12691688537597656 0.10390090942382812 0.0546875
0.7457447052001953 0.127593994140625 0.10322380065917969 0.0234375
0.7039012908935547 0.1223907470703125 0.10339546203613281 0.0703125
0.7351512908935547 0.12567901611328125 0.10010719299316406 0.0390625
0.6882762908935547 0.12282562255859375 0.10296058654785156 0.0859375
0.6988697052001953 0.12720680236816406 0.10361099243164062 0.0703125
0.7379322052001953 0.12859344482421875 0.10222434997558594 0.03125
0.7195262908935547 0.12466239929199219 0.10112380981445312 0.0546875
0.7039012908935547 0.12508392333984375 0.10070228576660156 0.0703125
0.7223072052001953 0.1293926239013672 0.1014251708984375 0.046875
0.7457447052001953 0.1277332305908203 0.10308456420898438 0.0234375
0.7117137908935547 0.12478256225585938 0.10100364685058594 0.0625
0.7301197052001953 0.12725257873535156 0.10356521606445312 0.0390625
0.7351512908935547 0.12369537353515625 0.10209083557128906 0.0390625
0.7301197052001953 0.1278553009033203 0.10296249389648438 0.0390625
0.7351512908935547 0.1246795654296875 0.10110664367675781 0.0390625
0.7301197052001953 0.12776756286621094 0.10305023193359375 0.0390625
0.7379322052001953 0.1287689208984375 0.10204887390136719 0.03125
0.7301197052001953 0.1278820037841797 0.102935791015625 0.0390625
0.7379322052001953 0.1275157928466797 0.103302001953125 0.03125
0.7301197052001953 0.12891769409179688 0.10190010070800781 0.0390625
0.7379322052001953 0.12831497192382812 0.10250282287597656 0.03125
0.7195262908935547 0.12495613098144531 0.100830078125 0.0546875
0.7273387908935547 0.12432479858398438 0.10146141052246094 0.046875
0.7379322052001953 0.12863540649414062 0.10218238830566406 0.03125
0.7273387908935547 0.12520599365234375 0.10058021545410156 0.046875
0.7457447052001953 0.1274547576904297 0.103363037109375 0.0234375
0.7379322052001953 0.1288433074951172 0.1019744873046875 0.03125
0.7585887908935547 0.12518882751464844 0.10059738159179688 0.015625
0.7039012908935547 0.12439727783203125 0.10138893127441406 0.0703125
0.7457447052001953 0.12945175170898438 0.10136604309082031 0.0234375
0.6854953765869141 0.11950302124023438 0.10125160217285156 0.09375
0.7195262908935547 0.12234115600585938 0.10344505310058594 0.0546875
0.7429637908935547 0.12370872497558594 0.10207748413085938 0.03125
0.7379322052001953 0.1274261474609375 0.10339164733886719 0.03125
0.7457447052001953 0.12689781188964844 0.10391998291015625 0.0234375
0.7301197052001953 0.12750816345214844 0.10330963134765625 0.0390625
0.7379322052001953 0.127777099609375 0.10304069519042969 0.03125
0.7351512908935547 0.1257801055908203 0.100006103515625 0.0390625
0.7351512908935547 0.12383079528808594 0.10195541381835938 0.0390625
0.7301197052001953 0.1279926300048828 0.10282516479492188 0.0390625
0.6436519622802734 0.11501312255859375 0.10070991516113281 0.140625
0.7301197052001953 0.12732505798339844 0.10349273681640625 0.0390625
0.7351512908935547 0.12386703491210938 0.10191917419433594 0.0390625
0.7457447052001953 0.1272125244140625 0.10360527038574219 0.0234375
0.7429637908935547 0.12435722351074219 0.10142898559570312 0.03125
0.7195262908935547 0.1253795623779297 0.10040664672851562 0.0546875
0.7195262908935547 0.125213623046875 0.10057258605957031 0.0546875
0.7195262908935547 0.12416267395019531 0.10162353515625 0.0546875
0.7379322052001953 0.1271343231201172 0.1036834716796875 0.03125
0.7351512908935547 0.12419319152832031 0.101593017578125 0.0390625
0.7323703765869141 0.11998558044433594 0.10076904296875 0.046875
0.7011203765869141 0.12000656127929688 0.10074806213378906 0.078125
0.7195262908935547 0.12350845336914062 0.10227775573730469 0.0546875
0.7429637908935547 0.12354660034179688 0.10223960876464844 0.03125
0.7429637908935547 0.12514305114746094 0.10064315795898438 0.03125
0.7429637908935547 0.12229728698730469 0.10348892211914062 0.03125
0.7351512908935547 0.12272262573242188 0.10306358337402344 0.0390625
0.7401828765869141 0.120697021484375 0.10005760192871094 0.0390625
0.7429637908935547 0.12381172180175781 0.1019744873046875 0.03125
0.7401828765869141 0.12073326110839844 0.1000213623046875 0.0390625
0.7351512908935547 0.12466239929199219 0.10112380981445312 0.0390625
0.7429637908935547 0.12234878540039062 0.10343742370605469 0.03125
0.7507762908935547 0.12199211120605469 0.10379409790039062 0.0234375
0.7273387908935547 0.12217140197753906 0.10361480712890625 0.046875
0.7323703765869141 0.11968421936035156 0.10107040405273438 0.046875
0.7273387908935547 0.123046875 0.10273933410644531 0.046875
0.7323703765869141 0.11937713623046875 0.10137748718261719 0.046875
0.7558078765869141 0.11939048767089844 0.1013641357421875 0.0234375
0.7585887908935547 0.12192153930664062 0.10386466979980469 0.015625
0.7558078765869141 0.11938858032226562 0.10136604309082031 0.0234375
time 29.80
error 25016.64453125
22 self_attn.q_proj
Quantizing the layer self_attn.q_proj ...
0.7558040618896484 0.11803436279296875 0.10272407531738281 0.0234375
0.7139644622802734 0.11363410949707031 0.10208892822265625 0.0703125
0.7558078765869141 0.11777687072753906 0.10297775268554688 0.0234375
0.7636203765869141 0.11827659606933594 0.10247802734375 0.015625
0.7558078765869141 0.11723899841308594 0.103515625 0.0234375
0.7061519622802734 0.11186408996582031 0.10385894775390625 0.078125
0.6983394622802734 0.11220169067382812 0.10352134704589844 0.0859375
0.7295894622802734 0.11407852172851562 0.10164451599121094 0.0546875
0.7558078765869141 0.11693382263183594 0.10382080078125 0.0234375
0.7558078765869141 0.11766433715820312 0.10309028625488281 0.0234375
0.7558078765869141 0.117279052734375 0.10347557067871094 0.0234375
0.7608394622802734 0.114776611328125 0.10094642639160156 0.0234375
0.7452144622802734 0.11441993713378906 0.1013031005859375 0.0390625
0.5962448120117188 0.09733390808105469 0.10329627990722656 0.203125
0.7530269622802734 0.11526870727539062 0.10045433044433594 0.03125
0.7374019622802734 0.11380195617675781 0.10192108154296875 0.046875
0.7636203765869141 0.11720848083496094 0.103546142578125 0.015625
0.7636203765869141 0.11662864685058594 0.1041259765625 0.015625
0.7686519622802734 0.11559486389160156 0.100128173828125 0.015625
0.7608394622802734 0.11527442932128906 0.1004486083984375 0.0234375
0.7608394622802734 0.11512184143066406 0.1006011962890625 0.0234375
0.7686519622802734 0.11547088623046875 0.10025215148925781 0.015625
0.7608394622802734 0.11473274230957031 0.10099029541015625 0.0234375
0.6693382263183594 0.10416984558105469 0.10149192810058594 0.125
0.695556640625 0.10759162902832031 0.10310173034667969 0.09375
0.7686519622802734 0.11463737487792969 0.10108566284179688 0.015625
0.7686519622802734 0.1145477294921875 0.10117530822753906 0.015625
0.7608394622802734 0.11370277404785156 0.102020263671875 0.0234375
0.7608394622802734 0.11359214782714844 0.10213088989257812 0.0234375
0.6587448120117188 0.10047531127929688 0.10015487670898438 0.140625
0.7530269622802734 0.11205863952636719 0.10366439819335938 0.03125
0.7686519622802734 0.11188888549804688 0.10383415222167969 0.015625
time 11.33
error 198117.453125
22 self_attn.k_proj
Quantizing the layer self_attn.k_proj ...
0.7686405181884766 0.11499977111816406 0.10073471069335938 0.015625
0.6118698120117188 0.09842300415039062 0.10220718383789062 0.1875
0.7608394622802734 0.11435317993164062 0.10136985778808594 0.0234375
0.7686519622802734 0.11539459228515625 0.10032844543457031 0.015625
0.7608394622802734 0.11556816101074219 0.10015487670898438 0.0234375
0.7374019622802734 0.11268234252929688 0.10304069519042969 0.046875
0.6771507263183594 0.10512161254882812 0.1005401611328125 0.1171875
0.734619140625 0.11065673828125 0.10003662109375 0.0546875
0.7686519622802734 0.11551094055175781 0.10021209716796875 0.015625
0.7608394622802734 0.11414527893066406 0.1015777587890625 0.0234375
0.7686519622802734 0.11470794677734375 0.10101509094238281 0.015625
0.7530269622802734 0.11304473876953125 0.10267829895019531 0.03125
0.7608394622802734 0.1131134033203125 0.10260963439941406 0.0234375
0.6012763977050781 0.09528732299804688 0.100311279296875 0.203125
0.7608394622802734 0.11323738098144531 0.10248565673828125 0.0234375
0.6196823120117188 0.09739875793457031 0.10323143005371094 0.1796875
0.7608394622802734 0.11285018920898438 0.10287284851074219 0.0234375
0.7686519622802734 0.11332321166992188 0.10239982604980469 0.015625
0.7686519622802734 0.11360931396484375 0.10211372375488281 0.015625
0.7608394622802734 0.11260223388671875 0.10312080383300781 0.0234375
0.7686519622802734 0.11310005187988281 0.10262298583984375 0.015625
0.7686519622802734 0.11350631713867188 0.10221672058105469 0.015625
0.7608394622802734 0.1121826171875 0.10354042053222656 0.0234375
0.6587448120117188 0.10055923461914062 0.10007095336914062 0.140625
0.734619140625 0.10867118835449219 0.10202217102050781 0.0546875
0.7686519622802734 0.11176490783691406 0.1039581298828125 0.015625
0.7686519622802734 0.11210441589355469 0.10361862182617188 0.015625
0.765869140625 0.11011695861816406 0.10057640075683594 0.0234375
0.765869140625 0.11054611206054688 0.10014724731445312 0.0234375
0.6665573120117188 0.09917449951171875 0.1014556884765625 0.1328125
0.758056640625 0.10901451110839844 0.10167884826660156 0.03125
0.773681640625 0.10980415344238281 0.10088920593261719 0.015625
time 11.15
error 202272.5
22 self_attn.v_proj
Quantizing the layer self_attn.v_proj ...
0.7250690460205078 0.13486862182617188 0.10099983215332031 0.0390625
0.47905731201171875 0.09900283813476562 0.10162734985351562 0.3203125
0.7329006195068359 0.1339893341064453 0.10186004638671875 0.03125
0.7016506195068359 0.13177490234375 0.10407447814941406 0.0625
0.7250881195068359 0.1338672637939453 0.10198211669921875 0.0390625
0.6988697052001953 0.1292896270751953 0.10152816772460938 0.0703125
0.5967769622802734 0.11512565612792969 0.10059738159179688 0.1875
0.4606513977050781 0.09426498413085938 0.1013336181640625 0.34375
0.5052757263183594 0.10101699829101562 0.104644775390625 0.2890625
0.6910572052001953 0.12853050231933594 0.10228729248046875 0.078125
0.7172756195068359 0.13173484802246094 0.10411453247070312 0.046875
0.5181198120117188 0.1004180908203125 0.10021209716796875 0.28125
0.7144947052001953 0.1299285888671875 0.10088920593261719 0.0546875
0.6492137908935547 0.122314453125 0.10347175598144531 0.125
0.7144947052001953 0.1301727294921875 0.10064506530761719 0.0546875
0.5103073120117188 0.10022163391113281 0.10040855407714844 0.2890625
0.7223072052001953 0.1295948028564453 0.10122299194335938 0.046875
0.6151828765869141 0.11624908447265625 0.10450553894042969 0.1640625
0.7223072052001953 0.1291656494140625 0.10165214538574219 0.046875
0.7301197052001953 0.12976646423339844 0.10105133056640625 0.0390625
0.7379322052001953 0.13062667846679688 0.10019111633300781 0.03125
0.7144947052001953 0.12899017333984375 0.10182762145996094 0.0546875
0.7379322052001953 0.13007354736328125 0.10074424743652344 0.03125
0.6620578765869141 0.12010955810546875 0.10064506530761719 0.1171875
0.6464328765869141 0.11729240417480469 0.10346221923828125 0.1328125
0.7379322052001953 0.12845611572265625 0.10236167907714844 0.03125
0.7379322052001953 0.1286163330078125 0.10220146179199219 0.03125
0.7039012908935547 0.12387275695800781 0.1019134521484375 0.0703125
0.7379322052001953 0.12845230102539062 0.10236549377441406 0.03125
0.6280269622802734 0.11282539367675781 0.10289764404296875 0.15625
0.6933078765869141 0.12018013000488281 0.10057449340820312 0.0859375
0.7507762908935547 0.12537574768066406 0.10041046142578125 0.0234375
time 11.22
error 126111.59375
22 self_attn.o_proj
Quantizing the layer self_attn.o_proj ...
0.5917377471923828 0.11868476867675781 0.10207748413085938 0.1875
0.7172756195068359 0.1348724365234375 0.10097694396972656 0.046875
0.7172756195068359 0.1341400146484375 0.10170936584472656 0.046875
0.12859725952148438 0.05018043518066406 0.7743473052978516 0.046875
0.7329006195068359 0.1339282989501953 0.10192108154296875 0.03125
0.7434940338134766 0.13809585571289062 0.10278511047363281 0.015625
0.6308078765869141 0.11832618713378906 0.10242843627929688 0.1484375
0.7329006195068359 0.13431739807128906 0.101531982421875 0.03125
0.6832447052001953 0.12971115112304688 0.10110664367675781 0.0859375
0.6101512908935547 0.12148475646972656 0.10430145263671875 0.1640625
0.6648387908935547 0.12526321411132812 0.10052299499511719 0.109375
0.6832447052001953 0.13020896911621094 0.10060882568359375 0.0859375
0.6308078765869141 0.11872673034667969 0.10202789306640625 0.1484375
0.6910572052001953 0.12901687622070312 0.10180091857910156 0.078125
0.6229953765869141 0.12013816833496094 0.100616455078125 0.15625
0.5287132263183594 0.10092926025390625 0.10473251342773438 0.265625
0.5811519622802734 0.11394882202148438 0.10177421569824219 0.203125
0.7407131195068359 0.1349925994873047 0.10085678100585938 0.0234375
0.6542453765869141 0.11605644226074219 0.10469818115234375 0.125
0.6257762908935547 0.12229156494140625 0.10349464416503906 0.1484375
0.6308078765869141 0.12038040161132812 0.10037422180175781 0.1484375
0.7094631195068359 0.133087158203125 0.10276222229003906 0.0546875
0.6754322052001953 0.1277294158935547 0.10308837890625 0.09375
0.6648387908935547 0.12152671813964844 0.10425949096679688 0.109375
0.5811519622802734 0.11271095275878906 0.1030120849609375 0.203125
0.6910572052001953 0.12693023681640625 0.10388755798339844 0.078125
0.6754322052001953 0.1265087127685547 0.10430908203125 0.09375
0.6045894622802734 0.11446380615234375 0.10125923156738281 0.1796875
0.7223072052001953 0.12729263305664062 0.10352516174316406 0.046875
0.6542453765869141 0.11840248107910156 0.10235214233398438 0.125
0.7011203765869141 0.11890029907226562 0.10185432434082031 0.078125
0.7245578765869141 0.11856460571289062 0.10219001770019531 0.0546875
time 11.12
error 9738.94921875
22 mlp.gate_proj
Quantizing the layer mlp.gate_proj ...
0.5917336940765381 0.11751538515090942 0.1032509058713913 0.1875
0.6492131948471069 0.12474947422742844 0.10103731602430344 0.125
0.6229950785636902 0.11998021602630615 0.10077472031116486 0.15625
0.7172759175300598 0.133065864443779 0.102783203125 0.046875
0.6073700785636902 0.11856149882078171 0.1021934300661087 0.171875
0.4528397023677826 0.09341146796941757 0.10218633711338043 0.3515625
0.5577136874198914 0.1114906519651413 0.10423314571380615 0.2265625
0.5811511874198914 0.11401651054620743 0.10170727968215942 0.203125
0.5733386874198914 0.11186111718416214 0.10386267304420471 0.2109375
0.5967761874198914 0.11528334766626358 0.10044045001268387 0.1875
0.7250884175300598 0.13293740153312683 0.10291165858507156 0.0390625
0.6151825785636902 0.11728118360042572 0.10347375273704529 0.1640625
0.7329009175300598 0.13299134373664856 0.10285772383213043 0.03125
0.5209016799926758 0.10311038047075272 0.10255041718482971 0.2734375
0.7144945859909058 0.1303505152463913 0.10046741366386414 0.0546875
0.6045886874198914 0.11502288281917572 0.10070090740919113 0.1796875
0.7301195859909058 0.13070537149906158 0.10011255741119385 0.0390625
0.5889636874198914 0.112040676176548 0.10368311405181885 0.1953125
0.6648381948471069 0.12241168320178986 0.10337509959936142 0.109375
0.7223070859909058 0.12922562658786774 0.10159230977296829 0.046875
0.7223070859909058 0.12930794060230255 0.10150998085737228 0.046875
0.6308075785636902 0.11692206561565399 0.10383286327123642 0.1484375
0.7407134175300598 0.13192322850227356 0.10392583906650543 0.0234375
0.6542450785636902 0.11938405781984329 0.10137087851762772 0.125
0.6698700785636902 0.12065160274505615 0.10010333359241486 0.109375
0.7223070859909058 0.12783671915531158 0.10298120975494385 0.046875
0.5755891799926758 0.10550068318843842 0.10016010701656342 0.21875
0.7195264101028442 0.12553228437900543 0.10025379061698914 0.0546875
0.7379320859909058 0.12851519882678986 0.10230273008346558 0.03125
0.6620575785636902 0.11779855936765671 0.1029563695192337 0.1171875
0.6933075785636902 0.12029390782117844 0.10046102851629257 0.0859375
0.7429639101028442 0.1251029074192047 0.10068316757678986 0.03125
time 12.93
error 251684.1875
22 mlp.up_proj
Quantizing the layer mlp.up_proj ...
0.5498884320259094 0.11241469532251358 0.103321872651577 0.234375
0.5158705711364746 0.10725296288728714 0.10343897342681885 0.2734375
0.42662155628204346 0.08999420702457428 0.10057174414396286 0.3828125
0.5158705711364746 0.1064453125 0.10424662381410599 0.2734375
0.5236830711364746 0.10713160037994385 0.10356033593416214 0.265625
0.5130891799926758 0.10546591132879257 0.10019488632678986 0.28125
0.6492139101028442 0.12485876679420471 0.10092730820178986 0.125
0.5499011874198914 0.11123728007078171 0.10448651015758514 0.234375
0.5209016799926758 0.10474555194377899 0.10091524571180344 0.2734375
0.5995575785636902 0.11807605624198914 0.10267887264490128 0.1796875
0.5889636874198914 0.11532095819711685 0.10040283203125 0.1953125
0.5655261874198914 0.11121386289596558 0.10450992733240128 0.21875
0.49468356370925903 0.10041489452123642 0.10021404922008514 0.3046875
0.5811511874198914 0.11405980587005615 0.1016639918088913 0.203125
0.48687106370925903 0.09843622148036957 0.102192722260952 0.3125
0.6676195859909058 0.12716178596019745 0.10365615040063858 0.1015625
0.6726514101028442 0.12503334879875183 0.10075271874666214 0.1015625
0.42662155628204346 0.08562664687633514 0.104939304292202 0.3828125
0.6726514101028442 0.12485947459936142 0.10092660039663315 0.1015625
0.6910570859909058 0.12800703942775726 0.10281088203191757 0.078125
0.7144945859909058 0.13037890195846558 0.10043902695178986 0.0546875
0.6124011874198914 0.11537986248731613 0.10034392774105072 0.171875
0.7329009175300598 0.13322129845619202 0.10262777656316757 0.03125
0.6308075785636902 0.11812219023704529 0.10263274610042572 0.1484375
0.5627455711364746 0.10727709531784058 0.10341484844684601 0.2265625
0.518121063709259 0.099446140229702 0.10118280351161957 0.28125
0.5627455711364746 0.10657092928886414 0.10412100702524185 0.2265625
0.6308075785636902 0.11694832891225815 0.10380660742521286 0.1484375
0.7301195859909058 0.12949815392494202 0.10131977498531342 0.0390625
0.6698693633079529 0.11982407420873642 0.1009315699338913 0.109375
0.6202136874198914 0.112559475004673 0.10316431522369385 0.1640625
0.7379320859909058 0.12678563594818115 0.10403229296207428 0.03125
time 12.87
error 209893.265625
22 mlp.down_proj
Quantizing the layer mlp.down_proj ...
0.6988563537597656 0.12731552124023438 0.103515625 0.0703125
0.7223072052001953 0.12700843811035156 0.10380935668945312 0.046875
0.7223072052001953 0.12984466552734375 0.10097312927246094 0.046875
0.7301197052001953 0.1287364959716797 0.102081298828125 0.0390625
0.7066822052001953 0.12764739990234375 0.10317039489746094 0.0625
0.6988697052001953 0.1273345947265625 0.10348320007324219 0.0703125
0.7379322052001953 0.1304607391357422 0.1003570556640625 0.03125
0.7351512908935547 0.12522315979003906 0.10056304931640625 0.0390625
0.7301197052001953 0.12874221801757812 0.10207557678222656 0.0390625
0.7379322052001953 0.12778472900390625 0.10303306579589844 0.03125
0.7117137908935547 0.12517356872558594 0.10061264038085938 0.0625
0.7223072052001953 0.1291332244873047 0.1016845703125 0.046875
0.7379322052001953 0.12756919860839844 0.10324859619140625 0.03125
0.7066822052001953 0.12696075439453125 0.10385704040527344 0.0625
0.7379322052001953 0.13036537170410156 0.10045242309570312 0.03125
0.7379322052001953 0.1284923553466797 0.102325439453125 0.03125
0.7429637908935547 0.12241363525390625 0.10337257385253906 0.03125
0.7351512908935547 0.12488746643066406 0.10089874267578125 0.0390625
0.7223072052001953 0.1287212371826172 0.1020965576171875 0.046875
0.7144947052001953 0.1274585723876953 0.10335922241210938 0.0546875
0.7507762908935547 0.1251811981201172 0.10060501098632812 0.0234375
0.7379322052001953 0.12958526611328125 0.10123252868652344 0.03125
0.7039012908935547 0.12524986267089844 0.10053634643554688 0.0703125
0.7457447052001953 0.1300201416015625 0.10079765319824219 0.0234375
0.7301197052001953 0.12769508361816406 0.10312271118164062 0.0390625
0.7223072052001953 0.12865447998046875 0.10216331481933594 0.046875
0.7273368835449219 0.1256732940673828 0.10011482238769531 0.046875
0.7301197052001953 0.13054466247558594 0.10027313232421875 0.0390625
0.7117137908935547 0.12489700317382812 0.10088920593261719 0.0625
0.7223072052001953 0.12746429443359375 0.10335350036621094 0.046875
0.7351512908935547 0.12325096130371094 0.10253524780273438 0.0390625
0.7066822052001953 0.12676429748535156 0.10405349731445312 0.0625
0.6960887908935547 0.12478446960449219 0.10100173950195312 0.078125
0.7223072052001953 0.12724876403808594 0.10356903076171875 0.046875
0.7301197052001953 0.12871932983398438 0.10209846496582031 0.0390625
0.7379322052001953 0.1296520233154297 0.101165771484375 0.03125
0.6804637908935547 0.12144851684570312 0.10433769226074219 0.09375
0.7429637908935547 0.1256275177001953 0.10015869140625 0.03125
0.7301197052001953 0.1270732879638672 0.1037445068359375 0.0390625
0.7429637908935547 0.12420272827148438 0.10158348083496094 0.03125
0.7379322052001953 0.1281719207763672 0.1026458740234375 0.03125
0.7039012908935547 0.12389945983886719 0.10188674926757812 0.0703125
0.7379322052001953 0.12804031372070312 0.10277748107910156 0.03125
0.7223072052001953 0.1277141571044922 0.1031036376953125 0.046875
0.7195262908935547 0.12538528442382812 0.10040092468261719 0.0546875
0.7429637908935547 0.12434959411621094 0.10143661499023438 0.03125
0.7195262908935547 0.1255779266357422 0.10020828247070312 0.0546875
0.7039012908935547 0.12473869323730469 0.10104751586914062 0.0703125
0.6960887908935547 0.124481201171875 0.10130500793457031 0.078125
0.7379322052001953 0.1284637451171875 0.10235404968261719 0.03125
0.7195262908935547 0.12476921081542969 0.10101699829101562 0.0546875
0.7195262908935547 0.12410163879394531 0.1016845703125 0.0546875
0.7301197052001953 0.12711334228515625 0.10370445251464844 0.0390625
0.7507762908935547 0.12483787536621094 0.10094833374023438 0.0234375
0.7301197052001953 0.12682533264160156 0.10399246215820312 0.0390625
0.7301197052001953 0.1277027130126953 0.10311508178710938 0.0390625
0.7117137908935547 0.12294387817382812 0.10284233093261719 0.0625
0.7301197052001953 0.12720680236816406 0.10361099243164062 0.0390625
0.7301197052001953 0.12726974487304688 0.10354804992675781 0.0390625
0.7195262908935547 0.12526893615722656 0.10051727294921875 0.0546875
0.7351512908935547 0.12399673461914062 0.10178947448730469 0.0390625
0.7117137908935547 0.1233062744140625 0.10247993469238281 0.0625
0.7351512908935547 0.12491989135742188 0.10086631774902344 0.0390625
0.7245578765869141 0.12073326110839844 0.1000213623046875 0.0546875
0.7195262908935547 0.12444114685058594 0.10134506225585938 0.0546875
0.6698703765869141 0.11728668212890625 0.10346794128417969 0.109375
0.7379322052001953 0.1275157928466797 0.103302001953125 0.03125
0.7429637908935547 0.12472915649414062 0.10105705261230469 0.03125
0.7535572052001953 0.12678146362304688 0.10403633117675781 0.015625
0.7117137908935547 0.1230621337890625 0.10272407531738281 0.0625
0.7011184692382812 0.1200714111328125 0.10068511962890625 0.078125
0.7585887908935547 0.1251373291015625 0.10064888000488281 0.015625
0.7195262908935547 0.12246322631835938 0.10332298278808594 0.0546875
0.7351512908935547 0.1236419677734375 0.10214424133300781 0.0390625
0.7401828765869141 0.12046051025390625 0.10029411315917969 0.0390625
0.7167453765869141 0.11926078796386719 0.10149383544921875 0.0625
0.7273387908935547 0.12449073791503906 0.10129547119140625 0.046875
0.7401828765869141 0.12074851989746094 0.100006103515625 0.0390625
0.7479953765869141 0.120361328125 0.10039329528808594 0.03125
0.7323703765869141 0.12022781372070312 0.10052680969238281 0.046875
0.7401828765869141 0.11905288696289062 0.10170173645019531 0.0390625
0.7323703765869141 0.12025833129882812 0.10049629211425781 0.046875
0.7401828765869141 0.12044906616210938 0.10030555725097656 0.0390625
0.7429637908935547 0.12184715270996094 0.10393905639648438 0.03125
0.7558078765869141 0.11977386474609375 0.10098075866699219 0.0234375
0.7245578765869141 0.11876106262207031 0.10199356079101562 0.0546875
time 30.47
error 27479.0625
23 self_attn.q_proj
Quantizing the layer self_attn.q_proj ...
0.7558059692382812 0.12001609802246094 0.10074043273925781 0.0234375
0.664306640625 0.10962867736816406 0.10106468200683594 0.125
0.7558078765869141 0.120025634765625 0.10072898864746094 0.0234375
0.7636203765869141 0.12044906616210938 0.10030555725097656 0.015625
0.7558078765869141 0.12012672424316406 0.10062789916992188 0.0234375
0.7139644622802734 0.11516952514648438 0.10055351257324219 0.0703125
0.7061519622802734 0.11476898193359375 0.10095405578613281 0.078125
0.7139644622802734 0.11437225341796875 0.10135078430175781 0.0703125
0.7558078765869141 0.11929893493652344 0.1014556884765625 0.0234375
0.7558078765869141 0.1199798583984375 0.10077476501464844 0.0234375
0.7558078765869141 0.11923789978027344 0.1015167236328125 0.0234375
0.664306640625 0.10836219787597656 0.10233116149902344 0.125
0.7401828765869141 0.11808395385742188 0.10267066955566406 0.0390625
0.5622138977050781 0.09536552429199219 0.10023307800292969 0.2421875
0.7479953765869141 0.11822509765625 0.10252952575683594 0.03125
0.6721172332763672 0.10887336730957031 0.1018218994140625 0.1171875
0.7636203765869141 0.11872673034667969 0.10202789306640625 0.015625
0.7636203765869141 0.11898040771484375 0.10177421569824219 0.015625
0.7636203765869141 0.11946296691894531 0.10129165649414062 0.015625
0.7558078765869141 0.11856460571289062 0.10219001770019531 0.0234375
0.7558078765869141 0.11813545227050781 0.10261917114257812 0.0234375
0.7636203765869141 0.1179962158203125 0.10275840759277344 0.015625
0.7558078765869141 0.11785316467285156 0.10290145874023438 0.0234375
0.664306640625 0.1073455810546875 0.1033477783203125 0.125
0.7217769622802734 0.1134796142578125 0.10224342346191406 0.0625
0.7636203765869141 0.11742782592773438 0.10332679748535156 0.015625
0.7636203765869141 0.11812400817871094 0.102630615234375 0.015625
0.7608394622802734 0.11522674560546875 0.10049629211425781 0.0234375
0.7530269622802734 0.114898681640625 0.10082435607910156 0.03125
0.5700263977050781 0.09290313720703125 0.10269546508789062 0.234375
0.7452144622802734 0.11348152160644531 0.10224151611328125 0.0390625
0.7686519622802734 0.11430740356445312 0.10141563415527344 0.015625
time 11.36
error 220399.5
23 self_attn.k_proj
Quantizing the layer self_attn.k_proj ...
0.7558040618896484 0.11978530883789062 0.10097312927246094 0.0234375
0.7139644622802734 0.11392593383789062 0.10179710388183594 0.0703125
0.7558078765869141 0.11898231506347656 0.10177230834960938 0.0234375
0.7636203765869141 0.11997222900390625 0.10078239440917969 0.015625
0.7558078765869141 0.11820602416992188 0.10254859924316406 0.0234375
0.7061519622802734 0.113525390625 0.10219764709472656 0.078125
0.7295894622802734 0.11564445495605469 0.10007858276367188 0.0546875
0.7061519622802734 0.11230087280273438 0.10342216491699219 0.078125
0.7636203765869141 0.11872100830078125 0.10203361511230469 0.015625
0.7558078765869141 0.118408203125 0.10234642028808594 0.0234375
0.7558078765869141 0.11854171752929688 0.10221290588378906 0.0234375
0.7139644622802734 0.11221885681152344 0.10350418090820312 0.0703125
0.7530269622802734 0.11539649963378906 0.1003265380859375 0.03125
0.664306640625 0.10718917846679688 0.10350418090820312 0.125
0.7558059692382812 0.11753082275390625 0.1032257080078125 0.0234375
0.672119140625 0.107391357421875 0.103302001953125 0.1171875
0.7558078765869141 0.11683464050292969 0.10391998291015625 0.0234375
0.7636203765869141 0.11771965026855469 0.10303497314453125 0.015625
0.7636203765869141 0.11747169494628906 0.10328292846679688 0.015625
0.7558078765869141 0.11674118041992188 0.10401344299316406 0.0234375
0.7636203765869141 0.11670494079589844 0.1040496826171875 0.015625
0.7636203765869141 0.1169891357421875 0.10376548767089844 0.015625
0.7608394622802734 0.11487388610839844 0.10084915161132812 0.0234375
0.6196823120117188 0.09905815124511719 0.10157203674316406 0.1796875
0.711181640625 0.10981941223144531 0.10087394714355469 0.078125
0.7686519622802734 0.11507415771484375 0.10064888000488281 0.015625
0.7686500549316406 0.11512374877929688 0.1006011962890625 0.015625
0.7608394622802734 0.114105224609375 0.10161781311035156 0.0234375
0.7608394622802734 0.11372566223144531 0.10199737548828125 0.0234375
0.6927757263183594 0.10561752319335938 0.10004425048828125 0.1015625
0.7452144622802734 0.11159896850585938 0.10412406921386719 0.0390625
0.7608394622802734 0.11273384094238281 0.10298919677734375 0.0234375
time 11.26
error 222936.671875
23 self_attn.v_proj
Quantizing the layer self_attn.v_proj ...
0.7172679901123047 0.13289833068847656 0.10295867919921875 0.046875
0.4896507263183594 0.10087776184082031 0.10478401184082031 0.3046875
0.7329006195068359 0.1341228485107422 0.10172653198242188 0.03125
0.7172756195068359 0.13396072387695312 0.10188865661621094 0.046875
0.7172756195068359 0.1323528289794922 0.10349655151367188 0.046875
0.6492137908935547 0.12355422973632812 0.10223197937011719 0.125
0.5130882263183594 0.10221099853515625 0.10345077514648438 0.28125
0.5209007263183594 0.10412216186523438 0.10153961181640625 0.2734375
0.5130882263183594 0.10237884521484375 0.10328292846679688 0.28125
0.7066802978515625 0.130126953125 0.1006927490234375 0.0625
0.7172756195068359 0.13194656372070312 0.10390281677246094 0.046875
0.6229953765869141 0.11680030822753906 0.10395431518554688 0.15625
0.7172756195068359 0.13235855102539062 0.10349082946777344 0.046875
0.6151828765869141 0.11837577819824219 0.10237884521484375 0.1640625
0.6988697052001953 0.12800979614257812 0.10280799865722656 0.0703125
0.6151828765869141 0.11667442321777344 0.1040802001953125 0.1640625
0.7223072052001953 0.12984275817871094 0.10097503662109375 0.046875
0.6804637908935547 0.12401390075683594 0.10177230834960938 0.09375
0.6386203765869141 0.11798858642578125 0.10276603698730469 0.140625
0.7301197052001953 0.1303882598876953 0.10042953491210938 0.0390625
0.7329006195068359 0.13269424438476562 0.10315513610839844 0.03125
0.7301197052001953 0.12979698181152344 0.10102081298828125 0.0390625
0.7379322052001953 0.1305999755859375 0.10021781921386719 0.03125
0.578369140625 0.10818672180175781 0.10250663757324219 0.2109375
0.4919013977050781 0.09308052062988281 0.10251808166503906 0.3125
0.7379322052001953 0.12899208068847656 0.10182571411132812 0.03125
0.7301197052001953 0.12779617309570312 0.10302162170410156 0.0390625
0.7117137908935547 0.12456130981445312 0.10122489929199219 0.0625
0.7379322052001953 0.12754249572753906 0.10327529907226562 0.03125
0.6698703765869141 0.11826133728027344 0.1024932861328125 0.109375
0.6698703765869141 0.11745071411132812 0.10330390930175781 0.109375
0.7429637908935547 0.12549781799316406 0.10028839111328125 0.03125
time 11.15
error 155981.25
23 self_attn.o_proj
Quantizing the layer self_attn.o_proj ...
0.5655002593994141 0.11382293701171875 0.10192680358886719 0.21875
0.7329006195068359 0.13466453552246094 0.10118484497070312 0.03125
0.46343231201171875 0.09733772277832031 0.10329246520996094 0.3359375
0.6910572052001953 0.129547119140625 0.10127067565917969 0.078125
0.7094631195068359 0.1323833465576172 0.10346603393554688 0.0546875
0.6910572052001953 0.13048362731933594 0.10033416748046875 0.078125
0.47124481201171875 0.09778404235839844 0.10284614562988281 0.328125
0.5761203765869141 0.11617851257324219 0.10457611083984375 0.203125
0.539306640625 0.1090087890625 0.1016845703125 0.25
0.6648387908935547 0.1217803955078125 0.10400581359863281 0.109375
0.6414012908935547 0.12268638610839844 0.10309982299804688 0.1328125
0.7356815338134766 0.137939453125 0.10294151306152344 0.0234375
0.609619140625 0.10915565490722656 0.10153770446777344 0.1796875
0.7407131195068359 0.1356639862060547 0.10018539428710938 0.0234375
0.7223072052001953 0.12947654724121094 0.10134124755859375 0.046875
0.5443382263183594 0.10425376892089844 0.10140800476074219 0.25
0.6414012908935547 0.12220954895019531 0.10357666015625 0.1328125
0.5917453765869141 0.11634635925292969 0.10440826416015625 0.1875
0.6414012908935547 0.12159919738769531 0.10418701171875 0.1328125
0.6257762908935547 0.12172508239746094 0.10406112670898438 0.1484375
0.4974632263183594 0.10155487060546875 0.10410690307617188 0.296875
0.6754322052001953 0.12791824340820312 0.10289955139160156 0.09375
0.4684638977050781 0.09258270263671875 0.10301589965820312 0.3359375
0.6257762908935547 0.12174415588378906 0.10404205322265625 0.1484375
0.6124019622802734 0.11147308349609375 0.10424995422363281 0.171875
0.7457447052001953 0.12858963012695312 0.10222816467285156 0.0234375
0.7301197052001953 0.13063621520996094 0.10018157958984375 0.0390625
0.6988697052001953 0.12675857543945312 0.10405921936035156 0.0703125
0.7457447052001953 0.12694168090820312 0.10387611389160156 0.0234375
0.6960887908935547 0.12208366394042969 0.10370254516601562 0.078125
0.6827144622802734 0.1131744384765625 0.10254859924316406 0.1015625
0.554931640625 0.10635948181152344 0.10433387756347656 0.234375
time 11.31
error 8243.4462890625
23 mlp.gate_proj
Quantizing the layer mlp.gate_proj ...
0.6151782870292664 0.12015622109174728 0.10060296952724457 0.1640625
0.6073700785636902 0.11920023709535599 0.10155469179153442 0.171875
0.42662155628204346 0.08936469256877899 0.10120125859975815 0.3828125
0.557712972164154 0.11198815703392029 0.10373634845018387 0.2265625
0.5052766799926758 0.10314799100160599 0.10251279920339584 0.2890625
0.6492139101028442 0.12397659569978714 0.10180947929620743 0.125
0.5549330711364746 0.11013723164796829 0.10055471211671829 0.234375
0.5471205711364746 0.10896620899438858 0.101725734770298 0.2421875
0.44224655628204346 0.08975929766893387 0.10080666095018387 0.3671875
0.5052766799926758 0.10290243476629257 0.10275836288928986 0.2890625
0.5627455711364746 0.11024865508079529 0.1004432886838913 0.2265625
0.4528397023677826 0.0915321558713913 0.10406564921140671 0.3515625
0.5393080711364746 0.10765395313501358 0.103037990629673 0.25
0.6648389101028442 0.12456636875867844 0.10121970623731613 0.109375
0.7172759175300598 0.13217446208000183 0.10367459803819656 0.046875
0.5549330711364746 0.10861347615718842 0.10207846015691757 0.234375
0.7066820859909058 0.12930084764957428 0.10151708126068115 0.0625
0.7066820859909058 0.12864507734775543 0.1021728515625 0.0625
0.5549330711364746 0.10687255859375 0.10381937772035599 0.234375
0.7250884175300598 0.1316634714603424 0.10418558865785599 0.0390625
0.7301195859909058 0.13023695349693298 0.10058096796274185 0.0390625
0.6386200785636902 0.11859130859375 0.10216362774372101 0.140625
0.7379320859909058 0.13073375821113586 0.10008417069911957 0.03125
0.6726514101028442 0.12286376953125 0.10292230546474457 0.1015625
0.6386200785636902 0.1182861328125 0.10246880352497101 0.140625
0.7066820859909058 0.12688428163528442 0.10393364727497101 0.0625
0.6464325785636902 0.11762823164463043 0.10312670469284058 0.1328125
0.7117131948471069 0.1252242624759674 0.10056252032518387 0.0625
0.7223070859909058 0.12728740274906158 0.10353052616119385 0.046875
0.7039014101028442 0.12307526171207428 0.10271081328392029 0.0703125
0.6698700785636902 0.11822793632745743 0.10252700001001358 0.109375
0.7429631948471069 0.12545280158519745 0.10033398866653442 0.03125
time 12.75
error 271304.65625
23 mlp.up_proj
Quantizing the layer mlp.up_proj ...
0.47904080152511597 0.100514255464077 0.10013242810964584 0.3203125
0.6073700785636902 0.12054727226495743 0.10020766407251358 0.171875
0.5995575785636902 0.11829961836338043 0.10245531797409058 0.1796875
0.46343356370925903 0.09735178202390671 0.10327716171741486 0.3359375
0.6179639101028442 0.1217857152223587 0.10400035977363586 0.15625
0.6492131948471069 0.12540525197982788 0.10038153827190399 0.125
0.6519945859909058 0.12713126838207245 0.10368666797876358 0.1171875
0.6492139101028442 0.12488928437232971 0.10089679062366486 0.125
0.5811511874198914 0.11475106328725815 0.1009727269411087 0.203125
0.5577136874198914 0.1120506078004837 0.10367318242788315 0.2265625
0.4372147023677826 0.09105593711137772 0.10454186797142029 0.3671875
0.42662084102630615 0.08783526718616486 0.10273139178752899 0.3828125
0.5733386874198914 0.11371559649705887 0.10200820118188858 0.2109375
0.6754320859909058 0.12796233594417572 0.10285559296607971 0.09375
0.4528397023677826 0.09339088946580887 0.10220691561698914 0.3515625
0.5889636874198914 0.11461621522903442 0.10110757499933243 0.1953125
0.6151825785636902 0.117767333984375 0.10298760235309601 0.1640625
0.6910570859909058 0.12754999101161957 0.10326793789863586 0.078125
0.5052766799926758 0.10076478123664856 0.10489601641893387 0.2890625
0.6910570859909058 0.1281120777130127 0.10270584374666214 0.078125
0.7172759175300598 0.1318458765745163 0.10400319844484329 0.046875
0.6492139101028442 0.12173319607973099 0.10405287891626358 0.125
0.6832445859909058 0.12662950158119202 0.10418842732906342 0.0859375
0.6045886874198914 0.11446930468082428 0.10125448554754257 0.1796875
0.5365266799926758 0.10309334844350815 0.10256744921207428 0.2578125
0.5287141799926758 0.10160721093416214 0.10405358672142029 0.265625
0.6308075785636902 0.11639333516359329 0.10436160117387772 0.1484375
0.6464325785636902 0.11856292188167572 0.10219201445579529 0.1328125
0.7223070859909058 0.12844707071781158 0.10237085819244385 0.046875
0.6280261874198914 0.11446221172809601 0.10126157850027084 0.15625
0.6464318633079529 0.11655230820178986 0.10420333594083786 0.1328125
0.7379313707351685 0.127420112490654 0.10339852422475815 0.03125
time 13.03
error 230922.1875
23 mlp.down_proj
Quantizing the layer mlp.down_proj ...
0.7301044464111328 0.13045883178710938 0.10037422180175781 0.0390625
0.7301197052001953 0.13071823120117188 0.10009956359863281 0.0390625
0.7457447052001953 0.1294994354248047 0.101318359375 0.0234375
0.7223072052001953 0.1297588348388672 0.1010589599609375 0.046875
0.6988697052001953 0.1282520294189453 0.10256576538085938 0.0703125
0.7250881195068359 0.1317901611328125 0.10405921936035156 0.0390625
0.7301197052001953 0.12966156005859375 0.10115623474121094 0.0390625
0.7223072052001953 0.12771224975585938 0.10310554504394531 0.046875
0.7117137908935547 0.12489509582519531 0.10089111328125 0.0625
0.6988697052001953 0.12734603881835938 0.10347175598144531 0.0703125
0.7144947052001953 0.12792587280273438 0.10289192199707031 0.0546875
0.7379322052001953 0.12956809997558594 0.10124969482421875 0.03125
0.6804637908935547 0.12394332885742188 0.10184288024902344 0.09375
0.7066822052001953 0.12758636474609375 0.10323143005371094 0.0625
0.7301177978515625 0.127838134765625 0.1029815673828125 0.0390625
0.7117137908935547 0.12530136108398438 0.10048484802246094 0.0625
0.7066822052001953 0.12900543212890625 0.10181236267089844 0.0625
0.7379322052001953 0.12966346740722656 0.10115432739257812 0.03125
0.7379322052001953 0.1289043426513672 0.1019134521484375 0.03125
0.7117137908935547 0.12440299987792969 0.10138320922851562 0.0625
0.7039012908935547 0.12495803833007812 0.10082817077636719 0.0703125
0.7379322052001953 0.12926483154296875 0.10155296325683594 0.03125
0.6882762908935547 0.12252426147460938 0.10326194763183594 0.0859375
0.7144947052001953 0.127532958984375 0.10328483581542969 0.0546875
0.7379322052001953 0.1304035186767578 0.10041427612304688 0.03125
0.7535572052001953 0.12933921813964844 0.10147857666015625 0.015625
0.7301197052001953 0.12889671325683594 0.10192108154296875 0.0390625
0.6804637908935547 0.12376785278320312 0.10201835632324219 0.09375
0.7144947052001953 0.12864303588867188 0.10217475891113281 0.0546875
0.7273387908935547 0.1253643035888672 0.10042190551757812 0.046875
0.6570262908935547 0.12275123596191406 0.10303497314453125 0.1171875
0.7429637908935547 0.12436103820800781 0.1014251708984375 0.03125
0.7066822052001953 0.1270275115966797 0.103790283203125 0.0625
0.6726512908935547 0.12251853942871094 0.10326766967773438 0.1015625
0.7144947052001953 0.12734031677246094 0.10347747802734375 0.0546875
0.7457447052001953 0.12943458557128906 0.10138320922851562 0.0234375
0.7144947052001953 0.1280956268310547 0.10272216796875 0.0546875
0.7379322052001953 0.12996292114257812 0.10085487365722656 0.03125
0.6960887908935547 0.12481498718261719 0.10097122192382812 0.078125
0.6804637908935547 0.12298393249511719 0.10280227661132812 0.09375
0.7223072052001953 0.12732315063476562 0.10349464416503906 0.046875
0.7066822052001953 0.1268310546875 0.10398674011230469 0.0625
0.7273387908935547 0.1232147216796875 0.10257148742675781 0.046875
0.7429637908935547 0.12480926513671875 0.10097694396972656 0.03125
0.6988697052001953 0.12696456909179688 0.10385322570800781 0.0703125
0.7301177978515625 0.1284637451171875 0.10235595703125 0.0390625
0.7273387908935547 0.12517166137695312 0.10061454772949219 0.046875
0.7195262908935547 0.12372779846191406 0.10205841064453125 0.0546875
0.7301197052001953 0.12683868408203125 0.10397911071777344 0.0390625
0.7195262908935547 0.12478828430175781 0.1009979248046875 0.0546875
0.7301197052001953 0.12676239013671875 0.10405540466308594 0.0390625
0.7301197052001953 0.12765884399414062 0.10315895080566406 0.0390625
0.7273387908935547 0.12505531311035156 0.10073089599609375 0.046875
0.7585887908935547 0.12322998046875 0.10255622863769531 0.015625
0.7351512908935547 0.12527847290039062 0.10050773620605469 0.0390625
0.7117137908935547 0.12378501892089844 0.10200119018554688 0.0625
0.7273387908935547 0.12237358093261719 0.10341262817382812 0.046875
0.7457447052001953 0.12870407104492188 0.10211372375488281 0.0234375
0.7223072052001953 0.12744522094726562 0.10337257385253906 0.046875
0.7379322052001953 0.12788009643554688 0.10293769836425781 0.03125
0.7117137908935547 0.12312126159667969 0.10266494750976562 0.0625
0.7429637908935547 0.12366867065429688 0.10211753845214844 0.03125
0.7273387908935547 0.12489128112792969 0.10089492797851562 0.046875
0.7039012908935547 0.12270736694335938 0.10307884216308594 0.0703125
0.7273387908935547 0.12534141540527344 0.10044479370117188 0.046875
0.7039012908935547 0.12293434143066406 0.10285186767578125 0.0703125
0.6933078765869141 0.11919975280761719 0.10155487060546875 0.0859375
0.7273387908935547 0.12343978881835938 0.10234642028808594 0.046875
0.6960887908935547 0.12248039245605469 0.10330581665039062 0.078125
0.7273387908935547 0.12447166442871094 0.10131454467773438 0.046875
0.7507762908935547 0.12427902221679688 0.10150718688964844 0.0234375
0.6960887908935547 0.12199211120605469 0.10379409790039062 0.078125
0.7273387908935547 0.12360191345214844 0.10218429565429688 0.046875
0.7429637908935547 0.12447547912597656 0.10131072998046875 0.03125
0.7401828765869141 0.12054061889648438 0.10021400451660156 0.0390625
0.7429637908935547 0.12390708923339844 0.10187911987304688 0.03125
0.7429637908935547 0.12347984313964844 0.10230636596679688 0.03125
0.7507762908935547 0.12395858764648438 0.10182762145996094 0.0234375
0.7429637908935547 0.12256431579589844 0.10322189331054688 0.03125
0.7429637908935547 0.12322807312011719 0.10255813598632812 0.03125
0.7507762908935547 0.123992919921875 0.10179328918457031 0.0234375
0.7323703765869141 0.12025642395019531 0.10049819946289062 0.046875
0.7429637908935547 0.12191581726074219 0.10387039184570312 0.03125
0.7479953765869141 0.11958885192871094 0.101165771484375 0.03125
0.7401828765869141 0.11810111999511719 0.10265350341796875 0.0390625
0.7636203765869141 0.11971092224121094 0.101043701171875 0.015625
time 30.47
error 30517.376953125
24 self_attn.q_proj
Quantizing the layer self_attn.q_proj ...
0.760833740234375 0.11322593688964844 0.10250282287597656 0.0234375
0.6012763977050781 0.09480094909667969 0.10079765319824219 0.203125
0.7608394622802734 0.11243438720703125 0.10328865051269531 0.0234375
0.7686519622802734 0.11384963989257812 0.10187339782714844 0.015625
0.7608394622802734 0.11275100708007812 0.10297203063964844 0.0234375
0.7084007263183594 0.10539436340332031 0.10026741027832031 0.0859375
0.734619140625 0.10907173156738281 0.10162162780761719 0.0546875
0.6771507263183594 0.10305595397949219 0.10260581970214844 0.1171875
0.765869140625 0.11057853698730469 0.10011482238769531 0.0234375
0.7608394622802734 0.11201667785644531 0.10370635986328125 0.0234375
0.765869140625 0.11054039001464844 0.10015296936035156 0.0234375
0.726806640625 0.1068267822265625 0.1038665771484375 0.0625
0.750244140625 0.10977363586425781 0.10091972351074219 0.0390625
0.6927757263183594 0.103729248046875 0.10193252563476562 0.1015625
0.758056640625 0.11009597778320312 0.10059738159179688 0.03125
0.7005882263183594 0.10425186157226562 0.101409912109375 0.09375
0.7686519622802734 0.11190986633300781 0.10381317138671875 0.015625
0.773681640625 0.110504150390625 0.100189208984375 0.015625
0.773681640625 0.11042404174804688 0.10026931762695312 0.015625
0.7608394622802734 0.1116485595703125 0.10407447814941406 0.0234375
0.7686519622802734 0.11166572570800781 0.10405731201171875 0.015625
0.773681640625 0.1099853515625 0.1007080078125 0.015625
0.765869140625 0.10958671569824219 0.10110664367675781 0.0234375
0.6169013977050781 0.09375190734863281 0.10184669494628906 0.1875
0.6821823120117188 0.10033988952636719 0.10029029846191406 0.1171875
0.773681640625 0.10936355590820312 0.10132980346679688 0.015625
0.773681640625 0.10946273803710938 0.10123062133789062 0.015625
0.765869140625 0.10809516906738281 0.10259819030761719 0.0234375
0.765869140625 0.10836029052734375 0.10233306884765625 0.0234375
0.6169013977050781 0.09151840209960938 0.1040802001953125 0.1875
0.758056640625 0.10664558410644531 0.10404777526855469 0.03125
0.765869140625 0.10671424865722656 0.10397911071777344 0.0234375
time 11.48
error 200143.15625
24 self_attn.k_proj
Quantizing the layer self_attn.k_proj ...
0.773681640625 0.10998344421386719 0.10070991516113281 0.015625
0.6927757263183594 0.10301971435546875 0.10264205932617188 0.1015625
0.765869140625 0.109466552734375 0.101226806640625 0.0234375
0.7686519622802734 0.11179924011230469 0.10392379760742188 0.015625
0.765869140625 0.10942268371582031 0.10127067565917969 0.0234375
0.7162132263183594 0.10378265380859375 0.10187911987304688 0.078125
0.7396507263183594 0.10565376281738281 0.10000801086425781 0.0546875
0.734619140625 0.10676956176757812 0.10392379760742188 0.0546875
0.773681640625 0.10944175720214844 0.10125160217285156 0.015625
0.765869140625 0.10919189453125 0.10150146484375 0.0234375
0.773681640625 0.1095428466796875 0.1011505126953125 0.015625
0.742431640625 0.10672760009765625 0.10396575927734375 0.046875
0.765869140625 0.10843276977539062 0.10226058959960938 0.0234375
0.6849632263183594 0.10126686096191406 0.10439491271972656 0.109375
0.765869140625 0.10834312438964844 0.10235023498535156 0.0234375
0.6665573120117188 0.09817695617675781 0.10245323181152344 0.1328125
0.765869140625 0.10863113403320312 0.10206222534179688 0.0234375
0.773681640625 0.10843276977539062 0.10226058959960938 0.015625
0.773681640625 0.10894012451171875 0.10175323486328125 0.015625
0.765869140625 0.10789871215820312 0.10279464721679688 0.0234375
0.773681640625 0.10800552368164062 0.10268783569335938 0.015625
0.773681640625 0.10782241821289062 0.10287094116210938 0.015625
0.765869140625 0.10750198364257812 0.10319137573242188 0.0234375
0.6403388977050781 0.09346961975097656 0.10212898254394531 0.1640625
0.7240257263183594 0.10289382934570312 0.1027679443359375 0.0703125
0.773681640625 0.10742950439453125 0.10326385498046875 0.015625
0.773681640625 0.10707283020019531 0.10362052917480469 0.015625
0.765869140625 0.10704421997070312 0.10364913940429688 0.0234375
0.765869140625 0.10661125183105469 0.10408210754394531 0.0234375
0.6978073120117188 0.09836959838867188 0.10226058959960938 0.1015625
0.7552757263183594 0.104217529296875 0.10144424438476562 0.0390625
0.7787132263183594 0.1051025390625 0.10055923461914062 0.015625
time 11.43
error 201309.1875
24 self_attn.v_proj
Quantizing the layer self_attn.v_proj ...
0.7328968048095703 0.13548851013183594 0.10036468505859375 0.03125
0.6754322052001953 0.12896347045898438 0.10185432434082031 0.09375
0.7329006195068359 0.13430213928222656 0.1015472412109375 0.03125
0.7329006195068359 0.13492202758789062 0.10092735290527344 0.03125
0.7329006195068359 0.13467979431152344 0.10116958618164062 0.03125
0.5811519622802734 0.11406135559082031 0.10166168212890625 0.203125
0.6151828765869141 0.11891555786132812 0.10183906555175781 0.1640625
0.6073703765869141 0.11854171752929688 0.10221290588378906 0.171875
0.6335887908935547 0.12158203125 0.10420417785644531 0.140625
0.6832447052001953 0.12870025634765625 0.10211753845214844 0.0859375
0.7250881195068359 0.133148193359375 0.10270118713378906 0.0390625
0.6308078765869141 0.11884117126464844 0.1019134521484375 0.1484375
0.7250881195068359 0.13289642333984375 0.10295295715332031 0.0390625
0.6648387908935547 0.12454414367675781 0.1012420654296875 0.109375
0.7172756195068359 0.13193893432617188 0.10391044616699219 0.046875
0.6308078765869141 0.11963462829589844 0.1011199951171875 0.1484375
0.7250881195068359 0.13183212280273438 0.10401725769042969 0.0390625
0.6124019622802734 0.11532783508300781 0.10039520263671875 0.171875
0.7301197052001953 0.13026809692382812 0.10054969787597656 0.0390625
0.7301197052001953 0.1298370361328125 0.10098075866699219 0.0390625
0.7329006195068359 0.1321125030517578 0.10373687744140625 0.03125
0.7329006195068359 0.13150405883789062 0.10434532165527344 0.03125
0.7379322052001953 0.1302661895751953 0.10055160522460938 0.03125
0.6308078765869141 0.11714744567871094 0.103607177734375 0.1484375
0.5599632263183594 0.10558700561523438 0.10007476806640625 0.234375
0.7379322052001953 0.1295604705810547 0.10125732421875 0.03125
0.7379322052001953 0.1288928985595703 0.10192489624023438 0.03125
0.6960887908935547 0.12344551086425781 0.1023406982421875 0.078125
0.7457447052001953 0.1287250518798828 0.10209274291992188 0.0234375
0.6882762908935547 0.12213325500488281 0.1036529541015625 0.0859375
0.7195262908935547 0.12449264526367188 0.10129356384277344 0.0546875
0.7429637908935547 0.12543869018554688 0.10034751892089844 0.03125
time 11.55
error 148716.28125
24 self_attn.o_proj
Quantizing the layer self_attn.o_proj ...
0.6754322052001953 0.13035964965820312 0.10045814514160156 0.09375
0.6335887908935547 0.12396430969238281 0.1018218994140625 0.140625
0.6754322052001953 0.12958717346191406 0.10123062133789062 0.09375
0.6414012908935547 0.12442970275878906 0.10135650634765625 0.1328125
0.5995578765869141 0.1185302734375 0.10222434997558594 0.1796875
0.7273387908935547 0.125244140625 0.10054206848144531 0.046875
0.7250881195068359 0.13370704650878906 0.102142333984375 0.0390625
0.7223072052001953 0.1294422149658203 0.10137557983398438 0.046875
0.547119140625 0.10962677001953125 0.10106658935546875 0.2421875
0.6726512908935547 0.12522315979003906 0.10056304931640625 0.1015625
0.5917434692382812 0.11707115173339844 0.10368537902832031 0.1875
0.6754322052001953 0.1277008056640625 0.10311698913574219 0.09375
0.7250881195068359 0.13335609436035156 0.1024932861328125 0.0390625
0.5287132263183594 0.10553359985351562 0.100128173828125 0.265625
0.6045894622802734 0.1121978759765625 0.10352516174316406 0.1796875
0.5521507263183594 0.10512924194335938 0.10053253173828125 0.2421875
0.6492137908935547 0.12337112426757812 0.10241508483886719 0.125
0.6280269622802734 0.11530303955078125 0.10041999816894531 0.15625
0.578369140625 0.10741806030273438 0.10327529907226562 0.2109375
0.6776828765869141 0.11927604675292969 0.10147857666015625 0.1015625
0.7351512908935547 0.12372970581054688 0.10205650329589844 0.0390625
0.6280269622802734 0.11474037170410156 0.100982666015625 0.15625
0.7039012908935547 0.12453269958496094 0.10125350952148438 0.0703125
0.7479953765869141 0.11952972412109375 0.10122489929199219 0.03125
0.6776828765869141 0.11959075927734375 0.10116386413574219 0.1015625
0.41498565673828125 0.09195137023925781 0.36025047302246094 0.1328125
0.7329006195068359 0.1354846954345703 0.10036468505859375 0.03125
0.6910572052001953 0.12995338439941406 0.10086441040039062 0.078125
0.6910572052001953 0.12717819213867188 0.10363960266113281 0.078125
0.6229953765869141 0.11955833435058594 0.1011962890625 0.15625
0.7323703765869141 0.11883354187011719 0.10192108154296875 0.046875
0.7351512908935547 0.12268447875976562 0.10310173034667969 0.0390625
time 11.38
error 12703.935546875
24 mlp.gate_proj
Quantizing the layer mlp.gate_proj ...
0.6151754856109619 0.12006466835737228 0.100697360932827 0.1640625
0.6073700785636902 0.11924779415130615 0.10150714218616486 0.171875
0.6988695859909058 0.13029374182224274 0.10052419453859329 0.0703125
0.6073700785636902 0.11856646835803986 0.10218846797943115 0.171875
0.4372147023677826 0.0919090062379837 0.1036887913942337 0.3671875
0.5655261874198914 0.112477146089077 0.10324664413928986 0.21875
0.5889636874198914 0.11518682539463043 0.10053696483373642 0.1953125
0.5811511874198914 0.11419323086738586 0.10153055936098099 0.203125
0.5393080711364746 0.10729058086872101 0.10340136289596558 0.25
0.6335889101028442 0.12242800742387772 0.10335806757211685 0.140625
0.6754320859909058 0.12746979296207428 0.10334813594818115 0.09375
0.6151825785636902 0.11709878593683243 0.10365615040063858 0.1640625
0.6308075785636902 0.11997737735509872 0.10077755898237228 0.1484375
0.5365266799926758 0.10563766211271286 0.10002313554286957 0.2578125
0.7144945859909058 0.13051800429821014 0.10029992461204529 0.0546875
0.6570264101028442 0.12337830662727356 0.10240776836872101 0.1171875
0.7301195859909058 0.13072878122329712 0.10008914023637772 0.0390625
0.5209016799926758 0.10143475234508514 0.10422604531049728 0.2734375
0.6542443633079529 0.12013351172208786 0.10062213242053986 0.125
0.7223070859909058 0.12959466874599457 0.10122326016426086 0.046875
0.7223070859909058 0.12994880974292755 0.10086911171674728 0.046875
0.6124011874198914 0.11460628360509872 0.10111751407384872 0.171875
0.7379320859909058 0.13064078986644745 0.10017714649438858 0.03125
0.6386200785636902 0.11796250194311142 0.10279242694377899 0.140625
0.6726514101028442 0.12262033671140671 0.10316573828458786 0.1015625
0.7223070859909058 0.12858617305755615 0.10223175585269928 0.046875
0.6620575785636902 0.11923359334468842 0.101521335542202 0.1171875
0.7117139101028442 0.125396728515625 0.10038934648036957 0.0625
0.7379320859909058 0.12946337461471558 0.10135455429553986 0.03125
0.6854950785636902 0.12040390819311142 0.10035102069377899 0.09375
0.6933075785636902 0.12042804062366486 0.10032689571380615 0.0859375
0.7429639101028442 0.12551666796207428 0.10026940703392029 0.03125
time 12.86
error 282082.5
24 mlp.up_proj
Quantizing the layer mlp.up_proj ...
0.6101414561271667 0.12187017500400543 0.10392583906650543 0.1640625
0.5499011874198914 0.11244165897369385 0.103282131254673 0.234375
0.6335889101028442 0.123321533203125 0.10246454179286957 0.140625
0.6179639101028442 0.12212424725294113 0.10366182774305344 0.15625
0.5733386874198914 0.11464176326990128 0.10108202695846558 0.2109375
0.5655261874198914 0.11422587186098099 0.10149791836738586 0.21875
0.5393080711364746 0.10955810546875 0.10113383084535599 0.25
0.5052766799926758 0.104156494140625 0.10150430351495743 0.2890625
0.6570264101028442 0.12518806755542755 0.10059799998998642 0.1171875
0.5655261874198914 0.11299807578325272 0.10272571444511414 0.21875
0.5733386874198914 0.11355520039796829 0.10216858983039856 0.2109375
0.5393080711364746 0.10738497227430344 0.10330697149038315 0.25
0.6073700785636902 0.11884893476963043 0.10190600156784058 0.171875
0.49746420979499817 0.10178463906049728 0.10387615859508514 0.296875
0.48687106370925903 0.09870236366987228 0.10192658007144928 0.3125
0.6414014101028442 0.1234336644411087 0.10235241055488586 0.1328125
0.6570264101028442 0.12403479218482971 0.10175128281116486 0.1171875
0.5627455711364746 0.10843037068843842 0.10226156562566757 0.2265625
0.6124011874198914 0.11560626327991486 0.100117526948452 0.171875
0.6832445859909058 0.12786012887954712 0.10295779258012772 0.0859375
0.7066820859909058 0.130035400390625 0.10078252851963043 0.0625
0.5967761874198914 0.11389089375734329 0.10183289647102356 0.1875
0.7144945859909058 0.12985371053218842 0.10096421092748642 0.0546875
0.6648389101028442 0.1235252171754837 0.10226085782051086 0.109375
0.5889636874198914 0.11218616366386414 0.10353762656450272 0.1953125
0.6045886874198914 0.11372339725494385 0.102000392973423 0.1796875
0.6045886874198914 0.11236785352230072 0.10335593670606613 0.1796875
0.6648389101028442 0.12175165116786957 0.104034423828125 0.109375
0.7223070859909058 0.12926393747329712 0.10155398398637772 0.046875
0.6726514101028442 0.12159054726362228 0.10419552773237228 0.1015625
0.6620575785636902 0.11855795234441757 0.10219698399305344 0.1171875
0.7301195859909058 0.12715893983840942 0.10365898907184601 0.0390625
time 12.69
error 238866.03125
24 mlp.down_proj
Quantizing the layer mlp.down_proj ...
0.7222976684570312 0.1272907257080078 0.10353660583496094 0.046875
0.7223072052001953 0.13058853149414062 0.10022926330566406 0.046875
0.7066822052001953 0.12762069702148438 0.10319709777832031 0.0625
0.7223072052001953 0.12935829162597656 0.10145950317382812 0.046875
0.7144947052001953 0.1292095184326172 0.1016082763671875 0.0546875
0.7379322052001953 0.13031768798828125 0.10050010681152344 0.03125
0.7329006195068359 0.1322650909423828 0.10358428955078125 0.03125
0.7066822052001953 0.12927627563476562 0.10154151916503906 0.0625
0.7223072052001953 0.12984657287597656 0.10097122192382812 0.046875
0.7301197052001953 0.12978553771972656 0.10103225708007812 0.0390625
0.7223072052001953 0.1294097900390625 0.10140800476074219 0.046875
0.7379322052001953 0.13042259216308594 0.10039520263671875 0.03125
0.7379322052001953 0.12915992736816406 0.10165786743164062 0.03125
0.7379322052001953 0.12787246704101562 0.10294532775878906 0.03125
0.7379322052001953 0.1305675506591797 0.100250244140625 0.03125
0.7117137908935547 0.12561798095703125 0.10016822814941406 0.0625
0.7039012908935547 0.1251678466796875 0.10061836242675781 0.0703125
0.7351512908935547 0.12537002563476562 0.10041618347167969 0.0390625
0.6570262908935547 0.12143325805664062 0.10435295104980469 0.1171875
0.7223072052001953 0.12777328491210938 0.10304450988769531 0.046875
0.7301197052001953 0.1284313201904297 0.102386474609375 0.0390625
0.6882762908935547 0.12508773803710938 0.10069847106933594 0.0859375
0.7507762908935547 0.12452507019042969 0.10126113891601562 0.0234375
0.7379322052001953 0.12926483154296875 0.10155296325683594 0.03125
0.7379322052001953 0.12696456909179688 0.10385322570800781 0.03125
0.7301197052001953 0.12819671630859375 0.10262107849121094 0.0390625
0.7223072052001953 0.1293201446533203 0.10149765014648438 0.046875
0.7144947052001953 0.12775421142578125 0.10306358337402344 0.0546875
0.7457447052001953 0.1294422149658203 0.10137557983398438 0.0234375
0.7379322052001953 0.1299114227294922 0.1009063720703125 0.03125
0.7144947052001953 0.1278209686279297 0.102996826171875 0.0546875
0.7066822052001953 0.1275310516357422 0.1032867431640625 0.0625
0.6960887908935547 0.12447738647460938 0.10130882263183594 0.078125
0.7301197052001953 0.1293487548828125 0.10146903991699219 0.0390625
0.7301197052001953 0.12720680236816406 0.10361099243164062 0.0390625
0.6960887908935547 0.12398338317871094 0.10180282592773438 0.078125
0.7273387908935547 0.12519073486328125 0.10059547424316406 0.046875
0.7223072052001953 0.1282215118408203 0.10259628295898438 0.046875
0.7301197052001953 0.12720298767089844 0.10361480712890625 0.0390625
0.7301197052001953 0.12777137756347656 0.10304641723632812 0.0390625
0.7457447052001953 0.12827682495117188 0.10254096984863281 0.0234375
0.7223072052001953 0.12868118286132812 0.10213661193847656 0.046875
0.7379322052001953 0.12664413452148438 0.10417366027832031 0.03125
0.7379302978515625 0.12848663330078125 0.10233306884765625 0.03125
0.7301197052001953 0.12764549255371094 0.10317230224609375 0.0390625
0.7066822052001953 0.12686729431152344 0.10395050048828125 0.0625
0.7351512908935547 0.12525558471679688 0.10053062438964844 0.0390625
0.7301197052001953 0.12679290771484375 0.10402488708496094 0.0390625
0.7429637908935547 0.1254558563232422 0.10033035278320312 0.03125
0.7301197052001953 0.12759017944335938 0.10322761535644531 0.0390625
0.7351512908935547 0.12418746948242188 0.10159873962402344 0.0390625
0.6960887908935547 0.12221908569335938 0.10356712341308594 0.078125
0.6960887908935547 0.12290000915527344 0.10288619995117188 0.078125
0.7223072052001953 0.1279888153076172 0.1028289794921875 0.046875
0.7351512908935547 0.12415122985839844 0.10163497924804688 0.0390625
0.7379322052001953 0.1289386749267578 0.10187911987304688 0.03125
0.7144947052001953 0.12696266174316406 0.10385513305664062 0.0546875
0.7301197052001953 0.12844467163085938 0.10237312316894531 0.0390625
0.7429637908935547 0.12403488159179688 0.10175132751464844 0.03125
0.6882762908935547 0.12327384948730469 0.10251235961914062 0.0859375
0.7351512908935547 0.12470626831054688 0.10107994079589844 0.0390625
0.7429637908935547 0.12541580200195312 0.10037040710449219 0.03125
0.7195262908935547 0.12309837341308594 0.10268783569335938 0.0546875
0.7379322052001953 0.12688636779785156 0.10393142700195312 0.03125
0.7195262908935547 0.12477493286132812 0.10101127624511719 0.0546875
0.7301197052001953 0.12717437744140625 0.10364341735839844 0.0390625
0.7273387908935547 0.12456512451171875 0.10122108459472656 0.046875
0.7351512908935547 0.12502288818359375 0.10076332092285156 0.0390625
0.7195262908935547 0.12380409240722656 0.10198211669921875 0.0546875
0.7039012908935547 0.12338447570800781 0.1024017333984375 0.0703125
0.7273387908935547 0.12499427795410156 0.10079193115234375 0.046875
0.7351512908935547 0.12241554260253906 0.10337066650390625 0.0390625
0.7301197052001953 0.126556396484375 0.10426139831542969 0.0390625
0.7507762908935547 0.12456893920898438 0.10121726989746094 0.0234375
0.7167453765869141 0.11966133117675781 0.10109329223632812 0.0625
0.7351512908935547 0.1247711181640625 0.10101509094238281 0.0390625
0.7429637908935547 0.12480354309082031 0.100982666015625 0.03125
0.7245578765869141 0.12029457092285156 0.10046005249023438 0.0546875
0.7195262908935547 0.12220382690429688 0.10358238220214844 0.0546875
0.7351512908935547 0.12186813354492188 0.10391807556152344 0.0390625
0.7479953765869141 0.12021064758300781 0.10054397583007812 0.03125
0.7507762908935547 0.12425994873046875 0.10152626037597656 0.0234375
0.7429637908935547 0.12376594543457031 0.102020263671875 0.03125
0.7585887908935547 0.12421035766601562 0.10157585144042969 0.015625
0.7323703765869141 0.12029647827148438 0.10045814514160156 0.046875
0.7479953765869141 0.12053108215332031 0.10022354125976562 0.03125
time 30.17
error 30879.765625
25 self_attn.q_proj
Quantizing the layer self_attn.q_proj ...
0.7558040618896484 0.11904335021972656 0.101715087890625 0.0234375
0.679931640625 0.1097259521484375 0.1009674072265625 0.109375
0.7558078765869141 0.11861038208007812 0.10214424133300781 0.0234375
0.7636203765869141 0.11919784545898438 0.10155677795410156 0.015625
0.7558078765869141 0.11840438842773438 0.10235023498535156 0.0234375
0.7061519622802734 0.11188316345214844 0.10383987426757812 0.078125
0.6983394622802734 0.11269760131835938 0.10302543640136719 0.0859375
0.7217769622802734 0.11417579650878906 0.1015472412109375 0.0625
0.7558078765869141 0.11812019348144531 0.10263442993164062 0.0234375
0.7479953765869141 0.11730384826660156 0.10345077514648438 0.03125
0.7558078765869141 0.11807632446289062 0.10267829895019531 0.0234375
0.6380882263183594 0.10242271423339844 0.10323905944824219 0.15625
0.7479953765869141 0.11740303039550781 0.10335159301757812 0.03125
0.6537132263183594 0.10526847839355469 0.10039329528808594 0.140625
0.7479953765869141 0.11750411987304688 0.10325050354003906 0.03125
0.695556640625 0.10993576049804688 0.10075759887695312 0.09375
0.7636203765869141 0.118316650390625 0.10243797302246094 0.015625
0.7636203765869141 0.11712265014648438 0.10363197326660156 0.015625
0.7636203765869141 0.11737251281738281 0.10338211059570312 0.015625
0.7608394622802734 0.11548614501953125 0.10023689270019531 0.0234375
0.7608394622802734 0.11425399780273438 0.10146903991699219 0.0234375
0.7686519622802734 0.11565780639648438 0.10006523132324219 0.015625
0.7608394622802734 0.11484146118164062 0.10088157653808594 0.0234375
0.6537132263183594 0.10332679748535156 0.10233497619628906 0.140625
0.711181640625 0.10894775390625 0.10174560546875 0.078125
0.7686519622802734 0.1155242919921875 0.10019874572753906 0.015625
0.7686519622802734 0.11469078063964844 0.10103225708007812 0.015625
0.7608375549316406 0.11435127258300781 0.10137367248535156 0.0234375
0.7530269622802734 0.11385154724121094 0.10187149047851562 0.03125
0.6118698120117188 0.09619140625 0.10443878173828125 0.1875
0.7452144622802734 0.11209869384765625 0.10362434387207031 0.0390625
0.7608394622802734 0.11243247985839844 0.10329055786132812 0.0234375
time 11.36
error 230156.703125
25 self_attn.k_proj
Quantizing the layer self_attn.k_proj ...
0.7558002471923828 0.11771202087402344 0.10305023193359375 0.0234375
0.5962448120117188 0.09929275512695312 0.10133743286132812 0.203125
0.7558078765869141 0.11682510375976562 0.10392951965332031 0.0234375
0.7636203765869141 0.11825752258300781 0.10249710083007812 0.015625
0.7558078765869141 0.11740303039550781 0.10335159301757812 0.0234375
0.703369140625 0.110565185546875 0.100128173828125 0.0859375
0.7295894622802734 0.11395454406738281 0.10176849365234375 0.0546875
0.7061519622802734 0.11154556274414062 0.10417747497558594 0.078125
0.7636203765869141 0.11719131469726562 0.10356330871582031 0.015625
0.7558078765869141 0.11645889282226562 0.10429573059082031 0.0234375
0.7558078765869141 0.1168670654296875 0.10388755798339844 0.0234375
0.711181640625 0.109130859375 0.1015625 0.078125
0.7530269622802734 0.11465263366699219 0.10107040405273438 0.03125
0.6615257263183594 0.10433006286621094 0.10133171081542969 0.1328125
0.7608394622802734 0.11501502990722656 0.1007080078125 0.0234375
0.672119140625 0.10654449462890625 0.10414886474609375 0.1171875
0.7686519622802734 0.11526679992675781 0.10045623779296875 0.015625
0.7636184692382812 0.11717605590820312 0.10358047485351562 0.015625
0.7686519622802734 0.1156158447265625 0.10010719299316406 0.015625
0.7608394622802734 0.114501953125 0.10122108459472656 0.0234375
0.7686519622802734 0.11523818969726562 0.10048484802246094 0.015625
0.7686519622802734 0.11537933349609375 0.10034370422363281 0.015625
0.7608394622802734 0.11434173583984375 0.10138130187988281 0.0234375
0.695556640625 0.10773277282714844 0.10296058654785156 0.09375
0.726806640625 0.11049842834472656 0.10019493103027344 0.0625
0.7686519622802734 0.114471435546875 0.10125160217285156 0.015625
0.7686519622802734 0.1136932373046875 0.10202980041503906 0.015625
0.7608394622802734 0.11345863342285156 0.102264404296875 0.0234375
0.7608394622802734 0.11318206787109375 0.10254096984863281 0.0234375
0.6693382263183594 0.10246658325195312 0.1031951904296875 0.125
0.742431640625 0.10935020446777344 0.10134315490722656 0.046875
0.7608394622802734 0.11133956909179688 0.10438346862792969 0.0234375
time 11.28
error 231338.296875
25 self_attn.v_proj
Quantizing the layer self_attn.v_proj ...
0.7250843048095703 0.1341686248779297 0.1016845703125 0.0390625
0.5917453765869141 0.11709976196289062 0.10365486145019531 0.1875
0.7094631195068359 0.1324634552001953 0.10338592529296875 0.0546875
0.7329006195068359 0.1343994140625 0.10144996643066406 0.03125
0.7329006195068359 0.13446807861328125 0.10138130187988281 0.03125
0.5577144622802734 0.11153030395507812 0.10419273376464844 0.2265625
0.5967769622802734 0.1151580810546875 0.10056495666503906 0.1875
0.5917453765869141 0.11659049987792969 0.10416412353515625 0.1875
0.5811519622802734 0.11304473876953125 0.10267829895019531 0.203125
0.6570262908935547 0.12438583374023438 0.10140037536621094 0.1171875
0.7250881195068359 0.13371849060058594 0.10213088989257812 0.0390625
0.547119140625 0.10669517517089844 0.10399818420410156 0.2421875
0.7172756195068359 0.13255691528320312 0.10329246520996094 0.046875
0.6570262908935547 0.12442207336425781 0.1013641357421875 0.1171875
0.7172756195068359 0.13276290893554688 0.10308647155761719 0.046875
0.6335887908935547 0.12176322937011719 0.10402297973632812 0.140625
0.7144947052001953 0.12980079650878906 0.10101699829101562 0.0546875
0.6464328765869141 0.11923408508300781 0.10152053833007812 0.1328125
0.5889644622802734 0.1122589111328125 0.10346412658691406 0.1953125
0.7301197052001953 0.13031387329101562 0.10050392150878906 0.0390625
0.7329006195068359 0.13226318359375 0.10358619689941406 0.03125
0.7144947052001953 0.12882614135742188 0.10199165344238281 0.0546875
0.7329006195068359 0.13216209411621094 0.10368728637695312 0.03125
0.6386203765869141 0.11816024780273438 0.10259437561035156 0.140625
0.5443382263183594 0.10371780395507812 0.1019439697265625 0.25
0.7379322052001953 0.12983322143554688 0.10098457336425781 0.03125
0.7223072052001953 0.12854385375976562 0.10227394104003906 0.046875
0.601806640625 0.11046218872070312 0.10023117065429688 0.1875
0.7379322052001953 0.12908935546875 0.10172843933105469 0.03125
0.5521507263183594 0.10211181640625 0.10354995727539062 0.2421875
0.6960887908935547 0.12145042419433594 0.10433578491210938 0.078125
0.7429637908935547 0.125213623046875 0.10057258605957031 0.03125
time 11.31
error 179375.625
25 self_attn.o_proj
Quantizing the layer self_attn.o_proj ...
0.6519927978515625 0.12712669372558594 0.10369300842285156 0.1171875
0.7434940338134766 0.13825607299804688 0.10262489318847656 0.015625
0.6754322052001953 0.1301555633544922 0.1006622314453125 0.09375
0.6151828765869141 0.11803054809570312 0.10272407531738281 0.1640625
0.6910572052001953 0.12686729431152344 0.10395050048828125 0.078125
0.7223072052001953 0.12995147705078125 0.10086631774902344 0.046875
0.7329006195068359 0.13499832153320312 0.10085105895996094 0.03125
0.6754322052001953 0.1270313262939453 0.10378646850585938 0.09375
0.6754322052001953 0.12895774841308594 0.10186004638671875 0.09375
0.6073703765869141 0.11896514892578125 0.10178947448730469 0.171875
0.6910572052001953 0.12842941284179688 0.10238838195800781 0.078125
0.7379322052001953 0.12847328186035156 0.10234451293945312 0.03125
0.6832447052001953 0.1282215118408203 0.10259628295898438 0.0859375
0.7066822052001953 0.1273365020751953 0.10348129272460938 0.0625
0.6464328765869141 0.1197967529296875 0.10095787048339844 0.1328125
0.7407131195068359 0.13344573974609375 0.10240364074707031 0.0234375
0.7351512908935547 0.12319183349609375 0.10259437561035156 0.0390625
0.6676197052001953 0.1280841827392578 0.10273361206054688 0.1015625
0.562744140625 0.11029052734375 0.10040283203125 0.2265625
0.7094612121582031 0.1339550018310547 0.10189628601074219 0.0546875
0.7379322052001953 0.13037681579589844 0.10044097900390625 0.03125
0.6257762908935547 0.12145042419433594 0.10433578491210938 0.1484375
0.7429637908935547 0.12526512145996094 0.10052108764648438 0.03125
0.6988697052001953 0.1280364990234375 0.10278129577636719 0.0703125
0.6726512908935547 0.12186813354492188 0.10391807556152344 0.1015625
0.7011203765869141 0.11931991577148438 0.10143470764160156 0.078125
0.6854953765869141 0.12034797668457031 0.10040664672851562 0.09375
0.7323703765869141 0.12023735046386719 0.10051727294921875 0.046875
0.7066822052001953 0.1296520233154297 0.101165771484375 0.0625
0.7407131195068359 0.13210487365722656 0.1037445068359375 0.0234375
0.5259323120117188 0.10001945495605469 0.10061073303222656 0.2734375
0.7323703765869141 0.11873245239257812 0.10202217102050781 0.046875
time 11.18
error 8863.19140625
25 mlp.gate_proj
Quantizing the layer mlp.gate_proj ...
0.5471106171607971 0.10966527462005615 0.10103660076856613 0.2421875
0.6073700785636902 0.11899016797542572 0.10176476836204529 0.171875
0.7066820859909058 0.13056768476963043 0.100250244140625 0.0625
0.5130891799926758 0.1043601781129837 0.10130061954259872 0.28125
0.42662084102630615 0.08974368125200272 0.10082297772169113 0.3828125
0.5811511874198914 0.11391714960336685 0.101806640625 0.203125
0.6414014101028442 0.12262885272502899 0.10315722227096558 0.1328125
0.6492139101028442 0.12390633672475815 0.10187973827123642 0.125
0.6570264101028442 0.12391839921474457 0.10186767578125 0.1171875
0.4606522023677826 0.09421486407518387 0.10138294100761414 0.34375
0.42662155628204346 0.08753789961338043 0.10302805155515671 0.3828125
0.43443405628204346 0.087391696870327 0.10317425429821014 0.375
0.5052766799926758 0.10102950781583786 0.10463128983974457 0.2890625
0.4606522023677826 0.09350940585136414 0.10208839923143387 0.34375
0.7066820859909058 0.12959040701389313 0.10122751444578171 0.0625
0.6151825785636902 0.11757925897836685 0.10317566990852356 0.1640625
0.7250884175300598 0.13177205622196198 0.10407700389623642 0.0390625
0.7066820859909058 0.12822847068309784 0.102589450776577 0.0625
0.6464325785636902 0.11965374648571014 0.10110118985176086 0.1328125
0.6804639101028442 0.12473740428686142 0.10104867070913315 0.09375
0.7329009175300598 0.13226105272769928 0.10358801484107971 0.03125
0.7144945859909058 0.12910355627536774 0.10171438008546829 0.0546875
0.7407127022743225 0.13182245194911957 0.10402732342481613 0.0234375
0.6542450785636902 0.119731105864048 0.101023830473423 0.125
0.6308075785636902 0.11653740704059601 0.104217529296875 0.1484375
0.7223070859909058 0.12861384451389313 0.10220407694578171 0.046875
0.6358386874198914 0.11514069139957428 0.10058309882879257 0.1484375
0.7223070859909058 0.12734276056289673 0.1034751683473587 0.046875
0.7379320859909058 0.1286734640598297 0.10214446485042572 0.03125
0.7039014101028442 0.12317675352096558 0.10260932147502899 0.0703125
0.6620575785636902 0.11725988984107971 0.1034950464963913 0.1171875
0.7429631948471069 0.12545491755008698 0.1003318578004837 0.03125
time 12.79
error 292549.9375
25 mlp.up_proj
Quantizing the layer mlp.up_proj ...
0.5420830249786377 0.11247076094150543 0.10325870662927628 0.2421875
0.5158705711364746 0.10736154764890671 0.10333038866519928 0.2734375
0.4294022023677826 0.09155060350894928 0.10404720157384872 0.375
0.5917450785636902 0.11792843788862228 0.10282649844884872 0.1875
0.5499011874198914 0.11234442889690399 0.10337936133146286 0.234375
0.5499011874198914 0.11193350702524185 0.103790283203125 0.234375
0.5577136874198914 0.11336854100227356 0.10235524922609329 0.2265625
0.5811511874198914 0.11513501405715942 0.10058877617120743 0.203125
0.5052766799926758 0.10248725116252899 0.10317354649305344 0.2890625
0.5314955711364746 0.10824939608573914 0.10244254022836685 0.2578125
0.5733386874198914 0.11386605352163315 0.1018577367067337 0.2109375
0.6151825785636902 0.118571437895298 0.102183498442173 0.1640625
0.4606522023677826 0.09499838203191757 0.10059942305088043 0.34375
0.48687106370925903 0.09924103319644928 0.10138791054487228 0.3125
0.5209016799926758 0.10444605350494385 0.10121474415063858 0.2734375
0.6414014101028442 0.12328675389289856 0.10249932110309601 0.1328125
0.6988695859909058 0.12981964647769928 0.10099828243255615 0.0703125
0.6988695859909058 0.12879057228565216 0.10202736407518387 0.0703125
0.6308075785636902 0.11984820663928986 0.10090672969818115 0.1484375
0.6804639101028442 0.12548401951789856 0.10030205547809601 0.09375
0.7172759175300598 0.13266274333000183 0.10318631678819656 0.046875
0.49468284845352173 0.09775064140558243 0.10287901014089584 0.3046875
0.7172759175300598 0.13177277147769928 0.10407629609107971 0.046875
0.6492139101028442 0.122090183198452 0.10369589179754257 0.125
0.6726514101028442 0.12380200624465942 0.10198406875133514 0.1015625
0.5861830711364746 0.11035653203725815 0.10033541172742844 0.203125
0.6542450785636902 0.11947915703058243 0.10127577930688858 0.125
0.6542450785636902 0.11991775780916214 0.10083717852830887 0.125
0.7223070859909058 0.1288870871067047 0.10193084180355072 0.046875
0.6960889101028442 0.12464230507612228 0.10114376991987228 0.078125
0.6776825785636902 0.12004692852497101 0.1007080078125 0.1015625
0.7379320859909058 0.12808014452457428 0.10273778438568115 0.03125
time 13.09
error 250431.90625
25 mlp.down_proj
Quantizing the layer mlp.down_proj ...
0.7379226684570312 0.13067054748535156 0.10015678405761719 0.03125
0.7250881195068359 0.13231277465820312 0.10353660583496094 0.0390625
0.7379322052001953 0.12972259521484375 0.10109519958496094 0.03125
0.7066822052001953 0.12775802612304688 0.10305976867675781 0.0625
0.7379322052001953 0.12905311584472656 0.10176467895507812 0.03125
0.7379322052001953 0.12952041625976562 0.10129737854003906 0.03125
0.7301197052001953 0.1302051544189453 0.10061264038085938 0.0390625
0.7301197052001953 0.1289958953857422 0.1018218994140625 0.0390625
0.7329006195068359 0.13265419006347656 0.1031951904296875 0.03125
0.7379322052001953 0.13054275512695312 0.10027503967285156 0.03125
0.7379322052001953 0.1293201446533203 0.10149765014648438 0.03125
0.7429637908935547 0.12532424926757812 0.10046195983886719 0.03125
0.6960887908935547 0.12538528442382812 0.10040092468261719 0.078125
0.7223072052001953 0.12988853454589844 0.10092926025390625 0.046875
0.7301197052001953 0.129913330078125 0.10090446472167969 0.0390625
0.7457447052001953 0.1284027099609375 0.10241508483886719 0.0234375
0.7223072052001953 0.13027191162109375 0.10054588317871094 0.046875
0.7379322052001953 0.130462646484375 0.10035514831542969 0.03125
0.7301197052001953 0.12939071655273438 0.10142707824707031 0.0390625
0.7223072052001953 0.1287403106689453 0.10207748413085938 0.046875
0.7379322052001953 0.12818527221679688 0.10263252258300781 0.03125
0.7144947052001953 0.12798500061035156 0.10283279418945312 0.0546875
0.7273387908935547 0.12530899047851562 0.10047721862792969 0.046875
0.7144947052001953 0.12908554077148438 0.10173225402832031 0.0546875
0.7379322052001953 0.12967681884765625 0.10114097595214844 0.03125
0.7379322052001953 0.12991714477539062 0.10090065002441406 0.03125
0.7457447052001953 0.12876129150390625 0.10205650329589844 0.0234375
0.7301197052001953 0.12808799743652344 0.10272979736328125 0.0390625
0.7273387908935547 0.1253814697265625 0.10040473937988281 0.046875
0.7223072052001953 0.12784385681152344 0.10297393798828125 0.046875
0.7457447052001953 0.12999725341796875 0.10082054138183594 0.0234375
0.7223072052001953 0.12917709350585938 0.10164070129394531 0.046875
0.7507762908935547 0.1239776611328125 0.10180854797363281 0.0234375
0.6726512908935547 0.12377548217773438 0.10201072692871094 0.1015625
0.7117137908935547 0.12529373168945312 0.10049247741699219 0.0625
0.7039012908935547 0.12577438354492188 0.10001182556152344 0.0703125
0.7301197052001953 0.12891578674316406 0.10190200805664062 0.0390625
0.7351512908935547 0.12572860717773438 0.10005760192871094 0.0390625
0.7351512908935547 0.12562179565429688 0.10016441345214844 0.0390625
0.7301197052001953 0.1290416717529297 0.101776123046875 0.0390625
0.7144947052001953 0.12686538696289062 0.10395240783691406 0.0546875
0.7507762908935547 0.12475395202636719 0.10103225708007812 0.0234375
0.7379322052001953 0.12870216369628906 0.10211563110351562 0.03125
0.7301197052001953 0.12855911254882812 0.10225868225097656 0.0390625
0.7429637908935547 0.12499618530273438 0.10079002380371094 0.03125
0.7273387908935547 0.12484359741210938 0.10094261169433594 0.046875
0.7379322052001953 0.1269683837890625 0.10384941101074219 0.03125
0.7223072052001953 0.12883949279785156 0.10197830200195312 0.046875
0.7039012908935547 0.12487602233886719 0.10091018676757812 0.0703125
0.6882762908935547 0.12288475036621094 0.10290145874023438 0.0859375
0.7273387908935547 0.12473106384277344 0.10105514526367188 0.046875
0.7301197052001953 0.12752151489257812 0.10329627990722656 0.0390625
0.7273387908935547 0.1257610321044922 0.10002517700195312 0.046875
0.7507762908935547 0.1253070831298828 0.1004791259765625 0.0234375
0.7301197052001953 0.12900352478027344 0.10181427001953125 0.0390625
0.7273387908935547 0.12564468383789062 0.10014152526855469 0.046875
0.7379322052001953 0.1283893585205078 0.10242843627929688 0.03125
0.7301197052001953 0.12799453735351562 0.10282325744628906 0.0390625
0.7223072052001953 0.1274433135986328 0.10337448120117188 0.046875
0.7301197052001953 0.12682342529296875 0.10399436950683594 0.0390625
0.7429637908935547 0.12533950805664062 0.10044670104980469 0.03125
0.7457447052001953 0.12886619567871094 0.10195159912109375 0.0234375
0.7301197052001953 0.1273193359375 0.10349845886230469 0.0390625
0.7195262908935547 0.12463760375976562 0.10114860534667969 0.0546875
0.7117137908935547 0.123504638671875 0.10228157043457031 0.0625
0.7429637908935547 0.12363052368164062 0.10215568542480469 0.03125
0.7301197052001953 0.1283550262451172 0.1024627685546875 0.0390625
0.7011203765869141 0.11934852600097656 0.10140609741210938 0.078125
0.7351512908935547 0.12229347229003906 0.10349273681640625 0.0390625
0.7429637908935547 0.12498664855957031 0.100799560546875 0.03125
0.7245578765869141 0.12062263488769531 0.10013198852539062 0.0546875
0.7558078765869141 0.11972618103027344 0.1010284423828125 0.0234375
0.7301197052001953 0.12705039978027344 0.10376739501953125 0.0390625
0.7301197052001953 0.1271839141845703 0.10363388061523438 0.0390625
0.7039012908935547 0.123199462890625 0.10258674621582031 0.0703125
0.7429637908935547 0.12366676330566406 0.10211944580078125 0.03125
0.7507762908935547 0.12293815612792969 0.10284805297851562 0.0234375
0.7351512908935547 0.12312889099121094 0.10265731811523438 0.0390625
0.7636203765869141 0.120025634765625 0.10072898864746094 0.015625
0.7479953765869141 0.11864089965820312 0.10211372375488281 0.03125
0.7273387908935547 0.12363243103027344 0.10215377807617188 0.046875
0.7507762908935547 0.1245880126953125 0.10119819641113281 0.0234375
0.7351512908935547 0.12243080139160156 0.10335540771484375 0.0390625
0.7273387908935547 0.12239646911621094 0.10338973999023438 0.046875
0.7401828765869141 0.11919784545898438 0.10155677795410156 0.0390625
0.7585887908935547 0.12259292602539062 0.10319328308105469 0.015625
time 30.91
error 33489.578125
26 self_attn.q_proj
Quantizing the layer self_attn.q_proj ...
0.7558059692382812 0.11721229553222656 0.10354423522949219 0.0234375
0.6146507263183594 0.10154342651367188 0.10411834716796875 0.1796875
0.7558078765869141 0.11712455749511719 0.10363006591796875 0.0234375
0.7636203765869141 0.11856651306152344 0.1021881103515625 0.015625
0.7558078765869141 0.11704063415527344 0.1037139892578125 0.0234375
0.6615257263183594 0.10524940490722656 0.10041236877441406 0.1328125
0.7139644622802734 0.11212539672851562 0.10359764099121094 0.0703125
0.7295894622802734 0.11336898803710938 0.10235404968261719 0.0546875
0.7530269622802734 0.11454010009765625 0.10118293762207031 0.03125
0.7608394622802734 0.1151885986328125 0.10053443908691406 0.0234375
0.7608394622802734 0.11466407775878906 0.1010589599609375 0.0234375
0.7295894622802734 0.112152099609375 0.10357093811035156 0.0546875
0.7530269622802734 0.114501953125 0.10122108459472656 0.03125
0.6615257263183594 0.10411643981933594 0.10154533386230469 0.1328125
0.7530269622802734 0.11432647705078125 0.10139656066894531 0.03125
0.711181640625 0.10966110229492188 0.10103225708007812 0.078125
0.7608394622802734 0.11477851867675781 0.10094451904296875 0.0234375
0.7686519622802734 0.11472129821777344 0.10100173950195312 0.015625
0.7686519622802734 0.11530303955078125 0.10041999816894531 0.015625
0.7608394622802734 0.11446189880371094 0.10126113891601562 0.0234375
0.7608394622802734 0.11434745788574219 0.10137557983398438 0.0234375
0.7686519622802734 0.11486053466796875 0.10086250305175781 0.015625
0.7608375549316406 0.11385345458984375 0.10187149047851562 0.0234375
0.711181640625 0.10849761962890625 0.10219573974609375 0.078125
0.711181640625 0.10786247253417969 0.10283088684082031 0.078125
0.7686519622802734 0.11365890502929688 0.10206413269042969 0.015625
0.7686519622802734 0.11399269104003906 0.1017303466796875 0.015625
0.7608394622802734 0.11295127868652344 0.10277175903320312 0.0234375
0.7530269622802734 0.11227226257324219 0.10345077514648438 0.03125
0.703369140625 0.10668563842773438 0.10400772094726562 0.0859375
0.7530269622802734 0.11185264587402344 0.10387039184570312 0.03125
0.765869140625 0.11024665832519531 0.10044670104980469 0.0234375
time 11.71
error 215836.78125
26 self_attn.k_proj
Quantizing the layer self_attn.k_proj ...
0.7686405181884766 0.11466407775878906 0.10107040405273438 0.015625
0.679931640625 0.10663604736328125 0.10405731201171875 0.109375
0.7608394622802734 0.11420440673828125 0.10151863098144531 0.0234375
0.7686519622802734 0.11536216735839844 0.10036087036132812 0.015625
0.7608394622802734 0.11444854736328125 0.10127449035644531 0.0234375
0.734619140625 0.11045074462890625 0.10024261474609375 0.0546875
0.718994140625 0.1104888916015625 0.1002044677734375 0.0703125
0.718994140625 0.10953140258789062 0.10116195678710938 0.0703125
0.7686519622802734 0.11406707763671875 0.10165596008300781 0.015625
0.7608394622802734 0.11414718627929688 0.10157585144042969 0.0234375
0.7608394622802734 0.11358261108398438 0.10214042663574219 0.0234375
0.726806640625 0.1084442138671875 0.1022491455078125 0.0625
0.7608394622802734 0.11415863037109375 0.10156440734863281 0.0234375
0.6771507263183594 0.10419654846191406 0.10146522521972656 0.1171875
0.7608394622802734 0.11353111267089844 0.10219192504882812 0.0234375
0.5856513977050781 0.09323501586914062 0.10236358642578125 0.21875
0.7608394622802734 0.11249160766601562 0.10323143005371094 0.0234375
0.7686519622802734 0.11340904235839844 0.10231399536132812 0.015625
0.7686519622802734 0.11384773254394531 0.10187530517578125 0.015625
0.7608394622802734 0.11233329772949219 0.10338973999023438 0.0234375
0.7686519622802734 0.11290168762207031 0.10282135009765625 0.015625
0.7686519622802734 0.11322975158691406 0.1024932861328125 0.015625
0.7608394622802734 0.11220359802246094 0.10351943969726562 0.0234375
0.6587448120117188 0.09962654113769531 0.10100364685058594 0.140625
0.718994140625 0.10764122009277344 0.10305213928222656 0.0703125
0.7686519622802734 0.11244583129882812 0.10327720642089844 0.015625
0.7686519622802734 0.11164665222167969 0.10407638549804688 0.015625
0.758056640625 0.11013984680175781 0.10055351257324219 0.03125
0.765869140625 0.10982704162597656 0.10086631774902344 0.0234375
0.726806640625 0.10694694519042969 0.10374641418457031 0.0625
0.750244140625 0.1085968017578125 0.1020965576171875 0.0390625
0.765869140625 0.1096649169921875 0.1010284423828125 0.0234375
time 11.57
error 218308.5625
26 self_attn.v_proj
Quantizing the layer self_attn.v_proj ...
0.7172756195068359 0.1320171356201172 0.10383224487304688 0.046875
0.5287132263183594 0.10501670837402344 0.10064506530761719 0.265625
0.7329006195068359 0.1329517364501953 0.10289764404296875 0.03125
0.7329006195068359 0.13361549377441406 0.10223388671875 0.03125
0.7250862121582031 0.1328296661376953 0.10302162170410156 0.0390625
0.6229953765869141 0.11962509155273438 0.10112953186035156 0.15625
0.6073703765869141 0.11704826354980469 0.10370635986328125 0.171875
0.6492137908935547 0.12220573425292969 0.10358047485351562 0.125
0.6464328765869141 0.12030792236328125 0.10044670104980469 0.1328125
0.6882762908935547 0.1257762908935547 0.10000991821289062 0.0859375
0.7223072052001953 0.13019371032714844 0.10062408447265625 0.046875
0.586181640625 0.11011314392089844 0.10058021545410156 0.203125
0.7301197052001953 0.13060760498046875 0.10021018981933594 0.0390625
0.6386203765869141 0.1203460693359375 0.10040855407714844 0.140625
0.7223072052001953 0.12943458557128906 0.10138320922851562 0.046875
0.6464328765869141 0.11946678161621094 0.101287841796875 0.1328125
0.7066822052001953 0.1276874542236328 0.10313034057617188 0.0625
0.4997138977050781 0.09526634216308594 0.10033226013183594 0.3046875
0.7066822052001953 0.12732696533203125 0.10349082946777344 0.0625
0.7301197052001953 0.1285381317138672 0.1022796630859375 0.0390625
0.7379322052001953 0.12984275817871094 0.10097503662109375 0.03125
0.7066822052001953 0.12708091735839844 0.10373687744140625 0.0625
0.7379322052001953 0.1286945343017578 0.10212326049804688 0.03125
0.5599632263183594 0.10406494140625 0.10159683227539062 0.234375
0.5443382263183594 0.10217857360839844 0.10348320007324219 0.25
0.7223072052001953 0.1275768280029297 0.103240966796875 0.046875
0.7195262908935547 0.12529563903808594 0.10049057006835938 0.0546875
0.7039012908935547 0.12382125854492188 0.10196495056152344 0.0703125
0.7379322052001953 0.12816429138183594 0.10265350341796875 0.03125
0.5599632263183594 0.10259819030761719 0.10306358337402344 0.234375
0.7117137908935547 0.12218475341796875 0.10360145568847656 0.0625
0.7429637908935547 0.12366867065429688 0.10211753845214844 0.03125
time 11.49
error 179960.421875
26 self_attn.o_proj
Quantizing the layer self_attn.o_proj ...
0.6754207611083984 0.12960052490234375 0.10122871398925781 0.09375
0.7278690338134766 0.1376934051513672 0.10318756103515625 0.03125
0.6754322052001953 0.1305828094482422 0.1002349853515625 0.09375
0.6179637908935547 0.12161445617675781 0.1041717529296875 0.15625
0.6938381195068359 0.1321697235107422 0.10367965698242188 0.0703125
0.5917453765869141 0.11847877502441406 0.10227584838867188 0.1875
0.7172756195068359 0.13347244262695312 0.10237693786621094 0.046875
0.7016506195068359 0.13178443908691406 0.10406494140625 0.0625
0.6754322052001953 0.1295318603515625 0.10128593444824219 0.09375
0.6860256195068359 0.13199615478515625 0.10385322570800781 0.078125
0.7223072052001953 0.12656021118164062 0.10425758361816406 0.046875
0.7329006195068359 0.1357574462890625 0.10009193420410156 0.03125
0.7407131195068359 0.1346149444580078 0.10123443603515625 0.0234375
0.7329006195068359 0.13312911987304688 0.10272026062011719 0.03125
0.5733394622802734 0.11513900756835938 0.10058403015136719 0.2109375
0.6257762908935547 0.12151718139648438 0.10426902770996094 0.1484375
0.6648387908935547 0.12429618835449219 0.10149002075195312 0.109375
0.6436519622802734 0.11354637145996094 0.10217666625976562 0.140625
0.7250881195068359 0.1333637237548828 0.10248565673828125 0.0390625
0.7351512908935547 0.1257171630859375 0.10006904602050781 0.0390625
0.7066822052001953 0.12966156005859375 0.10115623474121094 0.0625
0.6492137908935547 0.12334632873535156 0.10243988037109375 0.125
0.7066822052001953 0.1295623779296875 0.10125541687011719 0.0625
0.6960887908935547 0.12157821655273438 0.10420799255371094 0.078125
0.5521507263183594 0.10108375549316406 0.10457801818847656 0.2421875
0.6726512908935547 0.12555885314941406 0.10022735595703125 0.1015625
0.6045894622802734 0.1156768798828125 0.10004615783691406 0.1796875
0.6726512908935547 0.12271499633789062 0.10307121276855469 0.1015625
0.7351512908935547 0.1225738525390625 0.10321235656738281 0.0390625
0.7558078765869141 0.12014198303222656 0.10061264038085938 0.0234375
0.6910572052001953 0.1280078887939453 0.10280990600585938 0.078125
0.7429637908935547 0.12241363525390625 0.10337257385253906 0.03125
time 11.56
error 15199.2587890625
26 mlp.gate_proj
Quantizing the layer mlp.gate_proj ...
0.5130891799926758 0.10438714921474457 0.10127364844083786 0.28125
0.5314955711364746 0.10789099335670471 0.10280094295740128 0.2578125
0.7172759175300598 0.13243208825588226 0.10341697186231613 0.046875
0.6308075785636902 0.12035281211137772 0.10040212422609329 0.1484375
0.5314955711364746 0.10658370703458786 0.10410823673009872 0.2578125
0.43443405628204346 0.08991613984107971 0.10064981132745743 0.375
0.6648389101028442 0.12474024295806885 0.10104583203792572 0.109375
0.5287141799926758 0.10553120076656342 0.10012958943843842 0.265625
0.6229950785636902 0.11823077499866486 0.10252416133880615 0.15625
0.6414014101028442 0.12241878360509872 0.10336729139089584 0.1328125
0.6988695859909058 0.12870894372463226 0.10210897773504257 0.0703125
0.6045886874198914 0.11382346600294113 0.10190032422542572 0.1796875
0.6229950785636902 0.11831097304821014 0.10244396328926086 0.15625
0.6308075785636902 0.11887093633413315 0.10188400000333786 0.1484375
0.6726514101028442 0.12399362772703171 0.10179244726896286 0.1015625
0.6570256948471069 0.12224419414997101 0.10354259610176086 0.1171875
0.7301195859909058 0.130239799618721 0.10057812929153442 0.0390625
0.7144945859909058 0.12809504568576813 0.10272287577390671 0.0546875
0.6045886874198914 0.11329260468482971 0.10243118554353714 0.1796875
0.7144945859909058 0.12839952111244202 0.10241840779781342 0.0546875
0.7223070859909058 0.12884947657585144 0.10196845233440399 0.046875
0.6882756948471069 0.12414124608039856 0.10164553672075272 0.0859375
0.7301195859909058 0.12928736209869385 0.10153055936098099 0.0390625
0.6542450785636902 0.11942806094884872 0.10132687538862228 0.125
0.5627455711364746 0.10574553906917572 0.10494640469551086 0.2265625
0.4919022023677826 0.09370245039463043 0.10189535468816757 0.3125
0.6358386874198914 0.11488590389490128 0.10083788633346558 0.1484375
0.7039006948471069 0.12403266131877899 0.10175412148237228 0.0703125
0.7379320859909058 0.12806878983974457 0.10274913907051086 0.03125
0.7195264101028442 0.12402201443910599 0.10176406055688858 0.0546875
0.6933075785636902 0.12011860311031342 0.100636325776577 0.0859375
0.7429639101028442 0.12473172694444656 0.101054348051548 0.03125
time 13.08
error 309923.3125
26 mlp.up_proj
Quantizing the layer mlp.up_proj ...
0.49744999408721924 0.10398900508880615 0.10168598592281342 0.296875
0.5052766799926758 0.10507272928953171 0.10058806836605072 0.2890625
0.6335889101028442 0.12377291172742844 0.10201316326856613 0.140625
0.5577136874198914 0.11325002461671829 0.10247376561164856 0.2265625
0.5052766799926758 0.10502021014690399 0.10064058750867844 0.2890625
0.5499011874198914 0.1119285374879837 0.10379525274038315 0.234375
0.5811511874198914 0.11565310508012772 0.10007068514823914 0.203125
0.6073700785636902 0.11936205625534058 0.10139288008213043 0.171875
0.6335889101028442 0.12247342616319656 0.103312648832798 0.140625
0.5393080711364746 0.10893994569778442 0.10175199061632156 0.25
0.48965170979499817 0.10068032890558243 0.10498046875 0.3046875
0.47905856370925903 0.09723822772502899 0.10339071601629257 0.3203125
0.5314955711364746 0.106983982026577 0.10370795428752899 0.2578125
0.5209016799926758 0.10502304881811142 0.10063774883747101 0.2734375
0.6570264101028442 0.12475799024105072 0.10102808475494385 0.1171875
0.5917450785636902 0.11628758907318115 0.10446734726428986 0.1875
0.7094634175300598 0.1320488452911377 0.1038002222776413 0.0546875
0.6726514101028442 0.12438610196113586 0.1013999730348587 0.1015625
0.6414014101028442 0.12201424688100815 0.10377182811498642 0.1328125
0.6726514101028442 0.1250106394290924 0.10077542811632156 0.1015625
0.7066820859909058 0.13003966212272644 0.10077826678752899 0.0625
0.6073700785636902 0.11622939258813858 0.10452554374933243 0.171875
0.6988695859909058 0.12792401015758514 0.10289391875267029 0.0703125
0.5549330711364746 0.1073097437620163 0.10338220000267029 0.234375
0.6570264101028442 0.12272253632545471 0.10306353867053986 0.1171875
0.431652694940567 0.08496732264757156 0.10056748241186142 0.3828125
0.5861830711364746 0.10969507694244385 0.10099685937166214 0.203125
0.6804639101028442 0.12378355115652084 0.10200252383947372 0.09375
0.7223070859909058 0.12873591482639313 0.10208200663328171 0.046875
0.6620575785636902 0.11993265897035599 0.10082226991653442 0.1171875
0.6358386874198914 0.11507256329059601 0.10065122693777084 0.1484375
0.7379320859909058 0.12774941325187683 0.103068508207798 0.03125
time 13.09
error 264111.5
26 mlp.down_proj
Quantizing the layer mlp.down_proj ...
0.7066688537597656 0.12897491455078125 0.10185623168945312 0.0625
0.7457447052001953 0.1283111572265625 0.10250663757324219 0.0234375
0.7457447052001953 0.127471923828125 0.10334587097167969 0.0234375
0.7223072052001953 0.12885475158691406 0.10196304321289062 0.046875
0.7144947052001953 0.12697601318359375 0.10384178161621094 0.0546875
0.7301197052001953 0.12931251525878906 0.10150527954101562 0.0390625
0.7301197052001953 0.1299457550048828 0.10087203979492188 0.0390625
0.7351512908935547 0.12480926513671875 0.10097694396972656 0.0390625
0.7379322052001953 0.13036155700683594 0.10045623779296875 0.03125
0.7301197052001953 0.1277790069580078 0.10303878784179688 0.0390625
0.7457447052001953 0.12921524047851562 0.10160255432128906 0.0234375
0.7144947052001953 0.12706756591796875 0.10375022888183594 0.0546875
0.7379322052001953 0.13070297241210938 0.10011482238769531 0.03125
0.7429637908935547 0.12523460388183594 0.10055160522460938 0.03125
0.7223072052001953 0.12704849243164062 0.10376930236816406 0.046875
0.7301197052001953 0.12953948974609375 0.10127830505371094 0.0390625
0.7329006195068359 0.1324291229248047 0.10342025756835938 0.03125
0.7301197052001953 0.1292285919189453 0.10158920288085938 0.0390625
0.7329006195068359 0.13231658935546875 0.10353279113769531 0.03125
0.7457447052001953 0.12839889526367188 0.10241889953613281 0.0234375
0.7195262908935547 0.12578392028808594 0.10000228881835938 0.0546875
0.7379322052001953 0.13012313842773438 0.10069465637207031 0.03125
0.7379322052001953 0.1282215118408203 0.10259628295898438 0.03125
0.7223072052001953 0.1278839111328125 0.10293388366699219 0.046875
0.7117137908935547 0.12528610229492188 0.10050010681152344 0.0625
0.7429637908935547 0.12513160705566406 0.10065460205078125 0.03125
0.7429637908935547 0.12514495849609375 0.10064125061035156 0.03125
0.7273387908935547 0.12568092346191406 0.10010528564453125 0.046875
0.7144947052001953 0.12808609008789062 0.10273170471191406 0.0546875
0.7379322052001953 0.12960433959960938 0.10121345520019531 0.03125
0.7301197052001953 0.12729263305664062 0.10352516174316406 0.0390625
0.7144947052001953 0.1276531219482422 0.1031646728515625 0.0546875
0.7117137908935547 0.1247100830078125 0.10107612609863281 0.0625
0.7223072052001953 0.1270580291748047 0.103759765625 0.046875
0.7144947052001953 0.12775421142578125 0.10306358337402344 0.0546875
0.7429637908935547 0.1253795623779297 0.10040664672851562 0.03125
0.7301197052001953 0.1280193328857422 0.1027984619140625 0.0390625
0.7273387908935547 0.1256561279296875 0.10013008117675781 0.046875
0.7144947052001953 0.12765884399414062 0.10315895080566406 0.0546875
0.7301197052001953 0.12712860107421875 0.10368919372558594 0.0390625
0.6620578765869141 0.12008285522460938 0.10067176818847656 0.1171875
0.7558078765869141 0.12070083618164062 0.10005378723144531 0.0234375
0.7301197052001953 0.1284503936767578 0.10236740112304688 0.0390625
0.7301197052001953 0.1289196014404297 0.101898193359375 0.0390625
0.7457447052001953 0.12803077697753906 0.10278701782226562 0.0234375
0.7223072052001953 0.12695884704589844 0.10385894775390625 0.046875
0.7379322052001953 0.12965011596679688 0.10116767883300781 0.03125
0.7195262908935547 0.12360954284667969 0.10217666625976562 0.0546875
0.7195262908935547 0.12500953674316406 0.10077667236328125 0.0546875
0.7379322052001953 0.1270427703857422 0.1037750244140625 0.03125
0.7429637908935547 0.1256866455078125 0.10009956359863281 0.03125
0.7379322052001953 0.12876510620117188 0.10205268859863281 0.03125
0.7429637908935547 0.12249946594238281 0.1032867431640625 0.03125
0.7351512908935547 0.12569618225097656 0.10009002685546875 0.0390625
0.7195262908935547 0.12456512451171875 0.10122108459472656 0.0546875
0.7144947052001953 0.1270751953125 0.10374259948730469 0.0546875
0.7323703765869141 0.1207122802734375 0.10004234313964844 0.046875
0.7273387908935547 0.12497520446777344 0.10081100463867188 0.046875
0.7507762908935547 0.12329483032226562 0.10249137878417969 0.0234375
0.7379322052001953 0.12702369689941406 0.10379409790039062 0.03125
0.7117137908935547 0.12273025512695312 0.10305595397949219 0.0625
0.7273387908935547 0.12523269653320312 0.10055351257324219 0.046875
0.6960887908935547 0.12264633178710938 0.10313987731933594 0.078125
0.7379322052001953 0.12769699096679688 0.10312080383300781 0.03125
0.7351512908935547 0.12525558471679688 0.10053062438964844 0.0390625
0.7429637908935547 0.12514877319335938 0.10063743591308594 0.03125
0.7195262908935547 0.12289619445800781 0.1028900146484375 0.0546875
0.7351512908935547 0.12560462951660156 0.10018157958984375 0.0390625
0.7323703765869141 0.12075042724609375 0.10000419616699219 0.046875
0.7379302978515625 0.1267547607421875 0.10406494140625 0.03125
0.7479953765869141 0.12008285522460938 0.10067176818847656 0.03125
0.7117137908935547 0.12235069274902344 0.10343551635742188 0.0625
0.7351512908935547 0.12362861633300781 0.1021575927734375 0.0390625
0.7479953765869141 0.12071800231933594 0.10003662109375 0.03125
0.7351512908935547 0.12370872497558594 0.10207748413085938 0.0390625
0.7117137908935547 0.12399101257324219 0.10179519653320312 0.0625
0.7273387908935547 0.12305831909179688 0.10272789001464844 0.046875
0.7167453765869141 0.11883354187011719 0.10192108154296875 0.0625
0.7195262908935547 0.12203598022460938 0.10375022888183594 0.0546875
0.7429637908935547 0.12325096130371094 0.10253524780273438 0.03125
0.7273387908935547 0.12172126770019531 0.10406494140625 0.046875
0.7429637908935547 0.123291015625 0.10249519348144531 0.03125
0.7429637908935547 0.12528610229492188 0.10050010681152344 0.03125
0.7429637908935547 0.12257575988769531 0.10321044921875 0.03125
0.7558078765869141 0.11956024169921875 0.10119438171386719 0.0234375
0.7401828765869141 0.12000083923339844 0.1007537841796875 0.0390625
time 30.99
error 37883.16015625
27 self_attn.q_proj
Quantizing the layer self_attn.q_proj ...
0.7608280181884766 0.11077880859375 0.10495567321777344 0.0234375
0.5828704833984375 0.08571624755859375 0.10485076904296875 0.2265625
0.765869140625 0.10890769958496094 0.10178565979003906 0.0234375
0.765869140625 0.10880088806152344 0.10189247131347656 0.0234375
0.765869140625 0.10998344421386719 0.10070991516113281 0.0234375
0.6481513977050781 0.09411430358886719 0.10148429870605469 0.15625
0.6141204833984375 0.08942222595214844 0.10114479064941406 0.1953125
0.7240257263183594 0.10443115234375 0.10123062133789062 0.0703125
0.758056640625 0.10781288146972656 0.10288047790527344 0.03125
0.758056640625 0.10716438293457031 0.10352897644042969 0.03125
0.765869140625 0.1082611083984375 0.1024322509765625 0.0234375
0.7396507263183594 0.10398292541503906 0.10167884826660156 0.0546875
0.758056640625 0.10779380798339844 0.10289955139160156 0.03125
0.6063079833984375 0.08594131469726562 0.10462570190429688 0.203125
0.758056640625 0.10609054565429688 0.10460281372070312 0.03125
0.7240257263183594 0.10242080688476562 0.103240966796875 0.0703125
0.765869140625 0.10693740844726562 0.10375595092773438 0.0234375
0.773681640625 0.10666656494140625 0.10402679443359375 0.015625
0.765869140625 0.10695266723632812 0.10374069213867188 0.0234375
0.765869140625 0.10651779174804688 0.10417556762695312 0.0234375
0.765869140625 0.10581588745117188 0.10487747192382812 0.0234375
0.765869140625 0.10594940185546875 0.10474395751953125 0.0234375
0.7709007263183594 0.10514640808105469 0.10051536560058594 0.0234375
0.5694961547851562 0.07899665832519531 0.10150718688964844 0.25
0.6637763977050781 0.09174346923828125 0.10385513305664062 0.140625
0.773681640625 0.10584640502929688 0.10484695434570312 0.015625
0.7787132263183594 0.10466384887695312 0.1009979248046875 0.015625
0.7630882263183594 0.10273170471191406 0.10293006896972656 0.03125
0.7630882263183594 0.10245513916015625 0.10320663452148438 0.03125
0.7368698120117188 0.0983428955078125 0.10228729248046875 0.0625
0.7603073120117188 0.09976387023925781 0.10086631774902344 0.0390625
0.7759323120117188 0.10062217712402344 0.10000801086425781 0.0234375
time 11.58
error 205465.53125
27 self_attn.k_proj
Quantizing the layer self_attn.k_proj ...
0.7658672332763672 0.10925483703613281 0.1014404296875 0.0234375
0.6821823120117188 0.09783554077148438 0.10279464721679688 0.1171875
0.765869140625 0.10889053344726562 0.10180282592773438 0.0234375
0.773681640625 0.10807418823242188 0.10261917114257812 0.015625
0.765869140625 0.10818672180175781 0.10250663757324219 0.0234375
0.470184326171875 0.06644821166992188 0.10399246215820312 0.359375
0.7162132263183594 0.10208511352539062 0.10357666015625 0.078125
0.5879020690917969 0.08406257629394531 0.10147285461425781 0.2265625
0.765869140625 0.10764122009277344 0.10305213928222656 0.0234375
0.758056640625 0.10594940185546875 0.10474395751953125 0.03125
0.765869140625 0.107269287109375 0.103424072265625 0.0234375
0.6035270690917969 0.08444404602050781 0.10109138488769531 0.2109375
0.758056640625 0.10617256164550781 0.10452079772949219 0.03125
0.5538711547851562 0.07841682434082031 0.10208702087402344 0.265625
0.7630882263183594 0.10555458068847656 0.10010719299316406 0.03125
0.5957145690917969 0.08360481262207031 0.10193061828613281 0.21875
0.7709007263183594 0.10503959655761719 0.10062217712402344 0.0234375
0.773681640625 0.10628128051757812 0.10441207885742188 0.015625
0.7709007263183594 0.10531806945800781 0.10034370422363281 0.0234375
0.7552757263183594 0.10255622863769531 0.10310554504394531 0.0390625
0.7787132263183594 0.10563850402832031 0.10002326965332031 0.015625
0.7787132263183594 0.10498046875 0.10068130493164062 0.015625
0.7709007263183594 0.10406684875488281 0.10159492492675781 0.0234375
0.6872138977050781 0.09394264221191406 0.10165596008300781 0.1171875
0.6531829833984375 0.08918380737304688 0.10138320922851562 0.15625
0.7787132263183594 0.10454559326171875 0.10111618041992188 0.015625
0.7787132263183594 0.10284423828125 0.10281753540039062 0.015625
0.7709007263183594 0.10180282592773438 0.10385894775390625 0.0234375
0.7630882263183594 0.10109138488769531 0.10457038879394531 0.03125
0.7524948120117188 0.10025405883789062 0.10037612915039062 0.046875
0.7603073120117188 0.09954452514648438 0.10108566284179688 0.0390625
0.7759323120117188 0.10001754760742188 0.10061264038085938 0.0234375
time 11.48
error 210582.75
27 self_attn.v_proj
Quantizing the layer self_attn.v_proj ...
0.6827030181884766 0.11326789855957031 0.10246658325195312 0.1015625
0.6224632263183594 0.10282516479492188 0.10283660888671875 0.171875
0.5700263977050781 0.09282112121582031 0.10277748107910156 0.234375
0.6983394622802734 0.11410713195800781 0.10161590576171875 0.0859375
0.6827144622802734 0.11182403564453125 0.10389900207519531 0.1015625
0.6905269622802734 0.11270904541015625 0.10301399230957031 0.09375
0.6224632263183594 0.10204696655273438 0.10361480712890625 0.171875
0.5622138977050781 0.091400146484375 0.10419845581054688 0.2421875
0.5856513977050781 0.09357261657714844 0.10202598571777344 0.21875
0.5516204833984375 0.08974456787109375 0.10082244873046875 0.2578125
0.7245578765869141 0.11612510681152344 0.1046295166015625 0.0546875
0.5254020690917969 0.08184051513671875 0.10369491577148438 0.2890625
0.695556640625 0.11060905456542969 0.10008430480957031 0.09375
0.664306640625 0.10573768615722656 0.10495567321777344 0.125
0.7374019622802734 0.11539840698242188 0.10032463073730469 0.046875
0.5254020690917969 0.08328628540039062 0.1022491455078125 0.2890625
0.6615257263183594 0.10450553894042969 0.10115623474121094 0.1328125
0.6090888977050781 0.09487533569335938 0.1007232666015625 0.1953125
0.7217750549316406 0.11332511901855469 0.10239982604980469 0.0625
0.7139644622802734 0.11109542846679688 0.10462760925292969 0.0703125
0.7374019622802734 0.11329841613769531 0.10242462158203125 0.046875
0.7530269622802734 0.11552238464355469 0.10020065307617188 0.03125
0.726806640625 0.11048507690429688 0.10020828247070312 0.0625
0.6353073120117188 0.09760665893554688 0.10302352905273438 0.1640625
0.5934638977050781 0.09090995788574219 0.10468864440917969 0.2109375
0.7452125549316406 0.112701416015625 0.10302352905273438 0.0390625
0.7530269622802734 0.11303901672363281 0.10268402099609375 0.03125
0.703369140625 0.10514450073242188 0.10554885864257812 0.0859375
0.7452144622802734 0.11134719848632812 0.10437583923339844 0.0390625
0.7005882263183594 0.10331916809082031 0.10234260559082031 0.09375
0.6927757263183594 0.10155487060546875 0.10410690307617188 0.1015625
0.750244140625 0.10758399963378906 0.10310935974121094 0.0390625
time 11.38
error 159884.375
27 self_attn.o_proj
Quantizing the layer self_attn.o_proj ...
0.6436386108398438 0.10993003845214844 0.10580635070800781 0.140625
0.5806198120117188 0.09835243225097656 0.10227775573730469 0.21875
0.7245578765869141 0.11981391906738281 0.10094070434570312 0.0546875
0.7479953765869141 0.12029838562011719 0.10045623779296875 0.03125
0.6247138977050781 0.09406661987304688 0.101531982421875 0.1796875
0.6749019622802734 0.11144638061523438 0.10427665710449219 0.109375
0.7429637908935547 0.12244796752929688 0.10333824157714844 0.03125
0.6905269622802734 0.11350440979003906 0.1022186279296875 0.09375
0.7061519622802734 0.11162567138671875 0.10409736633300781 0.078125
0.7245578765869141 0.11677932739257812 0.10397529602050781 0.0546875
0.7295894622802734 0.11246490478515625 0.10325813293457031 0.0546875
0.7585887908935547 0.12413787841796875 0.10164833068847656 0.015625
0.6983394622802734 0.11370658874511719 0.10201644897460938 0.0859375
0.6743698120117188 0.10047340393066406 0.10015678405761719 0.125
0.5672454833984375 0.08504486083984375 0.10552215576171875 0.2421875
0.7530269622802734 0.11548233032226562 0.10024070739746094 0.03125
0.7530269622802734 0.11418914794921875 0.10153388977050781 0.03125
0.7558078765869141 0.12045097351074219 0.10030364990234375 0.0234375
0.726806640625 0.10648727416992188 0.10420608520507812 0.0625
0.6587448120117188 0.09998130798339844 0.10064888000488281 0.140625
0.718994140625 0.10792160034179688 0.10277175903320312 0.0703125
0.703369140625 0.10546684265136719 0.10522651672363281 0.0859375
0.7636203765869141 0.11730384826660156 0.10345077514648438 0.015625
0.7608394622802734 0.11184883117675781 0.10387420654296875 0.0234375
0.6821823120117188 0.09939384460449219 0.10123634338378906 0.1171875
0.7474632263183594 0.10141181945800781 0.10424995422363281 0.046875
0.7608394622802734 0.11213302612304688 0.10359001159667969 0.0234375
0.7474632263183594 0.10286521911621094 0.10279655456542969 0.046875
0.7474632263183594 0.10441398620605469 0.10124778747558594 0.046875
0.6983394622802734 0.11365699768066406 0.1020660400390625 0.0859375
0.695556640625 0.10843467712402344 0.10225868225097656 0.09375
0.7608394622802734 0.11468505859375 0.10103797912597656 0.0234375
time 11.44
error 5224.06396484375
27 mlp.gate_proj
Quantizing the layer mlp.gate_proj ...
0.5884328484535217 0.09721764922142029 0.10341200977563858 0.2109375
0.6146516799926758 0.10169024765491486 0.10397055000066757 0.1796875
0.7245575785636902 0.11636849492788315 0.10438644140958786 0.0546875
0.7061511874198914 0.11389444023370743 0.10182934999465942 0.078125
0.6380891799926758 0.10363485664129257 0.10202594101428986 0.15625
0.6905261874198914 0.11190653592348099 0.10381725430488586 0.09375
0.7245575785636902 0.11676876991987228 0.10398616641759872 0.0546875
0.44952818751335144 0.07087104022502899 0.10460077226161957 0.375
0.46515318751335144 0.0729164332151413 0.10255538672208786 0.359375
0.5281840562820435 0.08478634804487228 0.10577960312366486 0.28125
0.7401825785636902 0.11698665469884872 0.10376828163862228 0.0390625
0.6771516799926758 0.10550352185964584 0.10015726834535599 0.1171875
0.7295886874198914 0.114665187895298 0.10105860233306885 0.0546875
0.6380891799926758 0.10144894570112228 0.10421185195446014 0.15625
0.7295886874198914 0.11386463046073914 0.10185915976762772 0.0546875
0.6955580711364746 0.10912163555622101 0.10157030820846558 0.09375
0.7452136874198914 0.11446433514356613 0.10125945508480072 0.0390625
0.7608386874198914 0.11546219140291214 0.10026159882545471 0.0234375
0.6955580711364746 0.10704927891492844 0.10364266484975815 0.09375
0.7295886874198914 0.11196260899305344 0.10376118123531342 0.0546875
0.7452136874198914 0.11349700391292572 0.10222678631544113 0.0390625
0.6955580711364746 0.10609755665063858 0.104594387114048 0.09375
0.7374011874198914 0.11119399219751358 0.10452980548143387 0.046875
0.7268080711364746 0.10981146991252899 0.100880466401577 0.0625
0.5069963335990906 0.07589508593082428 0.10460858047008514 0.3125
0.7452136874198914 0.11222803592681885 0.103495754301548 0.0390625
0.674371063709259 0.10051141679286957 0.100117526948452 0.125
0.7189955711364746 0.10677319765090942 0.10391873866319656 0.0703125
0.7530261874198914 0.11091933399438858 0.10480446368455887 0.03125
0.7268080711364746 0.10612735897302628 0.10456457734107971 0.0625
0.7240266799926758 0.10464832186698914 0.10101247578859329 0.0703125
0.7580580711364746 0.107585109770298 0.10310683399438858 0.03125
time 12.86
error 299435.875
27 mlp.up_proj
Quantizing the layer mlp.up_proj ...
0.5806132555007935 0.09909838438034058 0.10153836756944656 0.21875
0.588433563709259 0.09925522655248642 0.10137371718883514 0.2109375
0.588433563709259 0.09812891483306885 0.10250002890825272 0.2109375
0.6068391799926758 0.10191664844751358 0.10374414920806885 0.1875
0.6330580711364746 0.10608407109975815 0.10460787266492844 0.15625
0.5544021725654602 0.09317442029714584 0.10242337733507156 0.25
0.564996063709259 0.09469746053218842 0.10593148320913315 0.234375
0.6564955711364746 0.10914221405982971 0.10154972225427628 0.1328125
0.5622146725654602 0.09249239414930344 0.10310541093349457 0.2421875
0.572808563709259 0.09507858008146286 0.1055503636598587 0.2265625
0.6983386874198914 0.11392425000667572 0.10179954022169113 0.0859375
0.6380891799926758 0.10269519686698914 0.10296560078859329 0.15625
0.6643080711364746 0.10856805741786957 0.10212387889623642 0.125
0.5700271725654602 0.09270743280649185 0.10289037227630615 0.234375
0.7167450785636902 0.11581137031316757 0.10494356602430344 0.0625
0.611871063709259 0.09883011132478714 0.10179883241653442 0.1875
0.7245575785636902 0.11555516719818115 0.10519976913928986 0.0546875
0.446746826171875 0.06710744649171829 0.10333322733640671 0.3828125
0.6955580711364746 0.11010599881410599 0.1005859375 0.09375
0.45734068751335144 0.069050632417202 0.10642118006944656 0.3671875
0.7401825785636902 0.11605905741453171 0.1046958714723587 0.0390625
0.6615266799926758 0.10401880741119385 0.10164199024438858 0.1328125
0.7374011874198914 0.11381708085536957 0.10190670937299728 0.046875
0.6537141799926758 0.10209619998931885 0.10356459766626358 0.140625
0.6537141799926758 0.10197555273771286 0.10368524491786957 0.140625
0.6459016799926758 0.10060367733240128 0.10505712032318115 0.1484375
0.6090896725654602 0.09307080507278442 0.10252700001001358 0.1953125
0.6927766799926758 0.10521325469017029 0.10044754296541214 0.1015625
0.7374011874198914 0.11154316365718842 0.10418062657117844 0.046875
0.7268080711364746 0.10863973945379257 0.10205219686031342 0.0625
0.674371063709259 0.09994293749332428 0.10068600624799728 0.125
0.7580580711364746 0.10987250506877899 0.100819431245327 0.03125
time 12.77
error 260501.21875
27 mlp.down_proj
Quantizing the layer mlp.down_proj ...
0.7401676177978516 0.11749649047851562 0.10327339172363281 0.0390625
0.7374019622802734 0.11351585388183594 0.10220718383789062 0.046875
0.695556640625 0.10813140869140625 0.10256195068359375 0.09375
0.7452144622802734 0.11528968811035156 0.100433349609375 0.0390625
0.7452144622802734 0.11429786682128906 0.1014251708984375 0.0390625
0.7452144622802734 0.11302757263183594 0.10269546508789062 0.0390625
0.7401828765869141 0.11596107482910156 0.10479354858398438 0.0390625
0.7452144622802734 0.11344337463378906 0.1022796630859375 0.0390625
0.695556640625 0.109527587890625 0.101165771484375 0.09375
0.7530269622802734 0.11459732055664062 0.10112571716308594 0.03125
0.750244140625 0.11045646667480469 0.10023689270019531 0.0390625
0.7452144622802734 0.1122283935546875 0.10349464416503906 0.0390625
0.7530269622802734 0.11145210266113281 0.10427093505859375 0.03125
0.7686519622802734 0.11212921142578125 0.10359382629394531 0.015625
0.7374019622802734 0.1132659912109375 0.10245704650878906 0.046875
0.7295894622802734 0.1124725341796875 0.10325050354003906 0.0546875
0.7530269622802734 0.11425399780273438 0.10146903991699219 0.03125
0.7530269622802734 0.113433837890625 0.10228919982910156 0.03125
0.7374019622802734 0.11316108703613281 0.10256195068359375 0.046875
0.7530269622802734 0.11417579650878906 0.1015472412109375 0.03125
0.7558078765869141 0.11654090881347656 0.10421371459960938 0.0234375
0.7452144622802734 0.11133956909179688 0.10438346862792969 0.0390625
0.7452144622802734 0.11408424377441406 0.1016387939453125 0.0390625
0.7530269622802734 0.11495018005371094 0.10077285766601562 0.03125
0.7452144622802734 0.11362266540527344 0.10210037231445312 0.0390625
0.7295894622802734 0.11268997192382812 0.10303306579589844 0.0546875
0.7530250549316406 0.11389350891113281 0.10183143615722656 0.03125
0.7295894622802734 0.11107635498046875 0.10464668273925781 0.0546875
0.734619140625 0.10974884033203125 0.10094451904296875 0.0546875
0.718994140625 0.10991859436035156 0.10077476501464844 0.0703125
0.758056640625 0.11019134521484375 0.10050201416015625 0.03125
0.7452144622802734 0.11399269104003906 0.1017303466796875 0.0390625
0.7452144622802734 0.11233901977539062 0.10338401794433594 0.0390625
0.7295894622802734 0.11266708374023438 0.10305595397949219 0.0546875
0.695556640625 0.10582542419433594 0.10486793518066406 0.09375
0.7452144622802734 0.11245918273925781 0.10326385498046875 0.0390625
0.7530269622802734 0.11428642272949219 0.10143661499023438 0.03125
0.7686519622802734 0.11547470092773438 0.10024833679199219 0.015625
0.750244140625 0.11021614074707031 0.10047721862792969 0.0390625
0.750244140625 0.10984039306640625 0.10085296630859375 0.0390625
0.703369140625 0.10769271850585938 0.10300064086914062 0.0859375
0.7608394622802734 0.11194801330566406 0.1037750244140625 0.0234375
0.7295894622802734 0.11127090454101562 0.10445213317871094 0.0546875
0.750244140625 0.11033248901367188 0.10036087036132812 0.0390625
0.7530269622802734 0.11229705810546875 0.10342597961425781 0.03125
0.7608394622802734 0.11296272277832031 0.10276031494140625 0.0234375
0.726806640625 0.10981369018554688 0.10087966918945312 0.0625
0.742431640625 0.11036872863769531 0.10032463073730469 0.046875
0.734619140625 0.11043739318847656 0.10025596618652344 0.0546875
0.7636203765869141 0.11592674255371094 0.104827880859375 0.015625
0.7452144622802734 0.11200523376464844 0.10371780395507812 0.0390625
0.742431640625 0.10942840576171875 0.10126495361328125 0.046875
0.7608394622802734 0.11156845092773438 0.10415458679199219 0.0234375
0.7608394622802734 0.11270713806152344 0.10301589965820312 0.0234375
0.7530269622802734 0.11140632629394531 0.10431671142578125 0.03125
0.7530269622802734 0.11268806457519531 0.10303497314453125 0.03125
0.718994140625 0.10727310180664062 0.10342025756835938 0.0703125
0.7530269622802734 0.1110687255859375 0.10465431213378906 0.03125
0.7530269622802734 0.11082267761230469 0.10490036010742188 0.03125
0.758056640625 0.10683822631835938 0.10385513305664062 0.03125
0.750244140625 0.11062049865722656 0.10007286071777344 0.0390625
0.742431640625 0.108123779296875 0.102569580078125 0.046875
0.7530269622802734 0.11163711547851562 0.10408592224121094 0.03125
0.734619140625 0.10823822021484375 0.10245513916015625 0.0546875
0.750244140625 0.10825347900390625 0.10243988037109375 0.0390625
0.750244140625 0.10846138000488281 0.10223197937011719 0.0390625
0.758056640625 0.10936164855957031 0.10133171081542969 0.03125
0.7005882263183594 0.10121536254882812 0.1044464111328125 0.09375
0.750244140625 0.10875320434570312 0.10194015502929688 0.0390625
0.7608394622802734 0.11212730407714844 0.10359573364257812 0.0234375
0.6927757263183594 0.10052680969238281 0.10513496398925781 0.1015625
0.765869140625 0.110504150390625 0.100189208984375 0.0234375
0.750244140625 0.11019325256347656 0.10050010681152344 0.0390625
0.742431640625 0.10713768005371094 0.10355567932128906 0.046875
0.6927757263183594 0.10031700134277344 0.10534477233886719 0.1015625
0.750244140625 0.10648918151855469 0.10420417785644531 0.0390625
0.758056640625 0.10759544372558594 0.10309791564941406 0.03125
0.7396507263183594 0.10547828674316406 0.10018348693847656 0.0546875
0.750244140625 0.10591697692871094 0.10477638244628906 0.0390625
0.750244140625 0.10754585266113281 0.10314750671386719 0.0390625
0.7474632263183594 0.10356712341308594 0.10209465026855469 0.046875
0.7552757263183594 0.10261726379394531 0.10304450988769531 0.0390625
0.7396507263183594 0.10254096984863281 0.10312080383300781 0.0546875
0.7552757263183594 0.10281944274902344 0.10284233093261719 0.0390625
0.7552757263183594 0.10440444946289062 0.10125732421875 0.0390625
0.7630882263183594 0.10312271118164062 0.1025390625 0.03125
time 30.64
error 31320.958984375
28 self_attn.q_proj
Quantizing the layer self_attn.q_proj ...
0.7658653259277344 0.1064605712890625 0.10423660278320312 0.0234375
0.5722770690917969 0.08024787902832031 0.10528755187988281 0.2421875
0.765869140625 0.10606765747070312 0.10462570190429688 0.0234375
0.7709007263183594 0.10514450073242188 0.10051727294921875 0.0234375
0.765869140625 0.10648536682128906 0.10420799255371094 0.0234375
0.6899948120117188 0.09658432006835938 0.10404586791992188 0.109375
0.7134323120117188 0.09959983825683594 0.10103034973144531 0.0859375
0.6872138977050781 0.09513473510742188 0.1004638671875 0.1171875
0.7630882263183594 0.10432243347167969 0.10133934020996094 0.03125
0.765869140625 0.1059417724609375 0.1047515869140625 0.0234375
0.7709007263183594 0.10379219055175781 0.10186958312988281 0.0234375
0.6637763977050781 0.0906829833984375 0.10491561889648438 0.140625
0.7552757263183594 0.10275077819824219 0.10291099548339844 0.0390625
0.4674034118652344 0.06273651123046875 0.10267257690429688 0.3671875
0.7630882263183594 0.10367012023925781 0.10199165344238281 0.03125
0.6978073120117188 0.09595489501953125 0.10467529296875 0.1015625
0.7709007263183594 0.1036224365234375 0.10203933715820312 0.0234375
0.7787132263183594 0.1031494140625 0.10251235961914062 0.015625
0.7787132263183594 0.10330772399902344 0.10235404968261719 0.015625
0.7709007263183594 0.1031341552734375 0.10252761840820312 0.0234375
0.7709007263183594 0.10262680053710938 0.10303497314453125 0.0234375
0.7787132263183594 0.10381126403808594 0.10185050964355469 0.015625
0.7708988189697266 0.10260581970214844 0.103057861328125 0.0234375
0.6453704833984375 0.0865020751953125 0.10406494140625 0.1640625
0.6347770690917969 0.08410072326660156 0.10143470764160156 0.1796875
0.7787132263183594 0.10096359252929688 0.10469818115234375 0.015625
0.7787132263183594 0.10125923156738281 0.10440254211425781 0.015625
0.7681198120117188 0.09964179992675781 0.10098838806152344 0.03125
0.7759323120117188 0.10046958923339844 0.10016059875488281 0.0234375
0.7262763977050781 0.09371757507324219 0.10188102722167969 0.078125
0.7603073120117188 0.09789466857910156 0.10273551940917969 0.0390625
0.7759323120117188 0.09806632995605469 0.10256385803222656 0.0234375
time 11.56
error 204816.71875
28 self_attn.k_proj
Quantizing the layer self_attn.k_proj ...
0.7658615112304688 0.10590171813964844 0.10479927062988281 0.0234375
0.493621826171875 0.06787300109863281 0.10256767272949219 0.3359375
0.7709007263183594 0.104736328125 0.10092544555664062 0.0234375
0.7787132263183594 0.10543251037597656 0.10022926330566406 0.015625
0.7709007263183594 0.10531234741210938 0.10034942626953125 0.0234375
0.6715888977050781 0.09301185607910156 0.10258674621582031 0.1328125
0.6035270690917969 0.08305549621582031 0.10247993469238281 0.2109375
0.6950263977050781 0.09535789489746094 0.10024070739746094 0.109375
0.7709007263183594 0.10332107543945312 0.1023406982421875 0.0234375
0.7630882263183594 0.10248947143554688 0.10317230224609375 0.03125
0.7709007263183594 0.10394668579101562 0.101715087890625 0.0234375
0.6794013977050781 0.09092521667480469 0.10467338562011719 0.125
0.7552757263183594 0.10170936584472656 0.10395240783691406 0.0390625
0.5616836547851562 0.0763397216796875 0.10416412353515625 0.2578125
0.7709007263183594 0.103485107421875 0.10217666625976562 0.0234375
0.6453704833984375 0.08746337890625 0.1031036376953125 0.1640625
0.7787132263183594 0.10358428955078125 0.10207748413085938 0.015625
0.7787132263183594 0.10284614562988281 0.10281562805175781 0.015625
0.7787132263183594 0.10284805297851562 0.102813720703125 0.015625
0.7630882263183594 0.100921630859375 0.10474014282226562 0.03125
0.7787132263183594 0.10222625732421875 0.10343551635742188 0.015625
0.7787132263183594 0.10196304321289062 0.10369873046875 0.015625
0.7709007263183594 0.10049819946289062 0.10516357421875 0.0234375
0.6844329833984375 0.08954429626464844 0.10102272033691406 0.125
0.7106513977050781 0.09356689453125 0.10203170776367188 0.09375
0.7787132263183594 0.10119819641113281 0.10446357727050781 0.015625
0.7837448120117188 0.10048866271972656 0.10014152526855469 0.015625
0.7759323120117188 0.09925651550292969 0.10137367248535156 0.0234375
0.7681198120117188 0.09811592102050781 0.10251426696777344 0.03125
0.7184638977050781 0.09197235107421875 0.10362625122070312 0.0859375
0.7524948120117188 0.09584999084472656 0.10478019714355469 0.046875
0.7759323120117188 0.09794425964355469 0.10268592834472656 0.0234375
time 11.41
error 210473.5625
28 self_attn.v_proj
Quantizing the layer self_attn.v_proj ...
0.7167434692382812 0.11583900451660156 0.10491752624511719 0.0625
0.6146507263183594 0.10077476501464844 0.10488700866699219 0.1796875
0.7295894622802734 0.11489105224609375 0.10083198547363281 0.0546875
0.7479953765869141 0.11914253234863281 0.10161209106445312 0.03125
0.7401828765869141 0.11741447448730469 0.10334014892578125 0.0390625
0.6224632263183594 0.10041999816894531 0.10524177551269531 0.171875
0.5934638977050781 0.09548759460449219 0.10011100769042969 0.2109375
0.5622138977050781 0.09021568298339844 0.10538291931152344 0.2421875
0.6118698120117188 0.097381591796875 0.10324859619140625 0.1875
0.695556640625 0.11041641235351562 0.10027694702148438 0.09375
0.7295894622802734 0.11421966552734375 0.10150337219238281 0.0546875
0.5750579833984375 0.08900260925292969 0.10156440734863281 0.234375
0.7295894622802734 0.11456871032714844 0.10115432739257812 0.0546875
0.6012763977050781 0.09505653381347656 0.10054206848144531 0.203125
0.7452144622802734 0.11511421203613281 0.10060882568359375 0.0390625
0.6771507263183594 0.10511970520019531 0.10054206848144531 0.1171875
0.7452144622802734 0.11457443237304688 0.10114860534667969 0.0390625
0.6693382263183594 0.10274314880371094 0.10291862487792969 0.125
0.5672454833984375 0.0868988037109375 0.103668212890625 0.2421875
0.7374019622802734 0.11211776733398438 0.10360527038574219 0.046875
0.7530269622802734 0.11389732360839844 0.10182571411132812 0.03125
0.7374019622802734 0.11139106750488281 0.10433197021484375 0.046875
0.7530269622802734 0.11296272277832031 0.10276031494140625 0.03125
0.6431198120117188 0.09747695922851562 0.10315322875976562 0.15625
0.7005882263183594 0.10524749755859375 0.10041427612304688 0.09375
0.7452144622802734 0.11093711853027344 0.10478591918945312 0.0390625
0.742431640625 0.10912513732910156 0.10156822204589844 0.046875
0.6481513977050781 0.09558677673339844 0.10001182556152344 0.15625
0.758056640625 0.11030006408691406 0.10039329528808594 0.03125
0.6587448120117188 0.09552764892578125 0.1051025390625 0.140625
0.7240257263183594 0.10464668273925781 0.10101509094238281 0.0703125
0.758056640625 0.10715103149414062 0.10354232788085938 0.03125
time 11.41
error 180633.9375
28 self_attn.o_proj
Quantizing the layer self_attn.o_proj ...
0.73236083984375 0.11757087707519531 0.10319328308105469 0.046875
0.6592769622802734 0.11172866821289062 0.10399436950683594 0.125
0.7323703765869141 0.11994361877441406 0.10081100463867188 0.046875
0.6905269622802734 0.11261749267578125 0.10310554504394531 0.09375
0.617431640625 0.10517311096191406 0.10552024841308594 0.171875
0.7401828765869141 0.11756324768066406 0.10319137573242188 0.0390625
0.7217769622802734 0.11507034301757812 0.10065269470214844 0.0625
0.6905269622802734 0.11467361450195312 0.10104942321777344 0.09375
0.6302757263183594 0.10084915161132812 0.1048126220703125 0.1640625
0.7709007263183594 0.10157394409179688 0.10408782958984375 0.0234375
0.7323703765869141 0.11921501159667969 0.10153961181640625 0.046875
0.726806640625 0.10796165466308594 0.10273170471191406 0.0625
0.7608394622802734 0.11060333251953125 0.10511970520019531 0.0234375
0.7374019622802734 0.11256599426269531 0.10315704345703125 0.046875
0.6380882263183594 0.1030120849609375 0.10264968872070312 0.15625
0.6771507263183594 0.10409355163574219 0.10156822204589844 0.1171875
0.7139644622802734 0.11491775512695312 0.10080528259277344 0.0703125
0.5957145690917969 0.08279228210449219 0.10274314880371094 0.21875
0.7134323120117188 0.09869384765625 0.10193634033203125 0.0859375
0.7396507263183594 0.10561370849609375 0.10004806518554688 0.0546875
0.7552757263183594 0.10297012329101562 0.102691650390625 0.0390625
0.6927757263183594 0.10020637512207031 0.10545539855957031 0.1015625
0.726806640625 0.10835647583007812 0.10233688354492188 0.0625
0.7323703765869141 0.11698532104492188 0.10376930236816406 0.046875
0.7295894622802734 0.11512374877929688 0.10059928894042969 0.0546875
0.687744140625 0.1102447509765625 0.1004486083984375 0.1015625
0.711181640625 0.10729598999023438 0.10339736938476562 0.078125
0.679931640625 0.10998725891113281 0.10070610046386719 0.109375
0.7368698120117188 0.10041046142578125 0.1002197265625 0.0625
0.7134323120117188 0.09795379638671875 0.1026763916015625 0.0859375
0.7290573120117188 0.10059547424316406 0.10003471374511719 0.0703125
0.7374019622802734 0.11404037475585938 0.10168266296386719 0.046875
time 11.37
error 9868.587890625
28 mlp.gate_proj
Quantizing the layer mlp.gate_proj ...
0.5806160569190979 0.09578829258680344 0.10484562069177628 0.21875
0.6459016799926758 0.10530267655849457 0.10035812109708786 0.1484375
0.7479950785636902 0.11903558671474457 0.10171934217214584 0.03125
0.7139636874198914 0.11463608592748642 0.10108770430088043 0.0703125
0.6905261874198914 0.1114501953125 0.10427359491586685 0.09375
0.5281840562820435 0.08552587032318115 0.10504008084535599 0.28125
0.6721205711364746 0.10749781131744385 0.10319412499666214 0.1171875
0.6537141799926758 0.10470013320446014 0.10096066445112228 0.140625
0.5778396725654602 0.09194094687700272 0.10365685820579529 0.2265625
0.5332151651382446 0.08552160859107971 0.10001320391893387 0.28125
0.7401825785636902 0.11669211834669113 0.10406281054019928 0.0390625
0.5332151651382446 0.08262882381677628 0.10290598124265671 0.28125
0.7374011874198914 0.11535006016492844 0.10037373006343842 0.046875
0.5778396725654602 0.091227687895298 0.1043701171875 0.2265625
0.7295886874198914 0.1134544163942337 0.10226937383413315 0.0546875
0.7033705711364746 0.10945449024438858 0.101237453520298 0.0859375
0.7452136874198914 0.11364603787660599 0.10207775235176086 0.0390625
0.7452136874198914 0.11345016211271286 0.10227362811565399 0.0390625
0.7268080711364746 0.11056731641292572 0.10012462735176086 0.0625
0.7033705711364746 0.10773415118455887 0.10295779258012772 0.0859375
0.7530261874198914 0.11401792615652084 0.10170586407184601 0.03125
0.7295886874198914 0.11108114570379257 0.10464264452457428 0.0546875
0.7452136874198914 0.112193264067173 0.10353052616119385 0.0390625
0.7346205711364746 0.11015426367521286 0.10053768008947372 0.0546875
0.6927766799926758 0.104563869535923 0.10109692811965942 0.1015625
0.7424330711364746 0.1100974828004837 0.10059445351362228 0.046875
0.7346205711364746 0.10820823162794113 0.10248370468616486 0.0546875
0.7346205711364746 0.10790518671274185 0.10278674960136414 0.0546875
0.7580580711364746 0.11028414219617844 0.10040780156850815 0.03125
0.7424330711364746 0.10782073438167572 0.10287120938301086 0.046875
0.666558563709259 0.09633689373731613 0.10429205000400543 0.1328125
0.7580580711364746 0.10675190389156342 0.10394003242254257 0.03125
time 13.05
error 309588.34375
28 mlp.up_proj
Quantizing the layer mlp.up_proj ...
0.6224507093429565 0.10546023398637772 0.10021404922008514 0.171875
0.5281833410263062 0.08907654881477356 0.10149011015892029 0.28125
0.7245575785636902 0.11931095272302628 0.10144397616386414 0.0546875
0.6983386874198914 0.11560697108507156 0.10011681914329529 0.0859375
0.4601213335990906 0.07458353787660599 0.10592012852430344 0.359375
0.596246063709259 0.09983222186565399 0.10079672187566757 0.203125
0.6486830711364746 0.10782285779714584 0.10286907851696014 0.140625
0.6983386874198914 0.11467867344617844 0.10104511678218842 0.0859375
0.580621063709259 0.09499270468950272 0.10563623905181885 0.21875
0.6302766799926758 0.103923000395298 0.10173779726028442 0.1640625
0.6721205711364746 0.10967236757278442 0.10101956874132156 0.1171875
0.6459016799926758 0.10390099883079529 0.10175979882478714 0.1484375
0.7061511874198914 0.11414922773838043 0.10157456248998642 0.078125
0.6459016799926758 0.10494143515825272 0.10071936249732971 0.1484375
0.7323700785636902 0.11730246990919113 0.10345245897769928 0.046875
0.6380891799926758 0.10300108045339584 0.10265970975160599 0.15625
0.7323700785636902 0.11650901287794113 0.10424591600894928 0.046875
0.7401825785636902 0.117472805082798 0.103282131254673 0.0390625
0.6721205711364746 0.10683352500200272 0.10385841876268387 0.1171875
0.7479950785636902 0.11798592656850815 0.10276900976896286 0.03125
0.7217761874198914 0.113056980073452 0.10266681015491486 0.0625
0.454559326171875 0.06846938282251358 0.10197129100561142 0.375
0.7295886874198914 0.11317691951990128 0.10254687070846558 0.0546875
0.7111830711364746 0.11028130352497101 0.10041064023971558 0.078125
0.6012771725654602 0.09310061484575272 0.10249719023704529 0.203125
0.7033705711364746 0.10802512615919113 0.10266681015491486 0.0859375
0.7111830711364746 0.10782214999198914 0.10286978632211685 0.078125
0.7189955711364746 0.1086525171995163 0.10203942656517029 0.0703125
0.7374011874198914 0.11159142851829529 0.10413236171007156 0.046875
0.7346205711364746 0.10959997773170471 0.10109195858240128 0.0546875
0.6927766799926758 0.10280945897102356 0.10285133868455887 0.1015625
0.7580580711364746 0.10906060039997101 0.10163134336471558 0.03125
time 13.08
error 276773.53125
28 mlp.down_proj
Quantizing the layer mlp.down_proj ...
0.7295894622802734 0.11353492736816406 0.1021881103515625 0.0546875
0.7530269622802734 0.11452102661132812 0.10120201110839844 0.03125
0.7530269622802734 0.11426544189453125 0.10145759582519531 0.03125
0.734619140625 0.10967063903808594 0.10102272033691406 0.0546875
0.7452144622802734 0.11137771606445312 0.10434532165527344 0.0390625
0.7452144622802734 0.11260986328125 0.10311317443847656 0.0390625
0.7530269622802734 0.11419677734375 0.10152626037597656 0.03125
0.7217769622802734 0.11106109619140625 0.10466194152832031 0.0625
0.7295894622802734 0.11238288879394531 0.10334014892578125 0.0546875
0.7139644622802734 0.1114959716796875 0.10422706604003906 0.0703125
0.7636203765869141 0.11696052551269531 0.10379409790039062 0.015625
0.718994140625 0.10752105712890625 0.10317230224609375 0.0703125
0.7452144622802734 0.11405372619628906 0.1016693115234375 0.0390625
0.7452144622802734 0.11247444152832031 0.10324859619140625 0.0390625
0.7217769622802734 0.11154365539550781 0.10417938232421875 0.0625
0.7374019622802734 0.11398696899414062 0.10173606872558594 0.046875
0.7452144622802734 0.11322402954101562 0.10249900817871094 0.0390625
0.7452144622802734 0.11099433898925781 0.10472869873046875 0.0390625
0.765869140625 0.10936546325683594 0.10132789611816406 0.0234375
0.7452144622802734 0.11317634582519531 0.10254669189453125 0.0390625
0.7005882263183594 0.10477066040039062 0.10089111328125 0.09375
0.7686519622802734 0.11295890808105469 0.10276412963867188 0.015625
0.726806640625 0.10914802551269531 0.10154533386230469 0.0625
0.7217769622802734 0.11190032958984375 0.10382270812988281 0.0625
0.742431640625 0.10974884033203125 0.10094451904296875 0.046875
0.7374019622802734 0.11408042907714844 0.10164260864257812 0.046875
0.758056640625 0.10960769653320312 0.10108566284179688 0.03125
0.734619140625 0.10918235778808594 0.10151100158691406 0.0546875
0.6927757263183594 0.10299301147460938 0.10266876220703125 0.1015625
0.734619140625 0.10916709899902344 0.10152626037597656 0.0546875
0.734619140625 0.11027908325195312 0.10041427612304688 0.0546875
0.7084007263183594 0.1032867431640625 0.10237503051757812 0.0859375
0.7452144622802734 0.11167526245117188 0.10404777526855469 0.0390625
0.7374019622802734 0.11156272888183594 0.10416030883789062 0.046875
0.726806640625 0.10726547241210938 0.10342788696289062 0.0625
0.7452144622802734 0.11164474487304688 0.10407829284667969 0.0390625
0.750244140625 0.10938644409179688 0.10130691528320312 0.0390625
0.7452144622802734 0.11146354675292969 0.10425949096679688 0.0390625
0.7608394622802734 0.11316490173339844 0.10255813598632812 0.0234375
0.718994140625 0.10602569580078125 0.10466766357421875 0.0703125
0.7530269622802734 0.11099815368652344 0.10472488403320312 0.03125
0.6665573120117188 0.09869003295898438 0.10194015502929688 0.1328125
0.742431640625 0.10669136047363281 0.10400199890136719 0.046875
0.6927757263183594 0.10199356079101562 0.103668212890625 0.1015625
0.773681640625 0.10989952087402344 0.10079383850097656 0.015625
0.7452144622802734 0.11266517639160156 0.103057861328125 0.0390625
0.7530269622802734 0.1136016845703125 0.10212135314941406 0.03125
0.750244140625 0.10843658447265625 0.10225677490234375 0.0390625
0.734619140625 0.10877418518066406 0.10191917419433594 0.0546875
0.750244140625 0.10791778564453125 0.10277557373046875 0.0390625
0.6899948120117188 0.09768104553222656 0.10294914245605469 0.109375
0.742431640625 0.10797500610351562 0.10271835327148438 0.046875
0.758056640625 0.10892105102539062 0.10177230834960938 0.03125
0.758056640625 0.10673904418945312 0.10395431518554688 0.03125
0.758056640625 0.11058807373046875 0.10010528564453125 0.03125
0.7530269622802734 0.11140823364257812 0.10431480407714844 0.03125
0.7162132263183594 0.10548210144042969 0.10017967224121094 0.078125
0.7474632263183594 0.10534286499023438 0.10031890869140625 0.046875
0.7530269622802734 0.11285400390625 0.10286903381347656 0.03125
0.750244140625 0.10849761962890625 0.10219573974609375 0.0390625
0.758056640625 0.10619163513183594 0.10450172424316406 0.03125
0.758056640625 0.10794258117675781 0.10275077819824219 0.03125
0.750244140625 0.10712623596191406 0.10356712341308594 0.0390625
0.758056640625 0.10622787475585938 0.10446548461914062 0.03125
0.758056640625 0.10730934143066406 0.10338401794433594 0.03125
0.742431640625 0.10690689086914062 0.10378646850585938 0.046875
0.7552757263183594 0.10482215881347656 0.10083961486816406 0.0390625
0.758056640625 0.10772895812988281 0.10296440124511719 0.03125
0.758056640625 0.10701370239257812 0.10367965698242188 0.03125
0.758056640625 0.10585975646972656 0.10483360290527344 0.03125
0.7552757263183594 0.10521697998046875 0.10044479370117188 0.0390625
0.6899948120117188 0.09770584106445312 0.10292434692382812 0.109375
0.7709007263183594 0.10376930236816406 0.10189247131347656 0.0234375
0.7396507263183594 0.10133934020996094 0.10432243347167969 0.0546875
0.7552757263183594 0.10379219055175781 0.10186958312988281 0.0390625
0.7396507263183594 0.10463523864746094 0.10102653503417969 0.0546875
0.7396507263183594 0.10315895080566406 0.10250282287597656 0.0546875
0.758056640625 0.10597419738769531 0.10471916198730469 0.03125
0.7630882263183594 0.10545730590820312 0.1002044677734375 0.03125
0.7396507263183594 0.10127449035644531 0.10438728332519531 0.0546875
0.7709007263183594 0.10487174987792969 0.10079002380371094 0.0234375
0.7396507263183594 0.10150337219238281 0.10415840148925781 0.0546875
0.7709007263183594 0.1031494140625 0.10251235961914062 0.0234375
0.7552757263183594 0.10396766662597656 0.10169410705566406 0.0390625
0.6688079833984375 0.08745956420898438 0.10310745239257812 0.140625
0.7759323120117188 0.09969520568847656 0.10093498229980469 0.0234375
time 30.71
error 41072.1953125
29 self_attn.q_proj
Quantizing the layer self_attn.q_proj ...
0.7708988189697266 0.10242462158203125 0.10323905944824219 0.0234375
0.6375579833984375 0.08621406555175781 0.10435295104980469 0.171875
0.7709007263183594 0.10169601440429688 0.10396575927734375 0.0234375
0.7709007263183594 0.10143661499023438 0.10422515869140625 0.0234375
0.7709007263183594 0.10204315185546875 0.10361862182617188 0.0234375
0.7028388977050781 0.09340095520019531 0.10219764709472656 0.1015625
0.7290573120117188 0.09708404541015625 0.103546142578125 0.0703125
0.7290573120117188 0.09689140319824219 0.10373878479003906 0.0703125
0.7759323120117188 0.10019683837890625 0.100433349609375 0.0234375
0.7709007263183594 0.10151290893554688 0.10414886474609375 0.0234375
0.7759323120117188 0.09980201721191406 0.10082817077636719 0.0234375
0.7340888977050781 0.0947265625 0.10087203979492188 0.0703125
0.7446823120117188 0.09788322448730469 0.10274696350097656 0.0546875
0.5694961547851562 0.07508277893066406 0.10542106628417969 0.25
0.7681198120117188 0.09923934936523438 0.10139083862304688 0.03125
0.5667152404785156 0.07409095764160156 0.10138130187988281 0.2578125
0.7759323120117188 0.09868240356445312 0.10194778442382812 0.0234375
0.7837448120117188 0.09946060180664062 0.10116958618164062 0.015625
0.7837448120117188 0.10006904602050781 0.10056114196777344 0.015625
0.7759323120117188 0.09885978698730469 0.10177040100097656 0.0234375
0.7837448120117188 0.09911537170410156 0.10151481628417969 0.015625
0.7837448120117188 0.0997467041015625 0.10088348388671875 0.015625
0.7759323120117188 0.09808921813964844 0.10254096984863281 0.0234375
0.7419013977050781 0.09480667114257812 0.10079193115234375 0.0625
0.6688079833984375 0.08579063415527344 0.10477638244628906 0.140625
0.7837448120117188 0.09854316711425781 0.10208702087402344 0.015625
0.7837448120117188 0.09741401672363281 0.10321617126464844 0.015625
0.7681198120117188 0.09541130065917969 0.10521888732910156 0.03125
0.7681198120117188 0.09594345092773438 0.10468673706054688 0.03125
0.7419013977050781 0.09210968017578125 0.10348892211914062 0.0625
0.7575263977050781 0.09332656860351562 0.10227203369140625 0.046875
0.7809638977050781 0.09400749206542969 0.10159111022949219 0.0234375
time 11.79
error 180380.734375
29 self_attn.k_proj
Quantizing the layer self_attn.k_proj ...
0.7759246826171875 0.10005569458007812 0.10058212280273438 0.0234375
0.7106513977050781 0.09423828125 0.10136032104492188 0.09375
0.7759323120117188 0.09926986694335938 0.10136032104492188 0.0234375
0.7837448120117188 0.10061836242675781 0.10001182556152344 0.015625
0.7759323120117188 0.09944534301757812 0.10118484497070312 0.0234375
0.7262763977050781 0.0947113037109375 0.10088729858398438 0.078125
0.6922454833984375 0.09020805358886719 0.10035896301269531 0.1171875
0.6007461547851562 0.07854080200195312 0.10196304321289062 0.21875
0.7837448120117188 0.10004806518554688 0.10058212280273438 0.015625
0.7759323120117188 0.09948539733886719 0.10114479064941406 0.0234375
0.7759323120117188 0.09934806823730469 0.10128211975097656 0.0234375
0.7524948120117188 0.09539794921875 0.10523223876953125 0.046875
0.7681198120117188 0.097503662109375 0.10312652587890625 0.03125
0.6007461547851562 0.07725715637207031 0.10324668884277344 0.21875
0.7759323120117188 0.09813308715820312 0.10249710083007812 0.0234375
0.6085586547851562 0.07874679565429688 0.10175704956054688 0.2109375
0.7759323120117188 0.09712982177734375 0.1035003662109375 0.0234375
0.7837448120117188 0.09819984436035156 0.10243034362792969 0.015625
0.7837448120117188 0.09784317016601562 0.10278701782226562 0.015625
0.7759323120117188 0.09696388244628906 0.10366630554199219 0.0234375
0.7837448120117188 0.09671401977539062 0.10391616821289062 0.015625
0.7837448120117188 0.09712982177734375 0.1035003662109375 0.015625
0.7759323120117188 0.09601593017578125 0.1046142578125 0.0234375
0.5745277404785156 0.07229804992675781 0.10317420959472656 0.25
0.5745277404785156 0.07193374633789062 0.10353851318359375 0.25
0.7837448120117188 0.09662437438964844 0.10400581359863281 0.015625
0.7837448120117188 0.09671592712402344 0.10391426086425781 0.015625
0.7731513977050781 0.09442520141601562 0.10117340087890625 0.03125
0.7759323120117188 0.09594917297363281 0.10468101501464844 0.0234375
0.7391204833984375 0.08966445922851562 0.10090255737304688 0.0703125
0.7653388977050781 0.09288787841796875 0.10271072387695312 0.0390625
0.7809638977050781 0.09322166442871094 0.10237693786621094 0.0234375
time 11.95
error 184251.171875
29 self_attn.v_proj
Quantizing the layer self_attn.v_proj ...
0.7323532104492188 0.11818885803222656 0.10258293151855469 0.046875
0.5097770690917969 0.08346366882324219 0.10207176208496094 0.3046875
0.7323703765869141 0.11742401123046875 0.10333061218261719 0.046875
0.7401828765869141 0.11910629272460938 0.10164833068847656 0.0390625
0.7479953765869141 0.11998748779296875 0.10076713562011719 0.03125
0.6983394622802734 0.11322402954101562 0.10249900817871094 0.0859375
0.6118698120117188 0.098724365234375 0.10190582275390625 0.1875
0.5884323120117188 0.09549522399902344 0.10513496398925781 0.2109375
0.6196823120117188 0.09920120239257812 0.10142898559570312 0.1796875
0.656494140625 0.10615730285644531 0.10453605651855469 0.1328125
0.7401828765869141 0.11743354797363281 0.10332107543945312 0.0390625
0.4885902404785156 0.07545661926269531 0.10001564025878906 0.3359375
0.7323703765869141 0.11627388000488281 0.10448074340820312 0.046875
0.5934638977050781 0.09507942199707031 0.10051918029785156 0.2109375
0.7374019622802734 0.11459922790527344 0.10112380981445312 0.046875
0.6615257263183594 0.10412979125976562 0.101531982421875 0.1328125
0.5488395690917969 0.08463859558105469 0.10089683532714844 0.265625
0.6431198120117188 0.09847068786621094 0.10215950012207031 0.15625
0.6353073120117188 0.09844779968261719 0.10218238830566406 0.1640625
0.7374019622802734 0.11363410949707031 0.10208892822265625 0.046875
0.7530269622802734 0.11310958862304688 0.10261344909667969 0.03125
0.7530269622802734 0.11519622802734375 0.10052680969238281 0.03125
0.7530269622802734 0.11390876770019531 0.10181427001953125 0.03125
0.6012763977050781 0.09134864807128906 0.10424995422363281 0.203125
0.6509323120117188 0.09895896911621094 0.10167121887207031 0.1484375
0.742431640625 0.11032295227050781 0.10037040710449219 0.046875
0.7452144622802734 0.11106300354003906 0.1046600341796875 0.0390625
0.6431198120117188 0.09515380859375 0.10547637939453125 0.15625
0.7530269622802734 0.11115837097167969 0.10456466674804688 0.03125
0.6509323120117188 0.0953369140625 0.10529327392578125 0.1484375
0.7084007263183594 0.10288619995117188 0.10277557373046875 0.0859375
0.758056640625 0.10811614990234375 0.10257720947265625 0.03125
time 11.50
error 169401.125
29 self_attn.o_proj
Quantizing the layer self_attn.o_proj ...
0.7323627471923828 0.11888313293457031 0.10187911987304688 0.046875
0.7089328765869141 0.11624717712402344 0.1045074462890625 0.0703125
0.7374019622802734 0.11413764953613281 0.10158538818359375 0.046875
0.648681640625 0.11019325256347656 0.10050010681152344 0.140625
0.6933078765869141 0.11713218688964844 0.1036224365234375 0.0859375
0.6749019622802734 0.11352729797363281 0.10219573974609375 0.109375
0.7011203765869141 0.11634445190429688 0.10441017150878906 0.078125
0.7636203765869141 0.12060546875 0.10014915466308594 0.015625
0.640869140625 0.10846710205078125 0.10222625732421875 0.1484375
0.7273387908935547 0.12149810791015625 0.10428810119628906 0.046875
0.6905269622802734 0.11464118957519531 0.10108184814453125 0.09375
0.6771507263183594 0.1050872802734375 0.10057449340820312 0.1171875
0.7240257263183594 0.10308837890625 0.10257339477539062 0.0703125
0.6302757263183594 0.10280990600585938 0.10285186767578125 0.1640625
0.7323703765869141 0.12020301818847656 0.10055160522460938 0.046875
0.7374000549316406 0.11523628234863281 0.10048866271972656 0.046875
0.7217769622802734 0.11147499084472656 0.104248046875 0.0625
0.5694961547851562 0.07707977294921875 0.103424072265625 0.25
0.7524948120117188 0.09885597229003906 0.10177421569824219 0.046875
0.6459007263183594 0.10529708862304688 0.10036468505859375 0.1484375
0.703369140625 0.107177734375 0.103515625 0.0859375
0.6743698120117188 0.09674263000488281 0.10388755798339844 0.125
0.7318382263183594 0.10057640075683594 0.10508537292480469 0.0625
0.7396507263183594 0.10486030578613281 0.10080146789550781 0.0546875
0.7056198120117188 0.0973968505859375 0.10323333740234375 0.09375
0.7552757263183594 0.10380744934082031 0.10185432434082031 0.0390625
0.765869140625 0.10867118835449219 0.10202217102050781 0.0234375
0.7240257263183594 0.10238265991210938 0.10327911376953125 0.0703125
0.7162132263183594 0.10529136657714844 0.10037040710449219 0.078125
0.7401828765869141 0.11821937561035156 0.10253524780273438 0.0390625
0.7452144622802734 0.11089706420898438 0.10482597351074219 0.0390625
0.7709007263183594 0.10316276550292969 0.10249900817871094 0.0234375
time 11.41
error 8606.26953125
29 mlp.gate_proj
Quantizing the layer mlp.gate_proj ...
0.7401704788208008 0.11858208477497101 0.10218491405248642 0.0390625
0.6799330711364746 0.10926570743322372 0.10142623633146286 0.109375
0.7558075785636902 0.11898449063301086 0.10177044570446014 0.0234375
0.7479950785636902 0.11847704648971558 0.10227788984775543 0.03125
0.604058563709259 0.0975852757692337 0.10304366797208786 0.1953125
0.6537141799926758 0.10500743985176086 0.10065335780382156 0.140625
0.7295886874198914 0.11514211446046829 0.10058167576789856 0.0546875
0.7401825785636902 0.11665663868188858 0.10409829765558243 0.0390625
0.5438090562820435 0.08565361797809601 0.10491233319044113 0.265625
0.6302766799926758 0.10084640234708786 0.10481439530849457 0.1640625
0.7558075785636902 0.11724924296140671 0.1035056859254837 0.0234375
0.7033705711364746 0.10836508125066757 0.10232685506343842 0.0859375
0.7479950785636902 0.11652533710002899 0.10422959178686142 0.03125
0.7217761874198914 0.11264889687299728 0.10307489335536957 0.0625
0.7530261874198914 0.11509740352630615 0.1006263941526413 0.03125
0.7374011874198914 0.11346435546875 0.10225943475961685 0.046875
0.7452136874198914 0.11379791796207428 0.10192587226629257 0.0390625
0.7530261874198914 0.1130882054567337 0.10263558477163315 0.03125
0.7295886874198914 0.11074616014957428 0.10497763007879257 0.0546875
0.6955580711364746 0.10624801367521286 0.10444393008947372 0.09375
0.7530261874198914 0.11253037303686142 0.10319341719150543 0.03125
0.7452136874198914 0.11238913983106613 0.10333465039730072 0.0390625
0.7452136874198914 0.11104068905115128 0.10468310117721558 0.0390625
0.7189955711364746 0.10776253789663315 0.10292940586805344 0.0703125
0.7005891799926758 0.10492440313100815 0.10073639452457428 0.09375
0.7502455711364746 0.11059995740652084 0.10009197890758514 0.0390625
0.7346205711364746 0.10739987343549728 0.1032920628786087 0.0546875
0.7268080711364746 0.10645809024572372 0.10423385351896286 0.0625
0.7580580711364746 0.11008968204259872 0.10060226172208786 0.03125
0.7580580711364746 0.10895200818777084 0.10173992812633514 0.03125
0.7502455711364746 0.10773840546607971 0.10295353084802628 0.0390625
0.7474641799926758 0.10428140312433243 0.10137939453125 0.046875
time 12.95
error 320892.125
29 mlp.up_proj
Quantizing the layer mlp.up_proj ...
0.6224528551101685 0.10430908203125 0.10136307030916214 0.171875
0.5019651651382446 0.08399999141693115 0.10153482109308243 0.3125
0.7585889101028442 0.12432080507278442 0.10146526992321014 0.015625
0.7429631948471069 0.12252452969551086 0.10326226055622101 0.03125
0.7089325785636902 0.11741744726896286 0.10333748906850815 0.0703125
0.5622146725654602 0.09317158162593842 0.10242621600627899 0.2421875
0.6983386874198914 0.11477022618055344 0.10095356404781342 0.0859375
0.7089325785636902 0.11666160076856613 0.10409332811832428 0.0703125
0.4913713335990906 0.07870341092348099 0.10180025547742844 0.328125
0.5438090562820435 0.08919507265090942 0.10137087851762772 0.265625
0.7507764101028442 0.12159338593482971 0.10419268906116486 0.0234375
0.446746826171875 0.06848357617855072 0.10195709764957428 0.3828125
0.7479950785636902 0.120147705078125 0.10060723125934601 0.03125
0.45734068751335144 0.072010837495327 0.10346097499132156 0.3671875
0.7323700785636902 0.117156982421875 0.10359795391559601 0.046875
0.611871063709259 0.098724365234375 0.10190457850694656 0.1875
0.7558075785636902 0.1190185546875 0.10173638164997101 0.0234375
0.7558075785636902 0.11860408633947372 0.10215084999799728 0.0234375
0.7061511874198914 0.11166807264089584 0.10405571758747101 0.078125
0.7558068633079529 0.11890357732772827 0.10185205936431885 0.0234375
0.7452136874198914 0.11527695506811142 0.10044683516025543 0.0390625
0.6799330711364746 0.106669582426548 0.10402236133813858 0.109375
0.7189955711364746 0.11054673045873642 0.10014520585536957 0.0703125
0.7111830711364746 0.10998251289129257 0.10070942342281342 0.078125
0.7479950785636902 0.1158241480588913 0.10493078827857971 0.03125
0.5069963335990906 0.07580495625734329 0.10469871014356613 0.3125
0.7295886874198914 0.11064467579126358 0.10507912188768387 0.0546875
0.7111830711364746 0.10747794061899185 0.10321399569511414 0.078125
0.7530261874198914 0.11258431524038315 0.1031394749879837 0.03125
0.7346205711364746 0.10942751914262772 0.10126442462205887 0.0546875
0.7268080711364746 0.10704785585403442 0.10364408046007156 0.0625
0.7580580711364746 0.10898962616920471 0.10170231014490128 0.03125
time 13.26
error 291567.34375
29 mlp.down_proj
Quantizing the layer mlp.down_proj ...
0.7530117034912109 0.11290550231933594 0.10283279418945312 0.03125
0.7452144622802734 0.11270332336425781 0.10301971435546875 0.0390625
0.711181640625 0.10848045349121094 0.10221290588378906 0.078125
0.7608394622802734 0.11505508422851562 0.10066795349121094 0.0234375
0.7452144622802734 0.11153984069824219 0.10418319702148438 0.0390625
0.750244140625 0.11033058166503906 0.10036277770996094 0.0390625
0.7608394622802734 0.11303520202636719 0.10268783569335938 0.0234375
0.7452144622802734 0.11354446411132812 0.10217857360839844 0.0390625
0.7530269622802734 0.11395454406738281 0.10176849365234375 0.03125
0.726806640625 0.10993003845214844 0.10076332092285156 0.0625
0.718994140625 0.10873794555664062 0.10195541381835938 0.0703125
0.758056640625 0.10965919494628906 0.10103416442871094 0.03125
0.7608394622802734 0.11120223999023438 0.10452079772949219 0.0234375
0.7530269622802734 0.11223220825195312 0.10349082946777344 0.03125
0.734619140625 0.11009979248046875 0.10059356689453125 0.0546875
0.7530269622802734 0.11313629150390625 0.10258674621582031 0.03125
0.750244140625 0.11000442504882812 0.10068893432617188 0.0390625
0.726806640625 0.1083221435546875 0.1023712158203125 0.0625
0.726806640625 0.10672569274902344 0.10396766662597656 0.0625
0.7608394622802734 0.11133193969726562 0.10439109802246094 0.0234375
0.750244140625 0.10969924926757812 0.10099411010742188 0.0390625
0.758056640625 0.10887718200683594 0.10181617736816406 0.03125
0.718994140625 0.10886764526367188 0.10182571411132812 0.0703125
0.742431640625 0.11006546020507812 0.10062789916992188 0.046875
0.742431640625 0.1100921630859375 0.1006011962890625 0.046875
0.734619140625 0.10906982421875 0.10162353515625 0.0546875
0.750244140625 0.11033821105957031 0.10035514831542969 0.0390625
0.7530250549316406 0.111663818359375 0.10406112670898438 0.03125
0.765869140625 0.1103363037109375 0.1003570556640625 0.0234375
0.742431640625 0.10856819152832031 0.10212516784667969 0.046875
0.718994140625 0.10746383666992188 0.10322952270507812 0.0703125
0.765869140625 0.10883522033691406 0.10185813903808594 0.0234375
0.7530269622802734 0.11286354064941406 0.1028594970703125 0.03125
0.742431640625 0.10659408569335938 0.10409927368164062 0.046875
0.758056640625 0.10768318176269531 0.10301017761230469 0.03125
0.742431640625 0.10596847534179688 0.10472488403320312 0.046875
0.7787132263183594 0.10376358032226562 0.101898193359375 0.015625
0.750244140625 0.10992050170898438 0.10077285766601562 0.0390625
0.758056640625 0.10914039611816406 0.10155296325683594 0.03125
0.750244140625 0.11031150817871094 0.10038185119628906 0.0390625
0.773681640625 0.10754966735839844 0.10314369201660156 0.015625
0.742431640625 0.10845565795898438 0.10223770141601562 0.046875
0.750244140625 0.10934066772460938 0.10135269165039062 0.0390625
0.758056640625 0.10884284973144531 0.10185050964355469 0.03125
0.7240257263183594 0.1032257080078125 0.10243606567382812 0.0703125
0.765869140625 0.1074066162109375 0.1032867431640625 0.0234375
0.7240257263183594 0.10353851318359375 0.10212326049804688 0.0703125
0.765869140625 0.10791587829589844 0.10277748107910156 0.0234375
0.7474632263183594 0.10442733764648438 0.10123443603515625 0.046875
0.7084007263183594 0.10245132446289062 0.10321044921875 0.0859375
0.758056640625 0.11005401611328125 0.10063934326171875 0.03125
0.7709007263183594 0.10363960266113281 0.10202217102050781 0.0234375
0.7552757263183594 0.10514068603515625 0.10052108764648438 0.0390625
0.7240257263183594 0.10444450378417969 0.10121726989746094 0.0703125
0.758056640625 0.10609054565429688 0.10460281372070312 0.03125
0.7630882263183594 0.10391616821289062 0.10174560546875 0.03125
0.742431640625 0.10660934448242188 0.10408401489257812 0.046875
0.7396507263183594 0.10413169860839844 0.10153007507324219 0.0546875
0.7474632263183594 0.10546684265136719 0.10019493103027344 0.046875
0.7474632263183594 0.10475349426269531 0.10090827941894531 0.046875
0.7552757263183594 0.10484504699707031 0.10081672668457031 0.0390625
0.7630882263183594 0.10368156433105469 0.10198020935058594 0.03125
0.765869140625 0.10728263854980469 0.10341072082519531 0.0234375
0.7552757263183594 0.10322380065917969 0.10243797302246094 0.0390625
0.7474632263183594 0.10399627685546875 0.10166549682617188 0.046875
0.7709007263183594 0.10169029235839844 0.10397148132324219 0.0234375
0.7552757263183594 0.102752685546875 0.10290908813476562 0.0390625
0.7474632263183594 0.10091018676757812 0.1047515869140625 0.046875
0.7630882263183594 0.10396194458007812 0.1016998291015625 0.03125
0.7474632263183594 0.1033172607421875 0.10234451293945312 0.046875
0.7709007263183594 0.10271835327148438 0.10294342041015625 0.0234375
0.7552757263183594 0.10254478454589844 0.10311698913574219 0.0390625
0.7709007263183594 0.10504531860351562 0.100616455078125 0.0234375
0.7552757263183594 0.10185432434082031 0.10380744934082031 0.0390625
0.7474632263183594 0.10165977478027344 0.10400199890136719 0.046875
0.7759323120117188 0.09827613830566406 0.10235404968261719 0.0234375
0.7552757263183594 0.10306549072265625 0.10259628295898438 0.0390625
0.7709007263183594 0.10223388671875 0.10342788696289062 0.0234375
0.7552757263183594 0.10185813903808594 0.10380363464355469 0.0390625
0.7681198120117188 0.09693336486816406 0.10369682312011719 0.03125
0.7759323120117188 0.09807205200195312 0.10255813598632812 0.0234375
0.7709007263183594 0.10360908508300781 0.10205268859863281 0.0234375
0.7837448120117188 0.09986114501953125 0.10076904296875 0.015625
0.7759323120117188 0.0972137451171875 0.10341644287109375 0.0234375
0.7681198120117188 0.09879684448242188 0.10183334350585938 0.03125
0.7709007263183594 0.10189247131347656 0.10376930236816406 0.0234375
time 31.18
error 60628.1796875
30 self_attn.q_proj
Quantizing the layer self_attn.q_proj ...
0.7658672332763672 0.10917472839355469 0.10152053833007812 0.0234375
0.6481513977050781 0.09353065490722656 0.10206794738769531 0.15625
0.765869140625 0.10764122009277344 0.10305213928222656 0.0234375
0.765869140625 0.10750579833984375 0.10318756103515625 0.0234375
0.765869140625 0.1077423095703125 0.1029510498046875 0.0234375
0.6141204833984375 0.08870315551757812 0.10186386108398438 0.1953125
0.6665573120117188 0.09576416015625 0.10486602783203125 0.1328125
0.6899948120117188 0.097869873046875 0.10276031494140625 0.109375
0.758056640625 0.10593795776367188 0.10475540161132812 0.03125
0.765869140625 0.10721015930175781 0.10348320007324219 0.0234375
0.765869140625 0.10625457763671875 0.10443878173828125 0.0234375
0.7474632263183594 0.10390663146972656 0.10175514221191406 0.046875
0.7552757263183594 0.105316162109375 0.10034561157226562 0.0390625
0.6375579833984375 0.08976936340332031 0.10079765319824219 0.171875
0.7630882263183594 0.10562515258789062 0.10003662109375 0.03125
0.5694961547851562 0.08009147644042969 0.10041236877441406 0.25
0.765869140625 0.10625457763671875 0.10443878173828125 0.0234375
0.7787132263183594 0.10527420043945312 0.1003875732421875 0.015625
0.7709007263183594 0.10556983947753906 0.10009193420410156 0.0234375
0.7709007263183594 0.10453414916992188 0.10112762451171875 0.0234375
0.7709007263183594 0.10372352600097656 0.10193824768066406 0.0234375
0.7709007263183594 0.10457801818847656 0.10108375549316406 0.0234375
0.7709007263183594 0.10450553894042969 0.10115623474121094 0.0234375
0.4674034118652344 0.062137603759765625 0.103271484375 0.3671875
0.6715888977050781 0.09113883972167969 0.10445976257324219 0.1328125
0.7787132263183594 0.10363960266113281 0.10202217102050781 0.015625
0.7787132263183594 0.10274505615234375 0.10291671752929688 0.015625
0.7552757263183594 0.100799560546875 0.10486221313476562 0.0390625
0.7630882263183594 0.100860595703125 0.10480117797851562 0.03125
0.7368698120117188 0.09895706176757812 0.10167312622070312 0.0625
0.7106513977050781 0.09323692321777344 0.10236167907714844 0.09375
0.7681198120117188 0.0983428955078125 0.10228729248046875 0.03125
time 11.76
error 189158.34375
30 self_attn.k_proj
Quantizing the layer self_attn.k_proj ...
0.7658596038818359 0.10744285583496094 0.10326004028320312 0.0234375
0.6481513977050781 0.09253692626953125 0.10306167602539062 0.15625
0.765869140625 0.10618400573730469 0.10450935363769531 0.0234375
0.773681640625 0.10827064514160156 0.10242271423339844 0.015625
0.765869140625 0.10652732849121094 0.10416603088378906 0.0234375
0.6297454833984375 0.0901947021484375 0.100372314453125 0.1796875
0.5644645690917969 0.08014678955078125 0.10538864135742188 0.25
0.6637763977050781 0.09372901916503906 0.10186958312988281 0.140625
0.765869140625 0.10664558410644531 0.10404777526855469 0.0234375
0.7630882263183594 0.10510635375976562 0.100555419921875 0.03125
0.7709007263183594 0.10558700561523438 0.10007476806640625 0.0234375
0.6191520690917969 0.08545684814453125 0.10007858276367188 0.1953125
0.7630882263183594 0.10440635681152344 0.10125541687011719 0.03125
0.5382461547851562 0.0745391845703125 0.10596466064453125 0.28125
0.7630882263183594 0.10391998291015625 0.10174179077148438 0.03125
0.501434326171875 0.06853103637695312 0.10190963745117188 0.328125
0.7709007263183594 0.10396385192871094 0.10169792175292969 0.0234375
0.7787132263183594 0.1041412353515625 0.10152053833007812 0.015625
0.7787132263183594 0.10480880737304688 0.10085296630859375 0.015625
0.7630882263183594 0.10319328308105469 0.10246849060058594 0.03125
0.7709007263183594 0.10215568542480469 0.10350608825683594 0.0234375
0.7787132263183594 0.10420036315917969 0.10146141052246094 0.015625
0.7709007263183594 0.10300636291503906 0.10265541076660156 0.0234375
0.6609954833984375 0.08910942077636719 0.10145759582519531 0.1484375
0.6950263977050781 0.0934906005859375 0.10210800170898438 0.109375
0.7787132263183594 0.10211753845214844 0.10354423522949219 0.015625
0.7787132263183594 0.10188674926757812 0.1037750244140625 0.015625
0.7446823120117188 0.09784889221191406 0.10278129577636719 0.0546875
0.7681198120117188 0.100433349609375 0.10019683837890625 0.03125
0.7524948120117188 0.09803390502929688 0.10259628295898438 0.046875
0.7340888977050781 0.09484672546386719 0.10075187683105469 0.0703125
0.7759323120117188 0.0986175537109375 0.10201263427734375 0.0234375
time 11.67
error 195976.3125
30 self_attn.v_proj
Quantizing the layer self_attn.v_proj ...
0.6224422454833984 0.10351181030273438 0.10217094421386719 0.171875
0.5700263977050781 0.09379005432128906 0.10180854797363281 0.234375
0.7558078765869141 0.12055206298828125 0.10020256042480469 0.0234375
0.5622138977050781 0.0922393798828125 0.10335922241210938 0.2421875
0.7323703765869141 0.11828994750976562 0.10246467590332031 0.046875
0.4417152404785156 0.07003402709960938 0.105438232421875 0.3828125
0.5962448120117188 0.09595870971679688 0.10467147827148438 0.203125
0.679931640625 0.10954666137695312 0.10114669799804688 0.109375
0.5700263977050781 0.09172630310058594 0.10387229919433594 0.234375
0.6302757263183594 0.10229110717773438 0.10337066650390625 0.1640625
0.7217769622802734 0.11466217041015625 0.10106086730957031 0.0625
0.6196823120117188 0.09793853759765625 0.102691650390625 0.1796875
0.672119140625 0.10750198364257812 0.10319137573242188 0.1171875
0.6224632263183594 0.10068321228027344 0.10497856140136719 0.171875
0.7374019622802734 0.11520195007324219 0.10052108764648438 0.046875
0.6693382263183594 0.10547447204589844 0.10018730163574219 0.125
0.703369140625 0.10972023010253906 0.10097312927246094 0.0859375
0.6274948120117188 0.09703826904296875 0.1035919189453125 0.171875
0.4651527404785156 0.06850051879882812 0.10697174072265625 0.359375
0.6431198120117188 0.10024261474609375 0.1003875732421875 0.15625
0.7374000549316406 0.11113739013671875 0.10458755493164062 0.046875
0.7452144622802734 0.11448478698730469 0.10123825073242188 0.0390625
0.7374019622802734 0.11180686950683594 0.10391616821289062 0.046875
0.5488395690917969 0.08374214172363281 0.10179328918457031 0.265625
0.5148086547851562 0.07729339599609375 0.10321044921875 0.3046875
0.734619140625 0.11000442504882812 0.10068893432617188 0.0546875
0.7374019622802734 0.11067008972167969 0.10505294799804688 0.046875
0.5566520690917969 0.08224105834960938 0.10329437255859375 0.2578125
0.734619140625 0.10864448547363281 0.10204887390136719 0.0546875
0.6431198120117188 0.09533309936523438 0.10529708862304688 0.15625
0.6665573120117188 0.09712409973144531 0.10350608825683594 0.1328125
0.750244140625 0.10709571838378906 0.10359764099121094 0.0390625
time 11.32
error 183709.03125
30 self_attn.o_proj
Quantizing the layer self_attn.o_proj ...
0.7273216247558594 0.12185096740722656 0.10395240783691406 0.046875
0.5544013977050781 0.09327316284179688 0.102325439453125 0.25
0.7167453765869141 0.11737442016601562 0.10338020324707031 0.0625
0.7401828765869141 0.11972427368164062 0.10103034973144531 0.0390625
0.7295894622802734 0.11444664001464844 0.10127639770507812 0.0546875
0.640869140625 0.10774040222167969 0.10295295715332031 0.1484375
0.7323703765869141 0.11855506896972656 0.10219955444335938 0.046875
0.5465888977050781 0.09312057495117188 0.10247802734375 0.2578125
0.656494140625 0.106201171875 0.1044921875 0.1328125
0.672119140625 0.11039924621582031 0.10029411315917969 0.1171875
0.6224632263183594 0.10350799560546875 0.10215377807617188 0.171875
0.7558078765869141 0.11687278747558594 0.1038818359375 0.0234375
0.5019645690917969 0.08227348327636719 0.10326194763183594 0.3125
0.726806640625 0.10931968688964844 0.10137367248535156 0.0625
0.664306640625 0.10808753967285156 0.10260581970214844 0.125
0.7630882263183594 0.10505485534667969 0.10060691833496094 0.03125
0.7479953765869141 0.12072372436523438 0.10003089904785156 0.03125
0.7507743835449219 0.12175941467285156 0.10402870178222656 0.0234375
0.5644645690917969 0.08119010925292969 0.10434532165527344 0.25
0.726806640625 0.10690689086914062 0.10378646850585938 0.0625
0.6693382263183594 0.10057830810546875 0.10508346557617188 0.125
0.7401828765869141 0.11790657043457031 0.10284805297851562 0.0390625
0.6559638977050781 0.09552192687988281 0.10007667541503906 0.1484375
0.7162132263183594 0.10555458068847656 0.10010719299316406 0.078125
0.7530269622802734 0.11541938781738281 0.10030364990234375 0.03125
0.7374019622802734 0.11121749877929688 0.10450553894042969 0.046875
0.7630882263183594 0.10443496704101562 0.101226806640625 0.03125
0.7603073120117188 0.10027122497558594 0.10035896301269531 0.0390625
0.7474632263183594 0.10227012634277344 0.10339164733886719 0.046875
0.7474632263183594 0.10349464416503906 0.10216712951660156 0.046875
0.7709007263183594 0.10459518432617188 0.10106658935546875 0.0234375
0.742431640625 0.11023902893066406 0.10045433044433594 0.046875
time 11.43
error 9061.5810546875
30 mlp.gate_proj
Quantizing the layer mlp.gate_proj ...
0.5359958410263062 0.08731008321046829 0.10325658321380615 0.2734375
0.5856521725654602 0.09477056562900543 0.10082723945379257 0.21875
0.7558075785636902 0.11804837733507156 0.10270655155181885 0.0234375
0.7323700785636902 0.11613144725561142 0.10462348163127899 0.046875
0.5097776651382446 0.08139108866453171 0.10414371639490128 0.3046875
0.5516215562820435 0.08829516172409058 0.10227078944444656 0.2578125
0.5097776651382446 0.08092410117387772 0.10461071133613586 0.3046875
0.4913713335990906 0.07779143750667572 0.1027122288942337 0.328125
0.6537141799926758 0.10215865820646286 0.10350213944911957 0.140625
0.5359965562820435 0.08500564843416214 0.105560302734375 0.2734375
0.7295886874198914 0.11321879178285599 0.10250499844551086 0.0546875
0.5594340562820435 0.08612202107906342 0.10444393008947372 0.25
0.7295886874198914 0.11228836327791214 0.10343542695045471 0.0546875
0.48077818751335144 0.0743202418088913 0.10115157812833786 0.34375
0.7268080711364746 0.11024084687232971 0.10045108944177628 0.0625
0.7452136874198914 0.11292426288127899 0.10279952734708786 0.0390625
0.7686511874198914 0.11518256366252899 0.10054122656583786 0.015625
0.7530261874198914 0.11251404881477356 0.10320974141359329 0.03125
0.5828715562820435 0.0884605199098587 0.10210543125867844 0.2265625
0.7452136874198914 0.11215706914663315 0.1035667210817337 0.0390625
0.7162141799926758 0.10553900897502899 0.10012178868055344 0.078125
0.7033705711364746 0.10584915429353714 0.10484278202056885 0.0859375
0.7005891799926758 0.10382931679487228 0.10183148086071014 0.09375
0.658746063709259 0.09769244492053986 0.10293649882078171 0.140625
0.7530261874198914 0.11102862656116486 0.104695163667202 0.03125
0.7608386874198914 0.11146438866853714 0.10425940155982971 0.0234375
0.7658705711364746 0.11052118241786957 0.10017075389623642 0.0234375
0.7005891799926758 0.10153908282518387 0.10412171483039856 0.09375
0.5722776651382446 0.08290915936231613 0.10262564569711685 0.2421875
0.7502455711364746 0.10717418789863586 0.10351775586605072 0.0390625
0.6637771725654602 0.09474927186965942 0.10084853321313858 0.140625
0.6794021725654602 0.09461230039596558 0.10098550468683243 0.125
time 13.15
error 338445.875
30 mlp.up_proj
Quantizing the layer mlp.up_proj ...
0.5387672781944275 0.08983452618122101 0.10577321797609329 0.265625
0.6330580711364746 0.10562985390424728 0.1050620824098587 0.15625
0.7585889101028442 0.12353799492120743 0.10224808007478714 0.015625
0.7167450785636902 0.11784682422876358 0.10290811210870743 0.0625
0.5203715562820435 0.08546625077724457 0.10509970039129257 0.2890625
0.5203715562820435 0.08556702733039856 0.10499892383813858 0.2890625
0.5359958410263062 0.08724762499332428 0.10331903398036957 0.2734375
0.580621063709259 0.09516232460737228 0.10546661913394928 0.21875
0.5516208410263062 0.08918655663728714 0.10138010233640671 0.2578125
0.5438090562820435 0.08826535195112228 0.10230059921741486 0.265625
0.596246063709259 0.09688053280115128 0.10374841094017029 0.203125
0.6302766799926758 0.10157456248998642 0.10408623516559601 0.1640625
0.611871063709259 0.09869030117988586 0.1019386500120163 0.1875
0.5516215562820435 0.08875221759080887 0.10181374102830887 0.2578125
0.596246063709259 0.09539794921875 0.10523099452257156 0.203125
0.47296568751335144 0.07284687459468842 0.10262493789196014 0.3515625
0.7636200785636902 0.11978362500667572 0.10097131133079529 0.015625
0.7479950785636902 0.11703207343816757 0.10372286289930344 0.03125
0.7401818633079529 0.11594266444444656 0.10481297969818115 0.0390625
0.7479950785636902 0.11734079569578171 0.1034141331911087 0.03125
0.6615266799926758 0.10172431170940399 0.10393648594617844 0.1328125
0.5672465562820435 0.08810566365718842 0.10246028751134872 0.2421875
0.5906840562820435 0.09024686366319656 0.10031908750534058 0.21875
0.6537141799926758 0.10078678280115128 0.10487401485443115 0.140625
0.7295886874198914 0.11199241131544113 0.10373137891292572 0.0546875
0.7608386874198914 0.11549625545740128 0.10022753477096558 0.0234375
0.6693391799926758 0.10140423476696014 0.10425656288862228 0.125
0.6169021725654602 0.092732273042202 0.10286553204059601 0.1875
0.666558563709259 0.099162258207798 0.10146668553352356 0.1328125
0.7268080711364746 0.10745949298143387 0.10323245078325272 0.0625
0.6247146725654602 0.09167977422475815 0.10391803085803986 0.1796875
0.682183563709259 0.09833899140357971 0.10228995233774185 0.1171875
time 13.14
error 301272.375
30 mlp.down_proj
Quantizing the layer mlp.down_proj ...
0.765869140625 0.10978507995605469 0.10090827941894531 0.0234375
0.750244140625 0.10924530029296875 0.10144805908203125 0.0390625
0.7686519622802734 0.11154365539550781 0.10417938232421875 0.015625
0.7084007263183594 0.10507583618164062 0.1005859375 0.0859375
0.758056640625 0.10805130004882812 0.10264205932617188 0.03125
0.7709007263183594 0.10526084899902344 0.10040092468261719 0.0234375
0.773681640625 0.10918426513671875 0.10150909423828125 0.015625
0.765869140625 0.11013984680175781 0.10055351257324219 0.0234375
0.765869140625 0.10951042175292969 0.10118293762207031 0.0234375
0.750244140625 0.11034393310546875 0.10034942626953125 0.0390625
0.742431640625 0.10700035095214844 0.10369300842285156 0.046875
0.758056640625 0.10754013061523438 0.10315322875976562 0.03125
0.750244140625 0.11059761047363281 0.10009574890136719 0.0390625
0.765869140625 0.10863113403320312 0.10206222534179688 0.0234375
0.765869140625 0.10682487487792969 0.10386848449707031 0.0234375
0.7474632263183594 0.10552978515625 0.10013198852539062 0.046875
0.750244140625 0.10745620727539062 0.10323715209960938 0.0390625
0.7240257263183594 0.105133056640625 0.10052871704101562 0.0703125
0.773681640625 0.11035346984863281 0.10033988952636719 0.015625
0.765869140625 0.10629653930664062 0.10439682006835938 0.0234375
0.7686519622802734 0.11234474182128906 0.1033782958984375 0.015625
0.726806640625 0.10675430297851562 0.10393905639648438 0.0625
0.7709007263183594 0.10543441772460938 0.10022735595703125 0.0234375
0.758056640625 0.10659408569335938 0.10409927368164062 0.03125
0.758056640625 0.10997962951660156 0.10071372985839844 0.03125
0.734619140625 0.10840988159179688 0.10228347778320312 0.0546875
0.765869140625 0.10781288146972656 0.10288047790527344 0.0234375
0.750244140625 0.10687446594238281 0.10381889343261719 0.0390625
0.7787132263183594 0.10325241088867188 0.10240936279296875 0.015625
0.7787132263183594 0.10258674621582031 0.10307502746582031 0.015625
0.765869140625 0.11023330688476562 0.10046005249023438 0.0234375
0.7396507263183594 0.10466194152832031 0.10099983215332031 0.0546875
0.6899948120117188 0.09581947326660156 0.10481071472167969 0.109375
0.7709007263183594 0.10335540771484375 0.10230636596679688 0.0234375
0.7787132263183594 0.10487747192382812 0.1007843017578125 0.015625
0.742431640625 0.10596847534179688 0.10472488403320312 0.046875
0.7709007263183594 0.10533905029296875 0.10032272338867188 0.0234375
0.7787132263183594 0.10148239135742188 0.10417938232421875 0.015625
0.7709007263183594 0.10224151611328125 0.10342025756835938 0.0234375
0.7630882263183594 0.10360527038574219 0.10205650329589844 0.03125
0.758056640625 0.10645675659179688 0.10423660278320312 0.03125
0.758056640625 0.10674095153808594 0.10395240783691406 0.03125
0.758056640625 0.1062164306640625 0.1044769287109375 0.03125
0.7787132263183594 0.10479545593261719 0.10086631774902344 0.015625
0.7552757263183594 0.10343742370605469 0.10222434997558594 0.0390625
0.7837448120117188 0.09910011291503906 0.10153007507324219 0.015625
0.6637763977050781 0.09068107604980469 0.10491752624511719 0.140625
0.7759323120117188 0.09909248352050781 0.10153770446777344 0.0234375
0.7446823120117188 0.09926414489746094 0.10136604309082031 0.0546875
0.7787132263183594 0.10318756103515625 0.10247421264648438 0.015625
0.7759323120117188 0.09987068176269531 0.10075950622558594 0.0234375
0.7681198120117188 0.09973335266113281 0.10089683532714844 0.03125
0.6899948120117188 0.09581947326660156 0.10481071472167969 0.109375
0.758056640625 0.10655975341796875 0.10413360595703125 0.03125
0.7787132263183594 0.10256385803222656 0.10309791564941406 0.015625
0.7837448120117188 0.10039138793945312 0.10023880004882812 0.015625
0.7709007263183594 0.10131263732910156 0.10434913635253906 0.0234375
0.7759323120117188 0.09888839721679688 0.10174179077148438 0.0234375
0.7731513977050781 0.09526634216308594 0.10033226013183594 0.03125
0.7787132263183594 0.10133934020996094 0.10432243347167969 0.015625
0.7681198120117188 0.09808921813964844 0.10254096984863281 0.03125
0.7474632263183594 0.10106468200683594 0.10459709167480469 0.046875
0.7446823120117188 0.09611320495605469 0.10451698303222656 0.0546875
0.7759323120117188 0.09683036804199219 0.10379981994628906 0.0234375
0.7759323120117188 0.09970664978027344 0.10092353820800781 0.0234375
0.7759323120117188 0.09716606140136719 0.10346412658691406 0.0234375
0.7837448120117188 0.0981597900390625 0.10247039794921875 0.015625
0.7709007263183594 0.10167312622070312 0.1039886474609375 0.0234375
0.7759323120117188 0.09941673278808594 0.10121345520019531 0.0234375
0.7837448120117188 0.10025215148925781 0.10037803649902344 0.015625
0.7759323120117188 0.09839248657226562 0.10223770141601562 0.0234375
0.7759323120117188 0.09802436828613281 0.10260581970214844 0.0234375
0.7731513977050781 0.09208297729492188 0.103515625 0.03125
0.7759323120117188 0.10008811950683594 0.10054206848144531 0.0234375
0.7603073120117188 0.09958457946777344 0.10104560852050781 0.0390625
0.7603073120117188 0.09621429443359375 0.1044158935546875 0.0390625
0.7787132263183594 0.10284233093261719 0.10281944274902344 0.015625
0.7809638977050781 0.09390449523925781 0.10169410705566406 0.0234375
0.7603073120117188 0.098663330078125 0.10196685791015625 0.0390625
0.7759323120117188 0.09874534606933594 0.10188484191894531 0.0234375
0.7603073120117188 0.09709548950195312 0.10353469848632812 0.0390625
0.7837448120117188 0.09697151184082031 0.10365867614746094 0.015625
0.7837448120117188 0.09751701354980469 0.10311317443847656 0.015625
0.7809638977050781 0.09364509582519531 0.10195350646972656 0.0234375
0.7837448120117188 0.09867286682128906 0.10195732116699219 0.015625
0.7887763977050781 0.09414291381835938 0.1014556884765625 0.015625
time 31.02
error 120216.9296875
31 self_attn.q_proj
Quantizing the layer self_attn.q_proj ...
0.7507724761962891 0.12286949157714844 0.1029205322265625 0.0234375
0.5309638977050781 0.09456062316894531 0.10103797912597656 0.2734375
0.7507762908935547 0.12245941162109375 0.10332679748535156 0.0234375
0.7507762908935547 0.12199783325195312 0.10378837585449219 0.0234375
0.7507762908935547 0.122467041015625 0.10331916809082031 0.0234375
0.6827144622802734 0.11394500732421875 0.10177803039550781 0.1015625
0.5990257263183594 0.103485107421875 0.10217666625976562 0.1953125
0.7089328765869141 0.11736488342285156 0.10338973999023438 0.0703125
0.7507762908935547 0.12228202819824219 0.10350418090820312 0.0234375
0.7558078765869141 0.12038612365722656 0.10036849975585938 0.0234375
0.7585887908935547 0.1225128173828125 0.10327339172363281 0.015625
0.7401828765869141 0.11972618103027344 0.1010284423828125 0.0390625
0.7401828765869141 0.1196746826171875 0.10107994079589844 0.0390625
0.7089328765869141 0.11744117736816406 0.10331344604492188 0.0703125
0.7507762908935547 0.12207984924316406 0.10370635986328125 0.0234375
0.7401828765869141 0.11861801147460938 0.10213661193847656 0.0390625
0.7558078765869141 0.11922073364257812 0.10153388977050781 0.0234375
0.7636203765869141 0.12003707885742188 0.10071754455566406 0.015625
0.7636203765869141 0.12006950378417969 0.10068511962890625 0.015625
0.7558078765869141 0.11960220336914062 0.10115242004394531 0.0234375
0.7558078765869141 0.11809730529785156 0.10265731811523438 0.0234375
0.7636203765869141 0.119964599609375 0.10079002380371094 0.015625
0.7558078765869141 0.11766242980957031 0.10309219360351562 0.0234375
0.7061519622802734 0.11350631713867188 0.10221672058105469 0.078125
0.6983394622802734 0.11264610290527344 0.10307693481445312 0.0859375
0.7636203765869141 0.1197967529296875 0.10095787048339844 0.015625
0.7636203765869141 0.11878204345703125 0.10197257995605469 0.015625
0.7479953765869141 0.11765098571777344 0.1031036376953125 0.03125
0.7479953765869141 0.11741065979003906 0.10334396362304688 0.03125
0.7530250549316406 0.11552238464355469 0.10020256042480469 0.03125
0.679931640625 0.10666847229003906 0.10402488708496094 0.109375
0.7530269622802734 0.1141510009765625 0.10157203674316406 0.03125
time 11.33
error 145768.8125
31 self_attn.k_proj
Quantizing the layer self_attn.k_proj ...
0.7558059692382812 0.11835289001464844 0.10240364074707031 0.0234375
0.6459007263183594 0.10544776916503906 0.10021400451660156 0.1484375
0.7636203765869141 0.11716079711914062 0.10359382629394531 0.015625
0.7636203765869141 0.11867141723632812 0.10208320617675781 0.015625
0.7558078765869141 0.11816787719726562 0.10258674621582031 0.0234375
0.664306640625 0.10846519470214844 0.10222816467285156 0.125
0.6380882263183594 0.10394668579101562 0.101715087890625 0.15625
0.7217769622802734 0.11329460144042969 0.10242843627929688 0.0625
0.7636203765869141 0.11858177185058594 0.1021728515625 0.015625
0.7558078765869141 0.11702537536621094 0.103729248046875 0.0234375
0.7636203765869141 0.11792373657226562 0.10283088684082031 0.015625
0.7452144622802734 0.11480331420898438 0.10091972351074219 0.0390625
0.7530269622802734 0.11553764343261719 0.10018539428710938 0.03125
0.5962448120117188 0.09866905212402344 0.10196113586425781 0.203125
0.7530269622802734 0.11537933349609375 0.10034370422363281 0.03125
0.6302757263183594 0.10243415832519531 0.10322761535644531 0.1640625
0.7608394622802734 0.11549949645996094 0.10022354125976562 0.0234375
0.7636203765869141 0.11755180358886719 0.10320281982421875 0.015625
0.7636203765869141 0.1171875 0.10356712341308594 0.015625
0.7608394622802734 0.1157073974609375 0.10001564025878906 0.0234375
0.7608394622802734 0.11459732055664062 0.10112571716308594 0.0234375
0.7686519622802734 0.11544609069824219 0.10027694702148438 0.015625
0.7608394622802734 0.1147308349609375 0.10099220275878906 0.0234375
0.695556640625 0.10856056213378906 0.10213279724121094 0.09375
0.6040573120117188 0.09811973571777344 0.10251045227050781 0.1953125
0.7686500549316406 0.11537551879882812 0.10034942626953125 0.015625
0.7686519622802734 0.11481094360351562 0.10091209411621094 0.015625
0.7295894622802734 0.11208534240722656 0.1036376953125 0.0546875
0.7608394622802734 0.11414146423339844 0.10158157348632812 0.0234375
0.7530269622802734 0.11359786987304688 0.10212516784667969 0.03125
0.742431640625 0.11052703857421875 0.10016632080078125 0.046875
0.7608394622802734 0.111968994140625 0.10375404357910156 0.0234375
time 11.34
error 157655.9375
31 self_attn.v_proj
Quantizing the layer self_attn.v_proj ...
0.7250843048095703 0.13291358947753906 0.10293960571289062 0.0390625
0.554931640625 0.10813522338867188 0.10255813598632812 0.234375
0.7117137908935547 0.12510108947753906 0.10068511962890625 0.0625
0.7223072052001953 0.12972068786621094 0.10109710693359375 0.046875
0.7329006195068359 0.13198089599609375 0.10386848449707031 0.03125
0.6386203765869141 0.11862754821777344 0.1021270751953125 0.140625
0.6570262908935547 0.12157058715820312 0.10421562194824219 0.1171875
0.570556640625 0.108917236328125 0.101776123046875 0.21875
0.570556640625 0.10880661010742188 0.10188674926757812 0.21875
0.7144947052001953 0.12909698486328125 0.10172080993652344 0.0546875
0.7301197052001953 0.12903594970703125 0.10178184509277344 0.0390625
0.4316520690917969 0.08491325378417969 0.10062217712402344 0.3828125
0.7144947052001953 0.12861061096191406 0.10220718383789062 0.0546875
0.4840888977050781 0.09463691711425781 0.10096168518066406 0.3203125
0.7223072052001953 0.12835121154785156 0.10246658325195312 0.046875
0.6280269622802734 0.11498260498046875 0.10074043273925781 0.15625
0.7379322052001953 0.12967300415039062 0.10114479064941406 0.03125
0.7301177978515625 0.1277484893798828 0.10307121276855469 0.0390625
0.7379322052001953 0.12926101684570312 0.10155677795410156 0.03125
0.7485256195068359 0.13212203979492188 0.10372734069824219 0.015625
0.7429637908935547 0.12558746337890625 0.10019874572753906 0.03125
0.7301197052001953 0.1278972625732422 0.1029205322265625 0.0390625
0.7301177978515625 0.1271343231201172 0.10368537902832031 0.0390625
0.6202144622802734 0.11244392395019531 0.10327911376953125 0.1640625
0.5443382263183594 0.10137176513671875 0.10429000854492188 0.25
0.7379322052001953 0.12728500366210938 0.10353279113769531 0.03125
0.7457447052001953 0.12666893005371094 0.10414886474609375 0.0234375
0.6514644622802734 0.11383438110351562 0.10188865661621094 0.1328125
0.7379322052001953 0.1267681121826172 0.1040496826171875 0.03125
0.5571823120117188 0.09899520874023438 0.10163497924804688 0.2421875
0.633056640625 0.1097259521484375 0.1009674072265625 0.15625
0.7351512908935547 0.12249565124511719 0.10329055786132812 0.0390625
time 11.37
error 113540.203125
31 self_attn.o_proj
Quantizing the layer self_attn.o_proj ...
0.4371986389160156 0.09330940246582031 0.10230445861816406 0.3671875
0.6832447052001953 0.13067054748535156 0.10014724731445312 0.0859375
0.6910572052001953 0.12701797485351562 0.10379981994628906 0.078125
0.6023387908935547 0.12148857116699219 0.10429763793945312 0.171875
0.7066822052001953 0.12772750854492188 0.10309028625488281 0.0625
0.5839328765869141 0.11684989929199219 0.10390472412109375 0.1953125
0.6988697052001953 0.12857437133789062 0.10224342346191406 0.0703125
0.6754322052001953 0.1271381378173828 0.10367965698242188 0.09375
0.6754322052001953 0.126922607421875 0.10389518737792969 0.09375
0.6988697052001953 0.13040542602539062 0.10041236877441406 0.0703125
0.7379322052001953 0.12853240966796875 0.10228538513183594 0.03125
0.578369140625 0.10950469970703125 0.10118865966796875 0.2109375
0.47124481201171875 0.09650993347167969 0.10412025451660156 0.328125
0.7016506195068359 0.13251304626464844 0.10333633422851562 0.0625
0.7379322052001953 0.12850189208984375 0.10231590270996094 0.03125
0.7507762908935547 0.12540054321289062 0.10038566589355469 0.0234375
0.531494140625 0.10865592956542969 0.10203742980957031 0.2578125
0.6570262908935547 0.12461662292480469 0.10116958618164062 0.1171875
0.7407131195068359 0.1342296600341797 0.10161972045898438 0.0234375
0.6910572052001953 0.12923622131347656 0.10158157348632812 0.078125
0.6308078765869141 0.11792755126953125 0.10282707214355469 0.1484375
0.6988697052001953 0.1268157958984375 0.10400199890136719 0.0703125
0.7608394622802734 0.11480331420898438 0.10091972351074219 0.0234375
0.6910572052001953 0.13065147399902344 0.10016632080078125 0.078125
0.5755882263183594 0.10287666320800781 0.10278511047363281 0.21875
0.6073703765869141 0.11843490600585938 0.10231971740722656 0.171875
0.5024948120117188 0.1002044677734375 0.10042572021484375 0.296875
0.6151828765869141 0.11880111694335938 0.10195350646972656 0.1640625
0.7011203765869141 0.11932182312011719 0.10143280029296875 0.078125
0.7223072052001953 0.1301422119140625 0.10067558288574219 0.046875
0.7585887908935547 0.12299537658691406 0.10279083251953125 0.015625
0.7351512908935547 0.1254730224609375 0.10031318664550781 0.0390625
time 11.32
error 24828.27734375
31 mlp.gate_proj
Quantizing the layer mlp.gate_proj ...
0.7066742777824402 0.12797865271568298 0.10284707695245743 0.0625
0.6386200785636902 0.11857214570045471 0.1021827906370163 0.140625
0.7379320859909058 0.12928523123264313 0.10153269022703171 0.03125
0.5705580711364746 0.10896123945713043 0.10173070430755615 0.21875
0.6804639101028442 0.12333359569311142 0.10245247930288315 0.09375
0.6464325785636902 0.11848059296607971 0.1022743433713913 0.1328125
0.7144945859909058 0.1276053488254547 0.10321258008480072 0.0546875
0.6882764101028442 0.12391982227563858 0.10186625272035599 0.0859375
0.5705580711364746 0.10734167695045471 0.10335025936365128 0.21875
0.6726506948471069 0.12190069258213043 0.10388609021902084 0.1015625
0.7301195859909058 0.128225639462471 0.10259228944778442 0.0390625
0.7379320859909058 0.1293746531009674 0.10144326835870743 0.03125
0.7223070859909058 0.1278494894504547 0.10296843945980072 0.046875
0.6202136874198914 0.11375391483306885 0.101969875395298 0.1640625
0.7379320859909058 0.12853649258613586 0.10228143632411957 0.03125
0.7301195859909058 0.12744140625 0.10337652266025543 0.0390625
0.7223070859909058 0.12688854336738586 0.10392938554286957 0.046875
0.7117139101028442 0.12360257655382156 0.102183498442173 0.0625
0.6464318633079529 0.11652462929487228 0.10423101484775543 0.1328125
0.7457445859909058 0.12870469689369202 0.10211323201656342 0.0234375
0.7429639101028442 0.12512774765491486 0.10065832734107971 0.03125
0.7039014101028442 0.12255078554153442 0.10323528945446014 0.0703125
0.7351514101028442 0.12468630820512772 0.10109976679086685 0.0390625
0.7351514101028442 0.12520581483840942 0.10058026015758514 0.0390625
0.6358386874198914 0.11282135546207428 0.10290243476629257 0.1484375
0.7351514101028442 0.12416821718215942 0.10161785781383514 0.0390625
0.7089325785636902 0.12063456326723099 0.10012036561965942 0.0703125
0.7429631948471069 0.12437545508146286 0.10141132771968842 0.03125
0.7429639101028442 0.123942531645298 0.10184354335069656 0.03125
0.7429639101028442 0.12389639765024185 0.10188967734575272 0.03125
0.7089325785636902 0.11850614100694656 0.10224878787994385 0.0703125
0.7479950785636902 0.12020803242921829 0.10054690390825272 0.03125
time 12.93
error 304164.1875
31 mlp.up_proj
Quantizing the layer mlp.up_proj ...
0.5471077561378479 0.1087646484375 0.10194006562232971 0.2421875
0.48687106370925903 0.09939007461071014 0.10123886913061142 0.3125
0.7407134175300598 0.134002685546875 0.10184638202190399 0.0234375
0.4684647023677826 0.09516161680221558 0.10043618828058243 0.3359375
0.6988695859909058 0.129647895693779 0.10117002576589584 0.0703125
0.6832445859909058 0.12750527262687683 0.103312648832798 0.0859375
0.6832445859909058 0.1268608570098877 0.10395706444978714 0.0859375
0.7250884175300598 0.13278411328792572 0.10306496173143387 0.0390625
0.6832445859909058 0.12684808671474457 0.10396984219551086 0.0859375
0.6229950785636902 0.11793411523103714 0.10282082110643387 0.15625
0.7407134175300598 0.13322129845619202 0.10262777656316757 0.0234375
0.7407134175300598 0.13332633674144745 0.10252273827791214 0.0234375
0.6910570859909058 0.12725688517093658 0.10356104373931885 0.078125
0.6229950785636902 0.11734363436698914 0.10341129451990128 0.15625
0.7329009175300598 0.13243280351161957 0.10341626405715942 0.03125
0.7407127022743225 0.13271810114383698 0.10313167423009872 0.0234375
0.7329009175300598 0.13194523751735687 0.10390383750200272 0.03125
0.7407134175300598 0.13195304572582245 0.10389602929353714 0.0234375
0.49468356370925903 0.09573577344417572 0.10489317029714584 0.3046875
0.7407134175300598 0.13229866325855255 0.10355039685964584 0.0234375
0.7379320859909058 0.12945769727230072 0.10136023163795471 0.03125
0.7039014101028442 0.12521007657051086 0.1005759984254837 0.0703125
0.6620575785636902 0.11932870000600815 0.10142623633146286 0.1171875
0.7301195859909058 0.12897437810897827 0.10184354335069656 0.0390625
0.6464325785636902 0.1178383082151413 0.10291662812232971 0.1328125
0.7301195859909058 0.1280510425567627 0.10276687890291214 0.0390625
0.7379320859909058 0.12798433005809784 0.102833591401577 0.03125
0.7379320859909058 0.12759895622730255 0.10321896523237228 0.03125
0.7457445859909058 0.12823769450187683 0.102580226957798 0.0234375
0.7039006948471069 0.12203198671340942 0.10375479608774185 0.0703125
0.6698700785636902 0.11663818359375 0.10411675274372101 0.109375
0.7507756948471069 0.12445423007011414 0.10133255273103714 0.0234375
time 13.01
error 270090.8125
31 mlp.down_proj
Quantizing the layer mlp.down_proj ...
0.7429542541503906 0.12330245971679688 0.1024932861328125 0.03125
0.7479953765869141 0.12051200866699219 0.10024261474609375 0.03125
0.7535572052001953 0.1273040771484375 0.10351371765136719 0.015625
0.7636184692382812 0.12048149108886719 0.10027503967285156 0.015625
0.7429637908935547 0.12403106689453125 0.10175514221191406 0.03125
0.7507762908935547 0.12277030944824219 0.10301589965820312 0.0234375
0.7608394622802734 0.11551475524902344 0.10020828247070312 0.0234375
0.7507762908935547 0.12396812438964844 0.10181808471679688 0.0234375
0.7558078765869141 0.1198883056640625 0.10086631774902344 0.0234375
0.7507762908935547 0.12286186218261719 0.10292434692382812 0.0234375
0.7558078765869141 0.11924171447753906 0.10151290893554688 0.0234375
0.7585887908935547 0.12240982055664062 0.10337638854980469 0.015625
0.7686519622802734 0.11541938781738281 0.10030364990234375 0.015625
0.7323703765869141 0.11964607238769531 0.10110855102539062 0.046875
0.7351512908935547 0.12211799621582031 0.103668212890625 0.0390625
0.7507762908935547 0.12482261657714844 0.10096359252929688 0.0234375
0.7558078765869141 0.11782646179199219 0.10292816162109375 0.0234375
0.7429637908935547 0.12262344360351562 0.10316276550292969 0.03125
0.7479953765869141 0.11937522888183594 0.10137939453125 0.03125
0.7636203765869141 0.11895370483398438 0.10180091857910156 0.015625
0.7452144622802734 0.11276054382324219 0.10296249389648438 0.0390625
0.7585868835449219 0.12378883361816406 0.10199928283691406 0.015625
0.7636203765869141 0.11760139465332031 0.10315322875976562 0.015625
0.7273387908935547 0.12499427795410156 0.10079193115234375 0.046875
0.7530250549316406 0.11540031433105469 0.10032463073730469 0.03125
0.7686519622802734 0.1124725341796875 0.10325050354003906 0.015625
0.7558078765869141 0.12043380737304688 0.10032081604003906 0.0234375
0.7608394622802734 0.11535453796386719 0.10036849975585938 0.0234375
0.7636203765869141 0.11888313293457031 0.10187149047851562 0.015625
0.7686519622802734 0.115509033203125 0.10021400451660156 0.015625
0.7558078765869141 0.11977386474609375 0.10098075866699219 0.0234375
0.7479953765869141 0.11957168579101562 0.10118293762207031 0.03125
0.7558078765869141 0.1171722412109375 0.10358238220214844 0.0234375
0.7636203765869141 0.11809921264648438 0.10265541076660156 0.015625
0.7089328765869141 0.11879730224609375 0.10195732116699219 0.0703125
0.7558078765869141 0.12012100219726562 0.10063362121582031 0.0234375
0.7636203765869141 0.11954689025878906 0.10120773315429688 0.015625
0.7608394622802734 0.11554336547851562 0.10017967224121094 0.0234375
0.7558078765869141 0.11724662780761719 0.10350799560546875 0.0234375
0.7507762908935547 0.1228485107421875 0.10293769836425781 0.0234375
0.7452144622802734 0.11395645141601562 0.10176658630371094 0.0390625
0.7608394622802734 0.1156005859375 0.10012245178222656 0.0234375
0.7608394622802734 0.11350631713867188 0.10221672058105469 0.0234375
0.7530269622802734 0.11403274536132812 0.10169029235839844 0.03125
0.7089328765869141 0.11952018737792969 0.10123443603515625 0.0703125
0.7636203765869141 0.12022590637207031 0.10052871704101562 0.015625
0.7479953765869141 0.11957359313964844 0.1011810302734375 0.03125
0.773681640625 0.10946846008300781 0.10122489929199219 0.015625
0.7686519622802734 0.11522865295410156 0.100494384765625 0.015625
0.7401828765869141 0.117767333984375 0.10298728942871094 0.0390625
0.7479953765869141 0.11725616455078125 0.10349845886230469 0.03125
0.765869140625 0.10873031616210938 0.10196304321289062 0.0234375
0.7323703765869141 0.11813926696777344 0.1026153564453125 0.046875
0.7608394622802734 0.11428070068359375 0.10144233703613281 0.0234375
0.7479953765869141 0.11684989929199219 0.10390472412109375 0.03125
0.7479953765869141 0.11785125732421875 0.10290336608886719 0.03125
0.7530269622802734 0.11295318603515625 0.10276985168457031 0.03125
0.7530269622802734 0.11241340637207031 0.10330963134765625 0.03125
0.7608394622802734 0.11440086364746094 0.10132217407226562 0.0234375
0.765869140625 0.10876846313476562 0.10192489624023438 0.0234375
0.7608394622802734 0.11311149597167969 0.10261154174804688 0.0234375
0.765869140625 0.1104583740234375 0.1002349853515625 0.0234375
0.687744140625 0.10819435119628906 0.10249900817871094 0.1015625
0.7608394622802734 0.11374855041503906 0.1019744873046875 0.0234375
0.7452144622802734 0.11431884765625 0.10140419006347656 0.0390625
0.7636203765869141 0.11844253540039062 0.10231208801269531 0.015625
0.7608394622802734 0.11422348022460938 0.10149955749511719 0.0234375
0.7630882263183594 0.10292434692382812 0.1027374267578125 0.03125
0.7787132263183594 0.10534858703613281 0.10031318664550781 0.015625
0.758056640625 0.10971260070800781 0.10098075866699219 0.03125
0.758056640625 0.11031913757324219 0.10037422180175781 0.03125
0.7709007263183594 0.10401153564453125 0.10165023803710938 0.0234375
0.7787132263183594 0.1038818359375 0.10177993774414062 0.015625
0.7608394622802734 0.11478233337402344 0.10094070434570312 0.0234375
0.7787132263183594 0.10512542724609375 0.10053634643554688 0.015625
0.765869140625 0.10949516296386719 0.10119819641113281 0.0234375
0.7474632263183594 0.10304069519042969 0.10262107849121094 0.046875
0.7608394622802734 0.11396408081054688 0.10175895690917969 0.0234375
0.7709007263183594 0.10322189331054688 0.10243988037109375 0.0234375
0.7709007263183594 0.10359382629394531 0.10206794738769531 0.0234375
0.773681640625 0.10854148864746094 0.10215187072753906 0.015625
0.765869140625 0.10748291015625 0.10321044921875 0.0234375
0.695556640625 0.10737800598144531 0.10331535339355469 0.09375
0.7809638977050781 0.09391593933105469 0.10168266296386719 0.0234375
0.7809638977050781 0.09296607971191406 0.10263252258300781 0.0234375
0.7882461547851562 0.07982063293457031 0.10068321228027344 0.03125
time 30.89
error 463273.375
quantization time: 3437.3635518550873 s
wikitext2
Evaluating ...
0
1
2
3
4
5
6
7
8
9
10
11
12
13
14
15
16
17
18
19
20
21
22
23
24
25
26
27
28
29
30
31
Perplexity: 20.604595
